year,age,sex,cause,deaths
2005,15,Female,Alcohol-induced,1
2005,15,Female,Cancer,55
2005,15,Female,Chronic lower respiratory disease,1
2005,15,Female,Diabetes,3
2005,15,Female,Drug overdose,18
2005,15,Female,Heart disease,24
2005,15,Female,Homicide,34
2005,15,Female,Other causes,116
2005,15,Female,Other unintentional injury,183
2005,15,Female,Stroke,8
2005,15,Female,Suicide,48
2005,15,Male,Cancer,74
2005,15,Male,Chronic lower respiratory disease,8
2005,15,Male,Diabetes,5
2005,15,Male,Drug overdose,27
2005,15,Male,Heart disease,47
2005,15,Male,Homicide,143
2005,15,Male,Other causes,296
2005,15,Male,Other unintentional injury,301
2005,15,Male,Stroke,3
2005,15,Male,Suicide,130
2005,16,Female,Alcohol-induced,1
2005,16,Female,Cancer,52
2005,16,Female,Chronic lower respiratory disease,1
2005,16,Female,Diabetes,4
2005,16,Female,Drug overdose,19
2005,16,Female,Heart disease,15
2005,16,Female,Homicide,31
2005,16,Female,Other causes,164
2005,16,Female,Other unintentional injury,341
2005,16,Female,Stroke,9
2005,16,Female,Suicide,46
2005,16,Male,Alcohol-induced,6
2005,16,Male,Cancer,75
2005,16,Male,Chronic lower respiratory disease,5
2005,16,Male,Diabetes,5
2005,16,Male,Drug overdose,53
2005,16,Male,Heart disease,38
2005,16,Male,Homicide,228
2005,16,Male,Other causes,290
2005,16,Male,Other unintentional injury,573
2005,16,Male,Stroke,6
2005,16,Male,Suicide,166
2005,17,Female,Alcohol-induced,1
2005,17,Female,Cancer,59
2005,17,Female,Chronic lower respiratory disease,7
2005,17,Female,Diabetes,3
2005,17,Female,Drug overdose,37
2005,17,Female,Heart disease,27
2005,17,Female,Homicide,44
2005,17,Female,Other causes,167
2005,17,Female,Other unintentional injury,402
2005,17,Female,Stroke,6
2005,17,Female,Suicide,63
2005,17,Male,Alcohol-induced,5
2005,17,Male,Cancer,82
2005,17,Male,Chronic lower respiratory disease,10
2005,17,Male,Diabetes,7
2005,17,Male,Drug overdose,86
2005,17,Male,Heart disease,45
2005,17,Male,Homicide,355
2005,17,Male,Other causes,368
2005,17,Male,Other unintentional injury,739
2005,17,Male,Stroke,6
2005,17,Male,Suicide,254
2005,18,Female,Alcohol-induced,2
2005,18,Female,Cancer,54
2005,18,Female,Chronic lower respiratory disease,7
2005,18,Female,Diabetes,11
2005,18,Female,Drug overdose,51
2005,18,Female,Heart disease,21
2005,18,Female,Homicide,66
2005,18,Female,Other causes,172
2005,18,Female,Other unintentional injury,473
2005,18,Female,Stroke,9
2005,18,Female,Suicide,46
2005,18,Male,Alcohol-induced,12
2005,18,Male,Cancer,106
2005,18,Male,Chronic lower respiratory disease,10
2005,18,Male,Diabetes,15
2005,18,Male,Drug overdose,140
2005,18,Male,Heart disease,55
2005,18,Male,Homicide,506
2005,18,Male,Other causes,403
2005,18,Male,Other unintentional injury,983
2005,18,Male,Stroke,9
2005,18,Male,Suicide,324
2005,19,Female,Alcohol-induced,2
2005,19,Female,Cancer,71
2005,19,Female,Chronic lower respiratory disease,1
2005,19,Female,Diabetes,6
2005,19,Female,Drug overdose,75
2005,19,Female,Heart disease,35
2005,19,Female,Homicide,84
2005,19,Female,Other causes,203
2005,19,Female,Other unintentional injury,387
2005,19,Female,Stroke,12
2005,19,Female,Suicide,68
2005,19,Male,Alcohol-induced,10
2005,19,Male,Cancer,108
2005,19,Male,Chronic lower respiratory disease,10
2005,19,Male,Diabetes,8
2005,19,Male,Drug overdose,243
2005,19,Male,Heart disease,84
2005,19,Male,Homicide,586
2005,19,Male,Other causes,457
2005,19,Male,Other unintentional injury,1052
2005,19,Male,Stroke,10
2005,19,Male,Suicide,386
2005,20,Female,Alcohol-induced,1
2005,20,Female,Cancer,66
2005,20,Female,Chronic lower respiratory disease,6
2005,20,Female,Diabetes,5
2005,20,Female,Drug overdose,99
2005,20,Female,Heart disease,31
2005,20,Female,Homicide,87
2005,20,Female,Other causes,228
2005,20,Female,Other unintentional injury,341
2005,20,Female,Stroke,12
2005,20,Female,Suicide,61
2005,20,Male,Alcohol-induced,13
2005,20,Male,Cancer,97
2005,20,Male,Chronic lower respiratory disease,11
2005,20,Male,Diabetes,18
2005,20,Male,Drug overdose,249
2005,20,Male,Heart disease,74
2005,20,Male,Homicide,586
2005,20,Male,Other causes,465
2005,20,Male,Other unintentional injury,1041
2005,20,Male,Stroke,6
2005,20,Male,Suicide,395
2005,21,Female,Alcohol-induced,2
2005,21,Female,Cancer,89
2005,21,Female,Chronic lower respiratory disease,6
2005,21,Female,Diabetes,13
2005,21,Female,Drug overdose,85
2005,21,Female,Heart disease,41
2005,21,Female,Homicide,84
2005,21,Female,Other causes,260
2005,21,Female,Other unintentional injury,314
2005,21,Female,Stroke,7
2005,21,Female,Suicide,66
2005,21,Male,Alcohol-induced,22
2005,21,Male,Cancer,118
2005,21,Male,Chronic lower respiratory disease,14
2005,21,Male,Diabetes,12
2005,21,Male,Drug overdose,321
2005,21,Male,Heart disease,81
2005,21,Male,Homicide,622
2005,21,Male,Other causes,498
2005,21,Male,Other unintentional injury,1109
2005,21,Male,Stroke,13
2005,21,Male,Suicide,443
2005,22,Female,Alcohol-induced,4
2005,22,Female,Cancer,77
2005,22,Female,Chronic lower respiratory disease,6
2005,22,Female,Diabetes,12
2005,22,Female,Drug overdose,104
2005,22,Female,Heart disease,39
2005,22,Female,Homicide,93
2005,22,Female,Other causes,267
2005,22,Female,Other unintentional injury,321
2005,22,Female,Stroke,10
2005,22,Female,Suicide,65
2005,22,Male,Alcohol-induced,20
2005,22,Male,Cancer,134
2005,22,Male,Chronic lower respiratory disease,11
2005,22,Male,Diabetes,13
2005,22,Male,Drug overdose,329
2005,22,Male,Heart disease,99
2005,22,Male,Homicide,594
2005,22,Male,Other causes,557
2005,22,Male,Other unintentional injury,1044
2005,22,Male,Stroke,12
2005,22,Male,Suicide,413
2005,23,Female,Alcohol-induced,2
2005,23,Female,Cancer,75
2005,23,Female,Chronic lower respiratory disease,10
2005,23,Female,Diabetes,16
2005,23,Female,Drug overdose,100
2005,23,Female,Heart disease,56
2005,23,Female,Homicide,90
2005,23,Female,Other causes,309
2005,23,Female,Other unintentional injury,274
2005,23,Female,Stroke,12
2005,23,Female,Suicide,68
2005,23,Male,Alcohol-induced,20
2005,23,Male,Cancer,124
2005,23,Male,Chronic lower respiratory disease,5
2005,23,Male,Diabetes,19
2005,23,Male,Drug overdose,350
2005,23,Male,Heart disease,125
2005,23,Male,Homicide,574
2005,23,Male,Other causes,561
2005,23,Male,Other unintentional injury,968
2005,23,Male,Stroke,12
2005,23,Male,Suicide,453
2005,24,Female,Alcohol-induced,6
2005,24,Female,Cancer,88
2005,24,Female,Chronic lower respiratory disease,8
2005,24,Female,Diabetes,14
2005,24,Female,Drug overdose,147
2005,24,Female,Heart disease,62
2005,24,Female,Homicide,85
2005,24,Female,Other causes,295
2005,24,Female,Other unintentional injury,263
2005,24,Female,Stroke,19
2005,24,Female,Suicide,55
2005,24,Male,Alcohol-induced,20
2005,24,Male,Cancer,126
2005,24,Male,Chronic lower respiratory disease,11
2005,24,Male,Diabetes,13
2005,24,Male,Drug overdose,390
2005,24,Male,Heart disease,124
2005,24,Male,Homicide,583
2005,24,Male,Other causes,516
2005,24,Male,Other unintentional injury,918
2005,24,Male,Stroke,17
2005,24,Male,Suicide,405
2005,25,Female,Alcohol-induced,6
2005,25,Female,Cancer,113
2005,25,Female,Chronic lower respiratory disease,7
2005,25,Female,Diabetes,13
2005,25,Female,Drug overdose,116
2005,25,Female,Heart disease,62
2005,25,Female,Homicide,84
2005,25,Female,Other causes,326
2005,25,Female,Other unintentional injury,252
2005,25,Female,Stroke,16
2005,25,Female,Suicide,71
2005,25,Male,Alcohol-induced,25
2005,25,Male,Cancer,154
2005,25,Male,Chronic lower respiratory disease,13
2005,25,Male,Diabetes,29
2005,25,Male,Drug overdose,372
2005,25,Male,Heart disease,135
2005,25,Male,Homicide,557
2005,25,Male,Other causes,567
2005,25,Male,Other unintentional injury,799
2005,25,Male,Stroke,17
2005,25,Male,Suicide,423
2005,26,Female,Alcohol-induced,11
2005,26,Female,Cancer,105
2005,26,Female,Chronic lower respiratory disease,4
2005,26,Female,Diabetes,15
2005,26,Female,Drug overdose,129
2005,26,Female,Heart disease,64
2005,26,Female,Homicide,80
2005,26,Female,Other causes,341
2005,26,Female,Other unintentional injury,212
2005,26,Female,Stroke,16
2005,26,Female,Suicide,59
2005,26,Male,Alcohol-induced,23
2005,26,Male,Cancer,143
2005,26,Male,Chronic lower respiratory disease,14
2005,26,Male,Diabetes,13
2005,26,Male,Drug overdose,403
2005,26,Male,Heart disease,139
2005,26,Male,Homicide,560
2005,26,Male,Other causes,564
2005,26,Male,Other unintentional injury,729
2005,26,Male,Stroke,20
2005,26,Male,Suicide,394
2005,27,Female,Alcohol-induced,10
2005,27,Female,Cancer,112
2005,27,Female,Chronic lower respiratory disease,7
2005,27,Female,Diabetes,24
2005,27,Female,Drug overdose,149
2005,27,Female,Heart disease,72
2005,27,Female,Homicide,76
2005,27,Female,Other causes,321
2005,27,Female,Other unintentional injury,172
2005,27,Female,Stroke,19
2005,27,Female,Suicide,61
2005,27,Male,Alcohol-induced,35
2005,27,Male,Cancer,150
2005,27,Male,Chronic lower respiratory disease,5
2005,27,Male,Diabetes,18
2005,27,Male,Drug overdose,341
2005,27,Male,Heart disease,195
2005,27,Male,Homicide,447
2005,27,Male,Other causes,551
2005,27,Male,Other unintentional injury,749
2005,27,Male,Stroke,27
2005,27,Male,Suicide,389
2005,28,Female,Alcohol-induced,4
2005,28,Female,Cancer,125
2005,28,Female,Chronic lower respiratory disease,14
2005,28,Female,Diabetes,19
2005,28,Female,Drug overdose,154
2005,28,Female,Heart disease,88
2005,28,Female,Homicide,75
2005,28,Female,Other causes,362
2005,28,Female,Other unintentional injury,210
2005,28,Female,Stroke,12
2005,28,Female,Suicide,66
2005,28,Male,Alcohol-induced,29
2005,28,Male,Cancer,146
2005,28,Male,Chronic lower respiratory disease,15
2005,28,Male,Diabetes,26
2005,28,Male,Drug overdose,376
2005,28,Male,Heart disease,167
2005,28,Male,Homicide,423
2005,28,Male,Other causes,569
2005,28,Male,Other unintentional injury,650
2005,28,Male,Stroke,23
2005,28,Male,Suicide,343
2005,29,Female,Alcohol-induced,10
2005,29,Female,Cancer,135
2005,29,Female,Chronic lower respiratory disease,10
2005,29,Female,Diabetes,21
2005,29,Female,Drug overdose,159
2005,29,Female,Heart disease,81
2005,29,Female,Homicide,80
2005,29,Female,Other causes,364
2005,29,Female,Other unintentional injury,171
2005,29,Female,Stroke,22
2005,29,Female,Suicide,52
2005,29,Male,Alcohol-induced,42
2005,29,Male,Cancer,159
2005,29,Male,Chronic lower respiratory disease,11
2005,29,Male,Diabetes,32
2005,29,Male,Drug overdose,321
2005,29,Male,Heart disease,178
2005,29,Male,Homicide,365
2005,29,Male,Other causes,553
2005,29,Male,Other unintentional injury,597
2005,29,Male,Stroke,25
2005,29,Male,Suicide,333
2005,30,Female,Alcohol-induced,11
2005,30,Female,Cancer,186
2005,30,Female,Chronic lower respiratory disease,13
2005,30,Female,Diabetes,22
2005,30,Female,Drug overdose,168
2005,30,Female,Heart disease,103
2005,30,Female,Homicide,71
2005,30,Female,Other causes,359
2005,30,Female,Other unintentional injury,204
2005,30,Female,Stroke,25
2005,30,Female,Suicide,70
2005,30,Male,Alcohol-induced,42
2005,30,Male,Cancer,154
2005,30,Male,Chronic lower respiratory disease,15
2005,30,Male,Diabetes,42
2005,30,Male,Drug overdose,336
2005,30,Male,Heart disease,213
2005,30,Male,Homicide,392
2005,30,Male,Other causes,615
2005,30,Male,Other unintentional injury,562
2005,30,Male,Stroke,25
2005,30,Male,Suicide,360
2005,31,Female,Alcohol-induced,20
2005,31,Female,Cancer,202
2005,31,Female,Chronic lower respiratory disease,14
2005,31,Female,Diabetes,25
2005,31,Female,Drug overdose,138
2005,31,Female,Heart disease,107
2005,31,Female,Homicide,81
2005,31,Female,Other causes,408
2005,31,Female,Other unintentional injury,191
2005,31,Female,Stroke,28
2005,31,Female,Suicide,74
2005,31,Male,Alcohol-induced,40
2005,31,Male,Cancer,173
2005,31,Male,Chronic lower respiratory disease,15
2005,31,Male,Diabetes,45
2005,31,Male,Drug overdose,354
2005,31,Male,Heart disease,225
2005,31,Male,Homicide,334
2005,31,Male,Other causes,617
2005,31,Male,Other unintentional injury,625
2005,31,Male,Stroke,38
2005,31,Male,Suicide,351
2005,32,Female,Alcohol-induced,23
2005,32,Female,Alzheimer disease,1
2005,32,Female,Cancer,227
2005,32,Female,Chronic lower respiratory disease,16
2005,32,Female,Diabetes,33
2005,32,Female,Drug overdose,191
2005,32,Female,Heart disease,138
2005,32,Female,Homicide,53
2005,32,Female,Other causes,496
2005,32,Female,Other unintentional injury,200
2005,32,Female,Stroke,39
2005,32,Female,Suicide,83
2005,32,Male,Alcohol-induced,46
2005,32,Male,Cancer,217
2005,32,Male,Chronic lower respiratory disease,15
2005,32,Male,Diabetes,52
2005,32,Male,Drug overdose,384
2005,32,Male,Heart disease,259
2005,32,Male,Homicide,329
2005,32,Male,Other causes,684
2005,32,Male,Other unintentional injury,568
2005,32,Male,Stroke,41
2005,32,Male,Suicide,385
2005,33,Female,Alcohol-induced,17
2005,33,Female,Cancer,281
2005,33,Female,Chronic lower respiratory disease,18
2005,33,Female,Diabetes,30
2005,33,Female,Drug overdose,212
2005,33,Female,Heart disease,161
2005,33,Female,Homicide,74
2005,33,Female,Other causes,496
2005,33,Female,Other unintentional injury,199
2005,33,Female,Stroke,33
2005,33,Female,Suicide,69
2005,33,Male,Alcohol-induced,54
2005,33,Male,Cancer,222
2005,33,Male,Chronic lower respiratory disease,12
2005,33,Male,Diabetes,57
2005,33,Male,Drug overdose,372
2005,33,Male,Heart disease,302
2005,33,Male,Homicide,317
2005,33,Male,Other causes,744
2005,33,Male,Other unintentional injury,585
2005,33,Male,Stroke,44
2005,33,Male,Suicide,406
2005,34,Female,Alcohol-induced,24
2005,34,Female,Alzheimer disease,1
2005,34,Female,Cancer,315
2005,34,Female,Chronic lower respiratory disease,25
2005,34,Female,Diabetes,44
2005,34,Female,Drug overdose,240
2005,34,Female,Heart disease,172
2005,34,Female,Homicide,73
2005,34,Female,Other causes,552
2005,34,Female,Other unintentional injury,210
2005,34,Female,Stroke,39
2005,34,Female,Suicide,63
2005,34,Male,Alcohol-induced,72
2005,34,Male,Cancer,292
2005,34,Male,Chronic lower respiratory disease,15
2005,34,Male,Diabetes,60
2005,34,Male,Drug overdose,442
2005,34,Male,Heart disease,390
2005,34,Male,Homicide,301
2005,34,Male,Other causes,872
2005,34,Male,Other unintentional injury,587
2005,34,Male,Stroke,48
2005,34,Male,Suicide,425
2005,35,Female,Alcohol-induced,35
2005,35,Female,Cancer,405
2005,35,Female,Chronic lower respiratory disease,19
2005,35,Female,Diabetes,48
2005,35,Female,Drug overdose,216
2005,35,Female,Heart disease,205
2005,35,Female,Homicide,81
2005,35,Female,Other causes,579
2005,35,Female,Other unintentional injury,206
2005,35,Female,Stroke,50
2005,35,Female,Suicide,91
2005,35,Male,Alcohol-induced,109
2005,35,Male,Cancer,295
2005,35,Male,Chronic lower respiratory disease,19
2005,35,Male,Diabetes,55
2005,35,Male,Drug overdose,431
2005,35,Male,Heart disease,449
2005,35,Male,Homicide,259
2005,35,Male,Other causes,909
2005,35,Male,Other unintentional injury,592
2005,35,Male,Stroke,51
2005,35,Male,Suicide,432
2005,36,Female,Alcohol-induced,44
2005,36,Female,Cancer,454
2005,36,Female,Chronic lower respiratory disease,23
2005,36,Female,Diabetes,64
2005,36,Female,Drug overdose,243
2005,36,Female,Heart disease,217
2005,36,Female,Homicide,82
2005,36,Female,Other causes,585
2005,36,Female,Other unintentional injury,232
2005,36,Female,Stroke,55
2005,36,Female,Suicide,78
2005,36,Male,Alcohol-induced,110
2005,36,Male,Cancer,305
2005,36,Male,Chronic lower respiratory disease,18
2005,36,Male,Diabetes,74
2005,36,Male,Drug overdose,420
2005,36,Male,Heart disease,461
2005,36,Male,Homicide,224
2005,36,Male,Other causes,1002
2005,36,Male,Other unintentional injury,581
2005,36,Male,Stroke,54
2005,36,Male,Suicide,366
2005,37,Female,Alcohol-induced,52
2005,37,Female,Cancer,446
2005,37,Female,Chronic lower respiratory disease,20
2005,37,Female,Diabetes,59
2005,37,Female,Drug overdose,266
2005,37,Female,Heart disease,238
2005,37,Female,Homicide,83
2005,37,Female,Other causes,671
2005,37,Female,Other unintentional injury,194
2005,37,Female,Stroke,68
2005,37,Female,Suicide,73
2005,37,Male,Alcohol-induced,141
2005,37,Male,Cancer,334
2005,37,Male,Chronic lower respiratory disease,31
2005,37,Male,Diabetes,88
2005,37,Male,Drug overdose,452
2005,37,Male,Heart disease,560
2005,37,Male,Homicide,248
2005,37,Male,Other causes,1066
2005,37,Male,Other unintentional injury,578
2005,37,Male,Stroke,87
2005,37,Male,Suicide,382
2005,38,Female,Alcohol-induced,64
2005,38,Female,Alzheimer disease,1
2005,38,Female,Cancer,559
2005,38,Female,Chronic lower respiratory disease,32
2005,38,Female,Diabetes,56
2005,38,Female,Drug overdose,294
2005,38,Female,Heart disease,253
2005,38,Female,Homicide,74
2005,38,Female,Other causes,734
2005,38,Female,Other unintentional injury,215
2005,38,Female,Stroke,70
2005,38,Female,Suicide,65
2005,38,Male,Alcohol-induced,146
2005,38,Male,Alzheimer disease,1
2005,38,Male,Cancer,438
2005,38,Male,Chronic lower respiratory disease,19
2005,38,Male,Diabetes,95
2005,38,Male,Drug overdose,483
2005,38,Male,Heart disease,617
2005,38,Male,Homicide,208
2005,38,Male,Other causes,1186
2005,38,Male,Other unintentional injury,572
2005,38,Male,Stroke,65
2005,38,Male,Suicide,420
2005,39,Female,Alcohol-induced,89
2005,39,Female,Alzheimer disease,1
2005,39,Female,Cancer,680
2005,39,Female,Chronic lower respiratory disease,43
2005,39,Female,Diabetes,79
2005,39,Female,Drug overdose,290
2005,39,Female,Heart disease,336
2005,39,Female,Homicide,84
2005,39,Female,Other causes,863
2005,39,Female,Other unintentional injury,215
2005,39,Female,Stroke,95
2005,39,Female,Suicide,87
2005,39,Male,Alcohol-induced,195
2005,39,Male,Cancer,482
2005,39,Male,Chronic lower respiratory disease,37
2005,39,Male,Diabetes,146
2005,39,Male,Drug overdose,455
2005,39,Male,Heart disease,743
2005,39,Male,Homicide,246
2005,39,Male,Other causes,1323
2005,39,Male,Other unintentional injury,564
2005,39,Male,Stroke,100
2005,39,Male,Suicide,441
2005,40,Female,Alcohol-induced,93
2005,40,Female,Cancer,800
2005,40,Female,Chronic lower respiratory disease,60
2005,40,Female,Diabetes,66
2005,40,Female,Drug overdose,347
2005,40,Female,Heart disease,360
2005,40,Female,Homicide,69
2005,40,Female,Other causes,950
2005,40,Female,Other unintentional injury,225
2005,40,Female,Stroke,110
2005,40,Female,Suicide,87
2005,40,Male,Alcohol-induced,246
2005,40,Male,Alzheimer disease,1
2005,40,Male,Cancer,610
2005,40,Male,Chronic lower respiratory disease,42
2005,40,Male,Diabetes,145
2005,40,Male,Drug overdose,556
2005,40,Male,Heart disease,904
2005,40,Male,Homicide,247
2005,40,Male,Other causes,1523
2005,40,Male,Other unintentional injury,619
2005,40,Male,Stroke,126
2005,40,Male,Suicide,461
2005,41,Female,Alcohol-induced,108
2005,41,Female,Alzheimer disease,1
2005,41,Female,Cancer,1013
2005,41,Female,Chronic lower respiratory disease,47
2005,41,Female,Diabetes,77
2005,41,Female,Drug overdose,366
2005,41,Female,Heart disease,428
2005,41,Female,Homicide,68
2005,41,Female,Other causes,1022
2005,41,Female,Other unintentional injury,252
2005,41,Female,Stroke,140
2005,41,Female,Suicide,96
2005,41,Male,Alcohol-induced,265
2005,41,Male,Alzheimer disease,2
2005,41,Male,Cancer,741
2005,41,Male,Chronic lower respiratory disease,43
2005,41,Male,Diabetes,144
2005,41,Male,Drug overdose,604
2005,41,Male,Heart disease,985
2005,41,Male,Homicide,259
2005,41,Male,Other causes,1683
2005,41,Male,Other unintentional injury,639
2005,41,Male,Stroke,128
2005,41,Male,Suicide,489
2005,42,Female,Alcohol-induced,119
2005,42,Female,Alzheimer disease,1
2005,42,Female,Cancer,1143
2005,42,Female,Chronic lower respiratory disease,54
2005,42,Female,Diabetes,111
2005,42,Female,Drug overdose,375
2005,42,Female,Heart disease,504
2005,42,Female,Homicide,89
2005,42,Female,Other causes,1135
2005,42,Female,Other unintentional injury,263
2005,42,Female,Stroke,151
2005,42,Female,Suicide,107
2005,42,Male,Alcohol-induced,319
2005,42,Male,Alzheimer disease,1
2005,42,Male,Cancer,903
2005,42,Male,Chronic lower respiratory disease,62
2005,42,Male,Diabetes,149
2005,42,Male,Drug overdose,598
2005,42,Male,Heart disease,1212
2005,42,Male,Homicide,224
2005,42,Male,Other causes,1897
2005,42,Male,Other unintentional injury,722
2005,42,Male,Stroke,155
2005,42,Male,Suicide,521
2005,43,Female,Alcohol-induced,174
2005,43,Female,Cancer,1297
2005,43,Female,Chronic lower respiratory disease,75
2005,43,Female,Diabetes,106
2005,43,Female,Drug overdose,413
2005,43,Female,Heart disease,588
2005,43,Female,Homicide,80
2005,43,Female,Other causes,1224
2005,43,Female,Other unintentional injury,255
2005,43,Female,Stroke,170
2005,43,Female,Suicide,120
2005,43,Male,Alcohol-induced,379
2005,43,Male,Alzheimer disease,1
2005,43,Male,Cancer,1016
2005,43,Male,Chronic lower respiratory disease,70
2005,43,Male,Diabetes,168
2005,43,Male,Drug overdose,626
2005,43,Male,Heart disease,1399
2005,43,Male,Homicide,215
2005,43,Male,Other causes,2018
2005,43,Male,Other unintentional injury,667
2005,43,Male,Stroke,179
2005,43,Male,Suicide,480
2005,44,Female,Alcohol-induced,169
2005,44,Female,Cancer,1465
2005,44,Female,Chronic lower respiratory disease,92
2005,44,Female,Diabetes,110
2005,44,Female,Drug overdose,419
2005,44,Female,Heart disease,627
2005,44,Female,Homicide,81
2005,44,Female,Other causes,1265
2005,44,Female,Other unintentional injury,243
2005,44,Female,Stroke,208
2005,44,Female,Suicide,117
2005,44,Male,Alcohol-induced,436
2005,44,Male,Cancer,1239
2005,44,Male,Chronic lower respiratory disease,85
2005,44,Male,Diabetes,210
2005,44,Male,Drug overdose,674
2005,44,Male,Heart disease,1590
2005,44,Male,Homicide,201
2005,44,Male,Other causes,2157
2005,44,Male,Other unintentional injury,667
2005,44,Male,Stroke,210
2005,44,Male,Suicide,542
2005,45,Female,Alcohol-induced,174
2005,45,Female,Alzheimer disease,1
2005,45,Female,Cancer,1688
2005,45,Female,Chronic lower respiratory disease,125
2005,45,Female,Diabetes,131
2005,45,Female,Drug overdose,416
2005,45,Female,Heart disease,672
2005,45,Female,Homicide,65
2005,45,Female,Other causes,1308
2005,45,Female,Other unintentional injury,278
2005,45,Female,Stroke,201
2005,45,Female,Suicide,115
2005,45,Male,Alcohol-induced,424
2005,45,Male,Alzheimer disease,2
2005,45,Male,Cancer,1369
2005,45,Male,Chronic lower respiratory disease,120
2005,45,Male,Diabetes,216
2005,45,Male,Drug overdose,663
2005,45,Male,Heart disease,1836
2005,45,Male,Homicide,243
2005,45,Male,Other causes,2320
2005,45,Male,Other unintentional injury,693
2005,45,Male,Stroke,242
2005,45,Male,Suicide,530
2005,46,Female,Alcohol-induced,196
2005,46,Female,Alzheimer disease,2
2005,46,Female,Cancer,1810
2005,46,Female,Chronic lower respiratory disease,131
2005,46,Female,Diabetes,135
2005,46,Female,Drug overdose,399
2005,46,Female,Heart disease,810
2005,46,Female,Homicide,71
2005,46,Female,Other causes,1469
2005,46,Female,Other unintentional injury,278
2005,46,Female,Stroke,246
2005,46,Female,Suicide,90
2005,46,Male,Alcohol-induced,506
2005,46,Male,Alzheimer disease,2
2005,46,Male,Cancer,1619
2005,46,Male,Chronic lower respiratory disease,103
2005,46,Male,Diabetes,227
2005,46,Male,Drug overdose,630
2005,46,Male,Heart disease,2008
2005,46,Male,Homicide,183
2005,46,Male,Other causes,2425
2005,46,Male,Other unintentional injury,694
2005,46,Male,Stroke,231
2005,46,Male,Suicide,500
2005,47,Female,Alcohol-induced,214
2005,47,Female,Alzheimer disease,2
2005,47,Female,Cancer,2036
2005,47,Female,Chronic lower respiratory disease,145
2005,47,Female,Diabetes,166
2005,47,Female,Drug overdose,453
2005,47,Female,Heart disease,853
2005,47,Female,Homicide,57
2005,47,Female,Other causes,1516
2005,47,Female,Other unintentional injury,238
2005,47,Female,Stroke,248
2005,47,Female,Suicide,110
2005,47,Male,Alcohol-induced,504
2005,47,Male,Alzheimer disease,1
2005,47,Male,Cancer,1792
2005,47,Male,Chronic lower respiratory disease,114
2005,47,Male,Diabetes,289
2005,47,Male,Drug overdose,669
2005,47,Male,Heart disease,2115
2005,47,Male,Homicide,155
2005,47,Male,Other causes,2657
2005,47,Male,Other unintentional injury,707
2005,47,Male,Stroke,263
2005,47,Male,Suicide,519
2005,48,Female,Alcohol-induced,192
2005,48,Female,Alzheimer disease,3
2005,48,Female,Cancer,2244
2005,48,Female,Chronic lower respiratory disease,157
2005,48,Female,Diabetes,183
2005,48,Female,Drug overdose,402
2005,48,Female,Heart disease,969
2005,48,Female,Homicide,53
2005,48,Female,Other causes,1645
2005,48,Female,Other unintentional injury,246
2005,48,Female,Stroke,297
2005,48,Female,Suicide,105
2005,48,Male,Alcohol-induced,537
2005,48,Male,Alzheimer disease,1
2005,48,Male,Cancer,2073
2005,48,Male,Chronic lower respiratory disease,177
2005,48,Male,Diabetes,331
2005,48,Male,Drug overdose,622
2005,48,Male,Heart disease,2357
2005,48,Male,Homicide,172
2005,48,Male,Other causes,2803
2005,48,Male,Other unintentional injury,659
2005,48,Male,Stroke,290
2005,48,Male,Suicide,507
2005,49,Female,Alcohol-induced,206
2005,49,Female,Alzheimer disease,5
2005,49,Female,Cancer,2432
2005,49,Female,Chronic lower respiratory disease,191
2005,49,Female,Diabetes,207
2005,49,Female,Drug overdose,404
2005,49,Female,Heart disease,1022
2005,49,Female,Homicide,52
2005,49,Female,Other causes,1684
2005,49,Female,Other unintentional injury,221
2005,49,Female,Stroke,300
2005,49,Female,Suicide,106
2005,49,Male,Alcohol-induced,584
2005,49,Male,Alzheimer disease,2
2005,49,Male,Cancer,2425
2005,49,Male,Chronic lower respiratory disease,196
2005,49,Male,Diabetes,351
2005,49,Male,Drug overdose,572
2005,49,Male,Heart disease,2648
2005,49,Male,Homicide,180
2005,49,Male,Other causes,2963
2005,49,Male,Other unintentional injury,652
2005,49,Male,Stroke,329
2005,49,Male,Suicide,465
2005,50,Female,Alcohol-induced,195
2005,50,Female,Alzheimer disease,5
2005,50,Female,Cancer,2715
2005,50,Female,Chronic lower respiratory disease,195
2005,50,Female,Diabetes,235
2005,50,Female,Drug overdose,353
2005,50,Female,Heart disease,1121
2005,50,Female,Homicide,45
2005,50,Female,Other causes,1818
2005,50,Female,Other unintentional injury,206
2005,50,Female,Stroke,287
2005,50,Female,Suicide,94
2005,50,Male,Alcohol-induced,595
2005,50,Male,Alzheimer disease,5
2005,50,Male,Cancer,2696
2005,50,Male,Chronic lower respiratory disease,182
2005,50,Male,Diabetes,361
2005,50,Male,Drug overdose,549
2005,50,Male,Heart disease,2881
2005,50,Male,Homicide,168
2005,50,Male,Other causes,3064
2005,50,Male,Other unintentional injury,665
2005,50,Male,Stroke,387
2005,50,Male,Suicide,423
2005,51,Female,Alcohol-induced,187
2005,51,Female,Alzheimer disease,5
2005,51,Female,Cancer,2788
2005,51,Female,Chronic lower respiratory disease,212
2005,51,Female,Diabetes,288
2005,51,Female,Drug overdose,320
2005,51,Female,Heart disease,1230
2005,51,Female,Homicide,39
2005,51,Female,Other causes,1858
2005,51,Female,Other unintentional injury,253
2005,51,Female,Stroke,315
2005,51,Female,Suicide,97
2005,51,Male,Alcohol-induced,596
2005,51,Male,Alzheimer disease,6
2005,51,Male,Cancer,2908
2005,51,Male,Chronic lower respiratory disease,263
2005,51,Male,Diabetes,384
2005,51,Male,Drug overdose,504
2005,51,Male,Heart disease,3031
2005,51,Male,Homicide,135
2005,51,Male,Other causes,3065
2005,51,Male,Other unintentional injury,635
2005,51,Male,Stroke,431
2005,51,Male,Suicide,444
2005,52,Female,Alcohol-induced,197
2005,52,Female,Alzheimer disease,12
2005,52,Female,Cancer,2940
2005,52,Female,Chronic lower respiratory disease,237
2005,52,Female,Diabetes,274
2005,52,Female,Drug overdose,321
2005,52,Female,Heart disease,1239
2005,52,Female,Homicide,40
2005,52,Female,Other causes,1931
2005,52,Female,Other unintentional injury,198
2005,52,Female,Stroke,364
2005,52,Female,Suicide,103
2005,52,Male,Alcohol-induced,663
2005,52,Male,Alzheimer disease,4
2005,52,Male,Cancer,3354
2005,52,Male,Chronic lower respiratory disease,275
2005,52,Male,Diabetes,394
2005,52,Male,Drug overdose,445
2005,52,Male,Heart disease,3395
2005,52,Male,Homicide,121
2005,52,Male,Other causes,3268
2005,52,Male,Other unintentional injury,635
2005,52,Male,Stroke,399
2005,52,Male,Suicide,430
2005,53,Female,Alcohol-induced,173
2005,53,Female,Alzheimer disease,4
2005,53,Female,Cancer,3165
2005,53,Female,Chronic lower respiratory disease,265
2005,53,Female,Diabetes,286
2005,53,Female,Drug overdose,295
2005,53,Female,Heart disease,1265
2005,53,Female,Homicide,36
2005,53,Female,Other causes,1912
2005,53,Female,Other unintentional injury,206
2005,53,Female,Stroke,341
2005,53,Female,Suicide,94
2005,53,Male,Alcohol-induced,582
2005,53,Male,Alzheimer disease,1
2005,53,Male,Cancer,3487
2005,53,Male,Chronic lower respiratory disease,327
2005,53,Male,Diabetes,456
2005,53,Male,Drug overdose,412
2005,53,Male,Heart disease,3466
2005,53,Male,Homicide,128
2005,53,Male,Other causes,3300
2005,53,Male,Other unintentional injury,605
2005,53,Male,Stroke,435
2005,53,Male,Suicide,436
2005,54,Female,Alcohol-induced,161
2005,54,Female,Alzheimer disease,12
2005,54,Female,Cancer,3229
2005,54,Female,Chronic lower respiratory disease,288
2005,54,Female,Diabetes,325
2005,54,Female,Drug overdose,216
2005,54,Female,Heart disease,1438
2005,54,Female,Homicide,25
2005,54,Female,Other causes,1941
2005,54,Female,Other unintentional injury,218
2005,54,Female,Stroke,351
2005,54,Female,Suicide,82
2005,54,Male,Alcohol-induced,609
2005,54,Male,Alzheimer disease,6
2005,54,Male,Cancer,3720
2005,54,Male,Chronic lower respiratory disease,281
2005,54,Male,Diabetes,460
2005,54,Male,Drug overdose,350
2005,54,Male,Heart disease,3746
2005,54,Male,Homicide,102
2005,54,Male,Other causes,3297
2005,54,Male,Other unintentional injury,546
2005,54,Male,Stroke,453
2005,54,Male,Suicide,434
2005,55,Female,Alcohol-induced,181
2005,55,Female,Alzheimer disease,13
2005,55,Female,Cancer,3541
2005,55,Female,Chronic lower respiratory disease,332
2005,55,Female,Diabetes,347
2005,55,Female,Drug overdose,200
2005,55,Female,Heart disease,1525
2005,55,Female,Homicide,36
2005,55,Female,Other causes,1965
2005,55,Female,Other unintentional injury,227
2005,55,Female,Stroke,329
2005,55,Female,Suicide,101
2005,55,Male,Alcohol-induced,612
2005,55,Male,Alzheimer disease,12
2005,55,Male,Cancer,4137
2005,55,Male,Chronic lower respiratory disease,358
2005,55,Male,Diabetes,525
2005,55,Male,Drug overdose,324
2005,55,Male,Heart disease,3861
2005,55,Male,Homicide,89
2005,55,Male,Other causes,3392
2005,55,Male,Other unintentional injury,554
2005,55,Male,Stroke,457
2005,55,Male,Suicide,363
2005,56,Female,Alcohol-induced,156
2005,56,Female,Alzheimer disease,23
2005,56,Female,Cancer,3886
2005,56,Female,Chronic lower respiratory disease,366
2005,56,Female,Diabetes,369
2005,56,Female,Drug overdose,157
2005,56,Female,Heart disease,1619
2005,56,Female,Homicide,29
2005,56,Female,Other causes,2109
2005,56,Female,Other unintentional injury,221
2005,56,Female,Stroke,392
2005,56,Female,Suicide,64
2005,56,Male,Alcohol-induced,538
2005,56,Male,Alzheimer disease,17
2005,56,Male,Cancer,4397
2005,56,Male,Chronic lower respiratory disease,443
2005,56,Male,Diabetes,598
2005,56,Male,Drug overdose,254
2005,56,Male,Heart disease,3998
2005,56,Male,Homicide,74
2005,56,Male,Other causes,3337
2005,56,Male,Other unintentional injury,511
2005,56,Male,Stroke,484
2005,56,Male,Suicide,356
2005,57,Female,Alcohol-induced,162
2005,57,Female,Alzheimer disease,24
2005,57,Female,Cancer,4194
2005,57,Female,Chronic lower respiratory disease,468
2005,57,Female,Diabetes,455
2005,57,Female,Drug overdose,170
2005,57,Female,Heart disease,1795
2005,57,Female,Homicide,36
2005,57,Female,Other causes,2285
2005,57,Female,Other unintentional injury,213
2005,57,Female,Stroke,371
2005,57,Female,Suicide,76
2005,57,Male,Alcohol-induced,568
2005,57,Male,Alzheimer disease,19
2005,57,Male,Cancer,5008
2005,57,Male,Chronic lower respiratory disease,497
2005,57,Male,Diabetes,634
2005,57,Male,Drug overdose,234
2005,57,Male,Heart disease,4382
2005,57,Male,Homicide,79
2005,57,Male,Other causes,3354
2005,57,Male,Other unintentional injury,513
2005,57,Male,Stroke,501
2005,57,Male,Suicide,315
2005,58,Female,Alcohol-induced,152
2005,58,Female,Alzheimer disease,23
2005,58,Female,Cancer,4695
2005,58,Female,Chronic lower respiratory disease,545
2005,58,Female,Diabetes,471
2005,58,Female,Drug overdose,154
2005,58,Female,Heart disease,2000
2005,58,Female,Homicide,20
2005,58,Female,Other causes,2514
2005,58,Female,Other unintentional injury,217
2005,58,Female,Stroke,464
2005,58,Female,Suicide,70
2005,58,Male,Alcohol-induced,555
2005,58,Male,Alzheimer disease,16
2005,58,Male,Cancer,5509
2005,58,Male,Chronic lower respiratory disease,584
2005,58,Male,Diabetes,674
2005,58,Male,Drug overdose,193
2005,58,Male,Heart disease,4702
2005,58,Male,Homicide,82
2005,58,Male,Other causes,3585
2005,58,Male,Other unintentional injury,519
2005,58,Male,Stroke,570
2005,58,Male,Suicide,379
2005,59,Female,Alcohol-induced,99
2005,59,Female,Alzheimer disease,25
2005,59,Female,Cancer,4078
2005,59,Female,Chronic lower respiratory disease,567
2005,59,Female,Diabetes,448
2005,59,Female,Drug overdose,114
2005,59,Female,Heart disease,1750
2005,59,Female,Homicide,12
2005,59,Female,Other causes,2145
2005,59,Female,Other unintentional injury,156
2005,59,Female,Stroke,392
2005,59,Female,Suicide,62
2005,59,Male,Alcohol-induced,413
2005,59,Male,Alzheimer disease,23
2005,59,Male,Cancer,4985
2005,59,Male,Chronic lower respiratory disease,517
2005,59,Male,Diabetes,634
2005,59,Male,Drug overdose,139
2005,59,Male,Heart disease,4097
2005,59,Male,Homicide,51
2005,59,Male,Other causes,3018
2005,59,Male,Other unintentional injury,390
2005,59,Male,Stroke,528
2005,59,Male,Suicide,291
2005,60,Female,Alcohol-induced,104
2005,60,Female,Alzheimer disease,25
2005,60,Female,Cancer,4323
2005,60,Female,Chronic lower respiratory disease,581
2005,60,Female,Diabetes,482
2005,60,Female,Drug overdose,103
2005,60,Female,Heart disease,1975
2005,60,Female,Homicide,20
2005,60,Female,Other causes,2167
2005,60,Female,Other unintentional injury,188
2005,60,Female,Stroke,376
2005,60,Female,Suicide,39
2005,60,Male,Alcohol-induced,382
2005,60,Male,Alzheimer disease,23
2005,60,Male,Cancer,5302
2005,60,Male,Chronic lower respiratory disease,696
2005,60,Male,Diabetes,641
2005,60,Male,Drug overdose,104
2005,60,Male,Heart disease,4322
2005,60,Male,Homicide,56
2005,60,Male,Other causes,3003
2005,60,Male,Other unintentional injury,391
2005,60,Male,Stroke,540
2005,60,Male,Suicide,288
2005,61,Female,Alcohol-induced,140
2005,61,Female,Alzheimer disease,36
2005,61,Female,Cancer,4777
2005,61,Female,Chronic lower respiratory disease,686
2005,61,Female,Diabetes,482
2005,61,Female,Drug overdose,88
2005,61,Female,Heart disease,2139
2005,61,Female,Homicide,23
2005,61,Female,Other causes,2383
2005,61,Female,Other unintentional injury,186
2005,61,Female,Stroke,476
2005,61,Female,Suicide,54
2005,61,Male,Alcohol-induced,415
2005,61,Male,Alzheimer disease,25
2005,61,Male,Cancer,5646
2005,61,Male,Chronic lower respiratory disease,734
2005,61,Male,Diabetes,665
2005,61,Male,Drug overdose,115
2005,61,Male,Heart disease,4582
2005,61,Male,Homicide,49
2005,61,Male,Other causes,3257
2005,61,Male,Other unintentional injury,378
2005,61,Male,Stroke,557
2005,61,Male,Suicide,272
2005,62,Female,Alcohol-induced,130
2005,62,Female,Alzheimer disease,55
2005,62,Female,Cancer,5364
2005,62,Female,Chronic lower respiratory disease,847
2005,62,Female,Diabetes,548
2005,62,Female,Drug overdose,81
2005,62,Female,Heart disease,2534
2005,62,Female,Homicide,17
2005,62,Female,Other causes,2726
2005,62,Female,Other unintentional injury,189
2005,62,Female,Stroke,522
2005,62,Female,Suicide,46
2005,62,Male,Alcohol-induced,435
2005,62,Male,Alzheimer disease,50
2005,62,Male,Cancer,6571
2005,62,Male,Chronic lower respiratory disease,911
2005,62,Male,Diabetes,763
2005,62,Male,Drug overdose,79
2005,62,Male,Heart disease,5070
2005,62,Male,Homicide,53
2005,62,Male,Other causes,3651
2005,62,Male,Other unintentional injury,394
2005,62,Male,Stroke,677
2005,62,Male,Suicide,259
2005,63,Female,Alcohol-induced,94
2005,63,Female,Alzheimer disease,59
2005,63,Female,Cancer,5221
2005,63,Female,Chronic lower respiratory disease,891
2005,63,Female,Diabetes,550
2005,63,Female,Drug overdose,70
2005,63,Female,Heart disease,2474
2005,63,Female,Homicide,15
2005,63,Female,Other causes,2616
2005,63,Female,Other unintentional injury,183
2005,63,Female,Stroke,524
2005,63,Female,Suicide,59
2005,63,Male,Alcohol-induced,374
2005,63,Male,Alzheimer disease,40
2005,63,Male,Cancer,6303
2005,63,Male,Chronic lower respiratory disease,908
2005,63,Male,Diabetes,755
2005,63,Male,Drug overdose,77
2005,63,Male,Heart disease,4986
2005,63,Male,Homicide,50
2005,63,Male,Other causes,3430
2005,63,Male,Other unintentional injury,374
2005,63,Male,Stroke,690
2005,63,Male,Suicide,223
2005,64,Female,Alcohol-induced,101
2005,64,Female,Alzheimer disease,78
2005,64,Female,Cancer,5181
2005,64,Female,Chronic lower respiratory disease,883
2005,64,Female,Diabetes,587
2005,64,Female,Drug overdose,56
2005,64,Female,Heart disease,2539
2005,64,Female,Homicide,18
2005,64,Female,Other causes,2634
2005,64,Female,Other unintentional injury,173
2005,64,Female,Stroke,556
2005,64,Female,Suicide,29
2005,64,Male,Alcohol-induced,345
2005,64,Male,Alzheimer disease,63
2005,64,Male,Cancer,6270
2005,64,Male,Chronic lower respiratory disease,952
2005,64,Male,Diabetes,687
2005,64,Male,Drug overdose,59
2005,64,Male,Heart disease,4995
2005,64,Male,Homicide,50
2005,64,Male,Other causes,3472
2005,64,Male,Other unintentional injury,380
2005,64,Male,Stroke,652
2005,64,Male,Suicide,223
2005,65,Female,Alcohol-induced,96
2005,65,Female,Alzheimer disease,61
2005,65,Female,Cancer,5141
2005,65,Female,Chronic lower respiratory disease,951
2005,65,Female,Diabetes,601
2005,65,Female,Drug overdose,53
2005,65,Female,Heart disease,2658
2005,65,Female,Homicide,31
2005,65,Female,Other causes,2885
2005,65,Female,Other unintentional injury,160
2005,65,Female,Stroke,590
2005,65,Female,Suicide,34
2005,65,Male,Alcohol-induced,325
2005,65,Male,Alzheimer disease,61
2005,65,Male,Cancer,6538
2005,65,Male,Chronic lower respiratory disease,1048
2005,65,Male,Diabetes,723
2005,65,Male,Drug overdose,44
2005,65,Male,Heart disease,4881
2005,65,Male,Homicide,33
2005,65,Male,Other causes,3477
2005,65,Male,Other unintentional injury,343
2005,65,Male,Stroke,711
2005,65,Male,Suicide,189
2005,66,Female,Alcohol-induced,80
2005,66,Female,Alzheimer disease,84
2005,66,Female,Cancer,5406
2005,66,Female,Chronic lower respiratory disease,1077
2005,66,Female,Diabetes,633
2005,66,Female,Drug overdose,50
2005,66,Female,Heart disease,2791
2005,66,Female,Homicide,19
2005,66,Female,Other causes,2996
2005,66,Female,Other unintentional injury,188
2005,66,Female,Stroke,653
2005,66,Female,Suicide,28
2005,66,Male,Alcohol-induced,265
2005,66,Male,Alzheimer disease,67
2005,66,Male,Cancer,6869
2005,66,Male,Chronic lower respiratory disease,1170
2005,66,Male,Diabetes,691
2005,66,Male,Drug overdose,46
2005,66,Male,Heart disease,4885
2005,66,Male,Homicide,29
2005,66,Male,Other causes,3636
2005,66,Male,Other unintentional injury,291
2005,66,Male,Stroke,715
2005,66,Male,Suicide,193
2005,67,Female,Alcohol-induced,71
2005,67,Female,Alzheimer disease,108
2005,67,Female,Cancer,5658
2005,67,Female,Chronic lower respiratory disease,1176
2005,67,Female,Diabetes,683
2005,67,Female,Drug overdose,40
2005,67,Female,Heart disease,3008
2005,67,Female,Homicide,11
2005,67,Female,Other causes,3137
2005,67,Female,Other unintentional injury,188
2005,67,Female,Stroke,712
2005,67,Female,Suicide,36
2005,67,Male,Alcohol-induced,264
2005,67,Male,Alzheimer disease,72
2005,67,Male,Cancer,7171
2005,67,Male,Chronic lower respiratory disease,1305
2005,67,Male,Diabetes,800
2005,67,Male,Drug overdose,30
2005,67,Male,Heart disease,5288
2005,67,Male,Homicide,27
2005,67,Male,Other causes,3746
2005,67,Male,Other unintentional injury,343
2005,67,Male,Stroke,815
2005,67,Male,Suicide,172
2005,68,Female,Alcohol-induced,70
2005,68,Female,Alzheimer disease,124
2005,68,Female,Cancer,5827
2005,68,Female,Chronic lower respiratory disease,1240
2005,68,Female,Diabetes,693
2005,68,Female,Drug overdose,24
2005,68,Female,Heart disease,3205
2005,68,Female,Homicide,12
2005,68,Female,Other causes,3317
2005,68,Female,Other unintentional injury,173
2005,68,Female,Stroke,729
2005,68,Female,Suicide,30
2005,68,Male,Alcohol-induced,227
2005,68,Male,Alzheimer disease,107
2005,68,Male,Cancer,7142
2005,68,Male,Chronic lower respiratory disease,1355
2005,68,Male,Diabetes,800
2005,68,Male,Drug overdose,27
2005,68,Male,Heart disease,5301
2005,68,Male,Homicide,24
2005,68,Male,Other causes,3881
2005,68,Male,Other unintentional injury,287
2005,68,Male,Stroke,862
2005,68,Male,Suicide,186
2005,69,Female,Alcohol-induced,68
2005,69,Female,Alzheimer disease,153
2005,69,Female,Cancer,5921
2005,69,Female,Chronic lower respiratory disease,1298
2005,69,Female,Diabetes,768
2005,69,Female,Drug overdose,31
2005,69,Female,Heart disease,3514
2005,69,Female,Homicide,13
2005,69,Female,Other causes,3648
2005,69,Female,Other unintentional injury,189
2005,69,Female,Stroke,802
2005,69,Female,Suicide,29
2005,69,Male,Alcohol-induced,198
2005,69,Male,Alzheimer disease,146
2005,69,Male,Cancer,7447
2005,69,Male,Chronic lower respiratory disease,1400
2005,69,Male,Diabetes,886
2005,69,Male,Drug overdose,28
2005,69,Male,Heart disease,5696
2005,69,Male,Homicide,33
2005,69,Male,Other causes,4027
2005,69,Male,Other unintentional injury,277
2005,69,Male,Stroke,906
2005,69,Male,Suicide,188
2005,70,Female,Alcohol-induced,58
2005,70,Female,Alzheimer disease,203
2005,70,Female,Cancer,6283
2005,70,Female,Chronic lower respiratory disease,1484
2005,70,Female,Diabetes,775
2005,70,Female,Drug overdose,22
2005,70,Female,Heart disease,3886
2005,70,Female,Homicide,16
2005,70,Female,Other causes,3936
2005,70,Female,Other unintentional injury,184
2005,70,Female,Stroke,925
2005,70,Female,Suicide,26
2005,70,Male,Alcohol-induced,195
2005,70,Male,Alzheimer disease,173
2005,70,Male,Cancer,7988
2005,70,Male,Chronic lower respiratory disease,1596
2005,70,Male,Diabetes,875
2005,70,Male,Drug overdose,27
2005,70,Male,Heart disease,5975
2005,70,Male,Homicide,26
2005,70,Male,Other causes,4478
2005,70,Male,Other unintentional injury,307
2005,70,Male,Stroke,986
2005,70,Male,Suicide,178
2005,71,Female,Alcohol-induced,62
2005,71,Female,Alzheimer disease,249
2005,71,Female,Cancer,6451
2005,71,Female,Chronic lower respiratory disease,1594
2005,71,Female,Diabetes,772
2005,71,Female,Drug overdose,32
2005,71,Female,Heart disease,4061
2005,71,Female,Homicide,16
2005,71,Female,Other causes,4195
2005,71,Female,Other unintentional injury,159
2005,71,Female,Stroke,999
2005,71,Female,Suicide,26
2005,71,Male,Alcohol-induced,170
2005,71,Male,Alzheimer disease,175
2005,71,Male,Cancer,7867
2005,71,Male,Chronic lower respiratory disease,1611
2005,71,Male,Diabetes,904
2005,71,Male,Drug overdose,23
2005,71,Male,Heart disease,6151
2005,71,Male,Homicide,23
2005,71,Male,Other causes,4712
2005,71,Male,Other unintentional injury,288
2005,71,Male,Stroke,986
2005,71,Male,Suicide,175
2005,72,Female,Alcohol-induced,65
2005,72,Female,Alzheimer disease,327
2005,72,Female,Cancer,6692
2005,72,Female,Chronic lower respiratory disease,1680
2005,72,Female,Diabetes,864
2005,72,Female,Drug overdose,25
2005,72,Female,Heart disease,4409
2005,72,Female,Homicide,16
2005,72,Female,Other causes,4582
2005,72,Female,Other unintentional injury,195
2005,72,Female,Stroke,1079
2005,72,Female,Suicide,35
2005,72,Male,Alcohol-induced,191
2005,72,Male,Alzheimer disease,195
2005,72,Male,Cancer,8165
2005,72,Male,Chronic lower respiratory disease,1832
2005,72,Male,Diabetes,902
2005,72,Male,Drug overdose,19
2005,72,Male,Heart disease,6585
2005,72,Male,Homicide,32
2005,72,Male,Other causes,5070
2005,72,Male,Other unintentional injury,286
2005,72,Male,Stroke,1109
2005,72,Male,Suicide,171
2005,73,Female,Alcohol-induced,71
2005,73,Female,Alzheimer disease,362
2005,73,Female,Cancer,7236
2005,73,Female,Chronic lower respiratory disease,1933
2005,73,Female,Diabetes,936
2005,73,Female,Drug overdose,23
2005,73,Female,Heart disease,4841
2005,73,Female,Homicide,10
2005,73,Female,Other causes,5003
2005,73,Female,Other unintentional injury,190
2005,73,Female,Stroke,1267
2005,73,Female,Suicide,23
2005,73,Male,Alcohol-induced,160
2005,73,Male,Alzheimer disease,293
2005,73,Male,Cancer,8729
2005,73,Male,Chronic lower respiratory disease,2033
2005,73,Male,Diabetes,917
2005,73,Male,Drug overdose,20
2005,73,Male,Heart disease,7029
2005,73,Male,Homicide,27
2005,73,Male,Other causes,5560
2005,73,Male,Other unintentional injury,327
2005,73,Male,Stroke,1281
2005,73,Male,Suicide,193
2005,74,Female,Alcohol-induced,50
2005,74,Female,Alzheimer disease,495
2005,74,Female,Cancer,7205
2005,74,Female,Chronic lower respiratory disease,2068
2005,74,Female,Diabetes,964
2005,74,Female,Drug overdose,21
2005,74,Female,Heart disease,5414
2005,74,Female,Homicide,14
2005,74,Female,Other causes,5743
2005,74,Female,Other unintentional injury,222
2005,74,Female,Stroke,1417
2005,74,Female,Suicide,19
2005,74,Male,Alcohol-induced,147
2005,74,Male,Alzheimer disease,359
2005,74,Male,Cancer,8868
2005,74,Male,Chronic lower respiratory disease,2071
2005,74,Male,Diabetes,1026
2005,74,Male,Drug overdose,23
2005,74,Male,Heart disease,7448
2005,74,Male,Homicide,27
2005,74,Male,Other causes,5838
2005,74,Male,Other unintentional injury,281
2005,74,Male,Stroke,1343
2005,74,Male,Suicide,213
2005,75,Female,Alcohol-induced,39
2005,75,Female,Alzheimer disease,593
2005,75,Female,Cancer,7569
2005,75,Female,Chronic lower respiratory disease,2106
2005,75,Female,Diabetes,1054
2005,75,Female,Drug overdose,24
2005,75,Female,Heart disease,6050
2005,75,Female,Homicide,18
2005,75,Female,Other causes,6118
2005,75,Female,Other unintentional injury,230
2005,75,Female,Stroke,1590
2005,75,Female,Suicide,23
2005,75,Male,Alcohol-induced,135
2005,75,Male,Alzheimer disease,424
2005,75,Male,Cancer,9077
2005,75,Male,Chronic lower respiratory disease,2185
2005,75,Male,Diabetes,1099
2005,75,Male,Drug overdose,21
2005,75,Male,Heart disease,7990
2005,75,Male,Homicide,17
2005,75,Male,Other causes,6361
2005,75,Male,Other unintentional injury,329
2005,75,Male,Stroke,1510
2005,75,Male,Suicide,190
2005,76,Female,Alcohol-induced,38
2005,76,Female,Alzheimer disease,732
2005,76,Female,Cancer,7779
2005,76,Female,Chronic lower respiratory disease,2352
2005,76,Female,Diabetes,1046
2005,76,Female,Drug overdose,20
2005,76,Female,Heart disease,6558
2005,76,Female,Homicide,14
2005,76,Female,Other causes,6780
2005,76,Female,Other unintentional injury,240
2005,76,Female,Stroke,1698
2005,76,Female,Suicide,25
2005,76,Male,Alcohol-induced,149
2005,76,Male,Alzheimer disease,514
2005,76,Male,Cancer,8975
2005,76,Male,Chronic lower respiratory disease,2343
2005,76,Male,Diabetes,1012
2005,76,Male,Drug overdose,26
2005,76,Male,Heart disease,8079
2005,76,Male,Homicide,15
2005,76,Male,Other causes,6775
2005,76,Male,Other unintentional injury,326
2005,76,Male,Stroke,1555
2005,76,Male,Suicide,190
2005,77,Female,Alcohol-induced,40
2005,77,Female,Alzheimer disease,863
2005,77,Female,Cancer,8078
2005,77,Female,Chronic lower respiratory disease,2496
2005,77,Female,Diabetes,1178
2005,77,Female,Drug overdose,19
2005,77,Female,Heart disease,7275
2005,77,Female,Homicide,19
2005,77,Female,Other causes,7511
2005,77,Female,Other unintentional injury,244
2005,77,Female,Stroke,1988
2005,77,Female,Suicide,25
2005,77,Male,Alcohol-induced,107
2005,77,Male,Alzheimer disease,579
2005,77,Male,Cancer,9386
2005,77,Male,Chronic lower respiratory disease,2631
2005,77,Male,Diabetes,1068
2005,77,Male,Drug overdose,19
2005,77,Male,Heart disease,9010
2005,77,Male,Homicide,19
2005,77,Male,Other causes,7398
2005,77,Male,Other unintentional injury,298
2005,77,Male,Stroke,1757
2005,77,Male,Suicide,187
2005,78,Female,Alcohol-induced,28
2005,78,Female,Alzheimer disease,1104
2005,78,Female,Cancer,8275
2005,78,Female,Chronic lower respiratory disease,2498
2005,78,Female,Diabetes,1249
2005,78,Female,Drug overdose,21
2005,78,Female,Heart disease,8206
2005,78,Female,Homicide,16
2005,78,Female,Other causes,8320
2005,78,Female,Other unintentional injury,262
2005,78,Female,Stroke,2355
2005,78,Female,Suicide,21
2005,78,Male,Alcohol-induced,93
2005,78,Male,Alzheimer disease,711
2005,78,Male,Cancer,9443
2005,78,Male,Chronic lower respiratory disease,2529
2005,78,Male,Diabetes,1104
2005,78,Male,Drug overdose,20
2005,78,Male,Heart disease,9372
2005,78,Male,Homicide,20
2005,78,Male,Other causes,7769
2005,78,Male,Other unintentional injury,331
2005,78,Male,Stroke,1756
2005,78,Male,Suicide,206
2005,79,Female,Alcohol-induced,28
2005,79,Female,Alzheimer disease,1315
2005,79,Female,Cancer,8208
2005,79,Female,Chronic lower respiratory disease,2782
2005,79,Female,Diabetes,1278
2005,79,Female,Drug overdose,20
2005,79,Female,Heart disease,8717
2005,79,Female,Homicide,10
2005,79,Female,Other causes,8918
2005,79,Female,Other unintentional injury,271
2005,79,Female,Stroke,2592
2005,79,Female,Suicide,17
2005,79,Male,Alcohol-induced,90
2005,79,Male,Alzheimer disease,762
2005,79,Male,Cancer,9138
2005,79,Male,Chronic lower respiratory disease,2595
2005,79,Male,Diabetes,1144
2005,79,Male,Drug overdose,22
2005,79,Male,Heart disease,9714
2005,79,Male,Homicide,15
2005,79,Male,Other causes,8160
2005,79,Male,Other unintentional injury,352
2005,79,Male,Stroke,2034
2005,79,Male,Suicide,191
2005,80,Female,Alcohol-induced,40
2005,80,Female,Alzheimer disease,1580
2005,80,Female,Cancer,8231
2005,80,Female,Chronic lower respiratory disease,2842
2005,80,Female,Diabetes,1339
2005,80,Female,Drug overdose,30
2005,80,Female,Heart disease,10073
2005,80,Female,Homicide,14
2005,80,Female,Other causes,9885
2005,80,Female,Other unintentional injury,286
2005,80,Female,Stroke,2886
2005,80,Female,Suicide,19
2005,80,Male,Alcohol-induced,72
2005,80,Male,Alzheimer disease,923
2005,80,Male,Cancer,8920
2005,80,Male,Chronic lower respiratory disease,2561
2005,80,Male,Diabetes,1100
2005,80,Male,Drug overdose,20
2005,80,Male,Heart disease,10155
2005,80,Male,Homicide,16
2005,80,Male,Other causes,8651
2005,80,Male,Other unintentional injury,332
2005,80,Male,Stroke,2120
2005,80,Male,Suicide,175
2005,81,Female,Alcohol-induced,27
2005,81,Female,Alzheimer disease,1782
2005,81,Female,Cancer,8310
2005,81,Female,Chronic lower respiratory disease,2724
2005,81,Female,Diabetes,1349
2005,81,Female,Drug overdose,23
2005,81,Female,Heart disease,10522
2005,81,Female,Homicide,11
2005,81,Female,Other causes,10549
2005,81,Female,Other unintentional injury,304
2005,81,Female,Stroke,3118
2005,81,Female,Suicide,21
2005,81,Male,Alcohol-induced,71
2005,81,Male,Alzheimer disease,1040
2005,81,Male,Cancer,8765
2005,81,Male,Chronic lower respiratory disease,2483
2005,81,Male,Diabetes,1040
2005,81,Male,Drug overdose,14
2005,81,Male,Heart disease,10500
2005,81,Male,Homicide,8
2005,81,Male,Other causes,9035
2005,81,Male,Other unintentional injury,326
2005,81,Male,Stroke,2126
2005,81,Male,Suicide,177
2005,82,Female,Alcohol-induced,25
2005,82,Female,Alzheimer disease,1966
2005,82,Female,Cancer,7879
2005,82,Female,Chronic lower respiratory disease,2669
2005,82,Female,Diabetes,1300
2005,82,Female,Drug overdose,27
2005,82,Female,Heart disease,11314
2005,82,Female,Homicide,16
2005,82,Female,Other causes,11222
2005,82,Female,Other unintentional injury,286
2005,82,Female,Stroke,3412
2005,82,Female,Suicide,31
2005,82,Male,Alcohol-induced,71
2005,82,Male,Alzheimer disease,1045
2005,82,Male,Cancer,8224
2005,82,Male,Chronic lower respiratory disease,2427
2005,82,Male,Diabetes,1099
2005,82,Male,Drug overdose,17
2005,82,Male,Heart disease,10469
2005,82,Male,Homicide,12
2005,82,Male,Other causes,9194
2005,82,Male,Other unintentional injury,305
2005,82,Male,Stroke,2258
2005,82,Male,Suicide,189
2005,83,Female,Alcohol-induced,24
2005,83,Female,Alzheimer disease,2353
2005,83,Female,Cancer,7675
2005,83,Female,Chronic lower respiratory disease,2710
2005,83,Female,Diabetes,1357
2005,83,Female,Drug overdose,20
2005,83,Female,Heart disease,12433
2005,83,Female,Homicide,14
2005,83,Female,Other causes,12010
2005,83,Female,Other unintentional injury,322
2005,83,Female,Stroke,3669
2005,83,Female,Suicide,29
2005,83,Male,Alcohol-induced,56
2005,83,Male,Alzheimer disease,1151
2005,83,Male,Cancer,7939
2005,83,Male,Chronic lower respiratory disease,2441
2005,83,Male,Diabetes,1020
2005,83,Male,Drug overdose,11
2005,83,Male,Heart disease,10734
2005,83,Male,Homicide,8
2005,83,Male,Other causes,9397
2005,83,Male,Other unintentional injury,335
2005,83,Male,Stroke,2309
2005,83,Male,Suicide,172
2005,84,Female,Alcohol-induced,18
2005,84,Female,Alzheimer disease,2526
2005,84,Female,Cancer,7386
2005,84,Female,Chronic lower respiratory disease,2684
2005,84,Female,Diabetes,1305
2005,84,Female,Drug overdose,19
2005,84,Female,Heart disease,13060
2005,84,Female,Homicide,13
2005,84,Female,Other causes,12817
2005,84,Female,Other unintentional injury,318
2005,84,Female,Stroke,3899
2005,84,Female,Suicide,15
2005,84,Male,Alcohol-induced,52
2005,84,Male,Alzheimer disease,1179
2005,84,Male,Cancer,7274
2005,84,Male,Chronic lower respiratory disease,2299
2005,84,Male,Diabetes,1020
2005,84,Male,Drug overdose,10
2005,84,Male,Heart disease,10702
2005,84,Male,Homicide,7
2005,84,Male,Other causes,9480
2005,84,Male,Other unintentional injury,309
2005,84,Male,Stroke,2280
2005,84,Male,Suicide,154
2005,85,Female,Alcohol-induced,16
2005,85,Female,Alzheimer disease,2675
2005,85,Female,Cancer,6898
2005,85,Female,Chronic lower respiratory disease,2594
2005,85,Female,Diabetes,1387
2005,85,Female,Drug overdose,15
2005,85,Female,Heart disease,13243
2005,85,Female,Homicide,5
2005,85,Female,Other causes,13075
2005,85,Female,Other unintentional injury,311
2005,85,Female,Stroke,3825
2005,85,Female,Suicide,20
2005,85,Male,Alcohol-induced,36
2005,85,Male,Alzheimer disease,1271
2005,85,Male,Cancer,6604
2005,85,Male,Chronic lower respiratory disease,1979
2005,85,Male,Diabetes,902
2005,85,Male,Drug overdose,9
2005,85,Male,Heart disease,10463
2005,85,Male,Homicide,11
2005,85,Male,Other causes,9078
2005,85,Male,Other unintentional injury,286
2005,85,Male,Stroke,2272
2005,85,Male,Suicide,132
2005,86,Female,Alcohol-induced,12
2005,86,Female,Alzheimer disease,2702
2005,86,Female,Cancer,6018
2005,86,Female,Chronic lower respiratory disease,2387
2005,86,Female,Diabetes,1135
2005,86,Female,Drug overdose,18
2005,86,Female,Heart disease,13350
2005,86,Female,Homicide,11
2005,86,Female,Other causes,12709
2005,86,Female,Other unintentional injury,326
2005,86,Female,Stroke,3789
2005,86,Female,Suicide,25
2005,86,Male,Alcohol-induced,26
2005,86,Male,Alzheimer disease,1128
2005,86,Male,Cancer,5400
2005,86,Male,Chronic lower respiratory disease,1843
2005,86,Male,Diabetes,797
2005,86,Male,Drug overdose,9
2005,86,Male,Heart disease,9621
2005,86,Male,Homicide,5
2005,86,Male,Other causes,8256
2005,86,Male,Other unintentional injury,250
2005,86,Male,Stroke,2037
2005,86,Male,Suicide,110
2005,87,Female,Alcohol-induced,8
2005,87,Female,Alzheimer disease,2783
2005,87,Female,Cancer,5519
2005,87,Female,Chronic lower respiratory disease,2237
2005,87,Female,Diabetes,1141
2005,87,Female,Drug overdose,16
2005,87,Female,Heart disease,13856
2005,87,Female,Homicide,5
2005,87,Female,Other causes,12877
2005,87,Female,Other unintentional injury,265
2005,87,Female,Stroke,4001
2005,87,Female,Suicide,15
2005,87,Male,Alcohol-induced,20
2005,87,Male,Alzheimer disease,1148
2005,87,Male,Cancer,5018
2005,87,Male,Chronic lower respiratory disease,1711
2005,87,Male,Diabetes,757
2005,87,Male,Drug overdose,12
2005,87,Male,Heart disease,9501
2005,87,Male,Homicide,9
2005,87,Male,Other causes,8035
2005,87,Male,Other unintentional injury,249
2005,87,Male,Stroke,1979
2005,87,Male,Suicide,85
2005,88,Female,Alcohol-induced,6
2005,88,Female,Alzheimer disease,2918
2005,88,Female,Cancer,5065
2005,88,Female,Chronic lower respiratory disease,1976
2005,88,Female,Diabetes,1048
2005,88,Female,Drug overdose,13
2005,88,Female,Heart disease,13732
2005,88,Female,Homicide,7
2005,88,Female,Other causes,12970
2005,88,Female,Other unintentional injury,270
2005,88,Female,Stroke,3829
2005,88,Female,Suicide,5
2005,88,Male,Alcohol-induced,18
2005,88,Male,Alzheimer disease,1197
2005,88,Male,Cancer,4231
2005,88,Male,Chronic lower respiratory disease,1552
2005,88,Male,Diabetes,656
2005,88,Male,Drug overdose,9
2005,88,Male,Heart disease,8643
2005,88,Male,Homicide,5
2005,88,Male,Other causes,7379
2005,88,Male,Other unintentional injury,224
2005,88,Male,Stroke,1692
2005,88,Male,Suicide,80
2005,89,Female,Alcohol-induced,14
2005,89,Female,Alzheimer disease,3017
2005,89,Female,Cancer,4427
2005,89,Female,Chronic lower respiratory disease,1813
2005,89,Female,Diabetes,987
2005,89,Female,Drug overdose,12
2005,89,Female,Heart disease,13624
2005,89,Female,Homicide,14
2005,89,Female,Other causes,12567
2005,89,Female,Other unintentional injury,261
2005,89,Female,Stroke,3811
2005,89,Female,Suicide,9
2005,89,Male,Alcohol-induced,15
2005,89,Male,Alzheimer disease,1034
2005,89,Male,Cancer,3726
2005,89,Male,Chronic lower respiratory disease,1254
2005,89,Male,Diabetes,503
2005,89,Male,Drug overdose,12
2005,89,Male,Heart disease,7865
2005,89,Male,Homicide,1
2005,89,Male,Other causes,6777
2005,89,Male,Other unintentional injury,212
2005,89,Male,Stroke,1692
2005,89,Male,Suicide,76
2005,90,Female,Alcohol-induced,7
2005,90,Female,Alzheimer disease,2950
2005,90,Female,Cancer,3819
2005,90,Female,Chronic lower respiratory disease,1594
2005,90,Female,Diabetes,871
2005,90,Female,Drug overdose,11
2005,90,Female,Heart disease,13737
2005,90,Female,Homicide,5
2005,90,Female,Other causes,12585
2005,90,Female,Other unintentional injury,253
2005,90,Female,Stroke,3739
2005,90,Female,Suicide,5
2005,90,Male,Alcohol-induced,6
2005,90,Male,Alzheimer disease,896
2005,90,Male,Cancer,3016
2005,90,Male,Chronic lower respiratory disease,1096
2005,90,Male,Diabetes,446
2005,90,Male,Drug overdose,2
2005,90,Male,Heart disease,7311
2005,90,Male,Homicide,4
2005,90,Male,Other causes,6297
2005,90,Male,Other unintentional injury,149
2005,90,Male,Stroke,1432
2005,90,Male,Suicide,64
2005,91,Female,Alcohol-induced,7
2005,91,Female,Alzheimer disease,2812
2005,91,Female,Cancer,3343
2005,91,Female,Chronic lower respiratory disease,1415
2005,91,Female,Diabetes,791
2005,91,Female,Drug overdose,8
2005,91,Female,Heart disease,12908
2005,91,Female,Homicide,3
2005,91,Female,Other causes,11800
2005,91,Female,Other unintentional injury,253
2005,91,Female,Stroke,3401
2005,91,Female,Suicide,7
2005,91,Male,Alcohol-induced,7
2005,91,Male,Alzheimer disease,797
2005,91,Male,Cancer,2489
2005,91,Male,Chronic lower respiratory disease,927
2005,91,Male,Diabetes,375
2005,91,Male,Drug overdose,4
2005,91,Male,Heart disease,6487
2005,91,Male,Homicide,6
2005,91,Male,Other causes,5300
2005,91,Male,Other unintentional injury,136
2005,91,Male,Stroke,1224
2005,91,Male,Suicide,42
2005,92,Female,Alcohol-induced,5
2005,92,Female,Alzheimer disease,2575
2005,92,Female,Cancer,2740
2005,92,Female,Chronic lower respiratory disease,1210
2005,92,Female,Diabetes,704
2005,92,Female,Drug overdose,5
2005,92,Female,Heart disease,12224
2005,92,Female,Homicide,3
2005,92,Female,Other causes,10893
2005,92,Female,Other unintentional injury,210
2005,92,Female,Stroke,3074
2005,92,Female,Suicide,10
2005,92,Male,Alcohol-induced,7
2005,92,Male,Alzheimer disease,686
2005,92,Male,Cancer,1927
2005,92,Male,Chronic lower respiratory disease,750
2005,92,Male,Diabetes,314
2005,92,Male,Drug overdose,3
2005,92,Male,Heart disease,5386
2005,92,Male,Other causes,4646
2005,92,Male,Other unintentional injury,103
2005,92,Male,Stroke,1067
2005,92,Male,Suicide,32
2005,93,Female,Alcohol-induced,4
2005,93,Female,Alzheimer disease,2354
2005,93,Female,Cancer,2287
2005,93,Female,Chronic lower respiratory disease,1002
2005,93,Female,Diabetes,557
2005,93,Female,Drug overdose,7
2005,93,Female,Heart disease,10705
2005,93,Female,Homicide,4
2005,93,Female,Other causes,9694
2005,93,Female,Other unintentional injury,200
2005,93,Female,Stroke,2649
2005,93,Female,Suicide,2
2005,93,Male,Alcohol-induced,3
2005,93,Male,Alzheimer disease,603
2005,93,Male,Cancer,1447
2005,93,Male,Chronic lower respiratory disease,577
2005,93,Male,Diabetes,243
2005,93,Male,Drug overdose,2
2005,93,Male,Heart disease,4489
2005,93,Male,Other causes,3791
2005,93,Male,Other unintentional injury,91
2005,93,Male,Stroke,844
2005,93,Male,Suicide,27
2005,94,Female,Alcohol-induced,2
2005,94,Female,Alzheimer disease,1936
2005,94,Female,Cancer,1638
2005,94,Female,Chronic lower respiratory disease,798
2005,94,Female,Diabetes,442
2005,94,Female,Drug overdose,3
2005,94,Female,Heart disease,9586
2005,94,Female,Homicide,2
2005,94,Female,Other causes,8390
2005,94,Female,Other unintentional injury,151
2005,94,Female,Stroke,2349
2005,94,Female,Suicide,3
2005,94,Male,Alcohol-induced,2
2005,94,Male,Alzheimer disease,449
2005,94,Male,Cancer,1064
2005,94,Male,Chronic lower respiratory disease,445
2005,94,Male,Diabetes,169
2005,94,Male,Drug overdose,5
2005,94,Male,Heart disease,3536
2005,94,Male,Homicide,2
2005,94,Male,Other causes,3088
2005,94,Male,Other unintentional injury,68
2005,94,Male,Stroke,672
2005,94,Male,Suicide,21
2005,95,Female,Alzheimer disease,1810
2005,95,Female,Cancer,1341
2005,95,Female,Chronic lower respiratory disease,634
2005,95,Female,Diabetes,356
2005,95,Female,Drug overdose,5
2005,95,Female,Heart disease,8120
2005,95,Female,Homicide,4
2005,95,Female,Other causes,7442
2005,95,Female,Other unintentional injury,127
2005,95,Female,Stroke,1880
2005,95,Female,Suicide,3
2005,95,Male,Alcohol-induced,1
2005,95,Male,Alzheimer disease,312
2005,95,Male,Cancer,807
2005,95,Male,Chronic lower respiratory disease,313
2005,95,Male,Diabetes,115
2005,95,Male,Drug overdose,3
2005,95,Male,Heart disease,2869
2005,95,Male,Other causes,2309
2005,95,Male,Other unintentional injury,73
2005,95,Male,Stroke,458
2005,95,Male,Suicide,13
2005,96,Female,Alcohol-induced,1
2005,96,Female,Alzheimer disease,1410
2005,96,Female,Cancer,973
2005,96,Female,Chronic lower respiratory disease,542
2005,96,Female,Diabetes,266
2005,96,Female,Drug overdose,2
2005,96,Female,Heart disease,6818
2005,96,Female,Other causes,6098
2005,96,Female,Other unintentional injury,111
2005,96,Female,Stroke,1483
2005,96,Female,Suicide,1
2005,96,Male,Alcohol-induced,3
2005,96,Male,Alzheimer disease,236
2005,96,Male,Cancer,515
2005,96,Male,Chronic lower respiratory disease,250
2005,96,Male,Diabetes,105
2005,96,Male,Drug overdose,4
2005,96,Male,Heart disease,1976
2005,96,Male,Other causes,1789
2005,96,Male,Other unintentional injury,38
2005,96,Male,Stroke,354
2005,96,Male,Suicide,8
2005,97,Female,Alcohol-induced,3
2005,97,Female,Alzheimer disease,1141
2005,97,Female,Cancer,784
2005,97,Female,Chronic lower respiratory disease,373
2005,97,Female,Diabetes,219
2005,97,Female,Heart disease,5426
2005,97,Female,Homicide,1
2005,97,Female,Other causes,4899
2005,97,Female,Other unintentional injury,58
2005,97,Female,Stroke,1142
2005,97,Female,Suicide,2
2005,97,Male,Alcohol-induced,3
2005,97,Male,Alzheimer disease,190
2005,97,Male,Cancer,394
2005,97,Male,Chronic lower respiratory disease,185
2005,97,Male,Diabetes,56
2005,97,Male,Drug overdose,1
2005,97,Male,Heart disease,1509
2005,97,Male,Other causes,1387
2005,97,Male,Other unintentional injury,29
2005,97,Male,Stroke,253
2005,97,Male,Suicide,4
2005,98,Female,Alcohol-induced,1
2005,98,Female,Alzheimer disease,822
2005,98,Female,Cancer,524
2005,98,Female,Chronic lower respiratory disease,277
2005,98,Female,Diabetes,155
2005,98,Female,Drug overdose,1
2005,98,Female,Heart disease,4027
2005,98,Female,Homicide,1
2005,98,Female,Other causes,3766
2005,98,Female,Other unintentional injury,59
2005,98,Female,Stroke,927
2005,98,Male,Alzheimer disease,131
2005,98,Male,Cancer,228
2005,98,Male,Chronic lower respiratory disease,110
2005,98,Male,Diabetes,34
2005,98,Male,Heart disease,1019
2005,98,Male,Other causes,908
2005,98,Male,Other unintentional injury,19
2005,98,Male,Stroke,178
2005,98,Male,Suicide,4
2005,99,Female,Alcohol-induced,1
2005,99,Female,Alzheimer disease,635
2005,99,Female,Cancer,339
2005,99,Female,Chronic lower respiratory disease,168
2005,99,Female,Diabetes,125
2005,99,Female,Drug overdose,1
2005,99,Female,Heart disease,3061
2005,99,Female,Other causes,2779
2005,99,Female,Other unintentional injury,46
2005,99,Female,Stroke,624
2005,99,Male,Alcohol-induced,1
2005,99,Male,Alzheimer disease,85
2005,99,Male,Cancer,165
2005,99,Male,Chronic lower respiratory disease,74
2005,99,Male,Diabetes,24
2005,99,Male,Heart disease,647
2005,99,Male,Other causes,668
2005,99,Male,Other unintentional injury,20
2005,99,Male,Stroke,108
2005,99,Male,Suicide,1
2019,15,Female,Cancer,44
2019,15,Female,Chronic lower respiratory disease,2
2019,15,Female,Diabetes,4
2019,15,Female,Drug overdose,30
2019,15,Female,Heart disease,21
2019,15,Female,Homicide,26
2019,15,Female,Other causes,100
2019,15,Female,Other unintentional injury,85
2019,15,Female,Stroke,5
2019,15,Female,Suicide,68
2019,15,Male,Alcohol-induced,2
2019,15,Male,Cancer,75
2019,15,Male,Chronic lower respiratory disease,10
2019,15,Male,Diabetes,1
2019,15,Male,Drug overdose,19
2019,15,Male,Heart disease,24
2019,15,Male,Homicide,112
2019,15,Male,Other causes,183
2019,15,Male,Other unintentional injury,133
2019,15,Male,Stroke,5
2019,15,Male,Suicide,196
2019,16,Female,Alcohol-induced,1
2019,16,Female,Cancer,37
2019,16,Female,Chronic lower respiratory disease,2
2019,16,Female,Diabetes,2
2019,16,Female,Drug overdose,36
2019,16,Female,Heart disease,19
2019,16,Female,Homicide,25
2019,16,Female,Other causes,112
2019,16,Female,Other unintentional injury,125
2019,16,Female,Stroke,4
2019,16,Female,Suicide,83
2019,16,Male,Alcohol-induced,1
2019,16,Male,Cancer,50
2019,16,Male,Chronic lower respiratory disease,2
2019,16,Male,Diabetes,4
2019,16,Male,Drug overdose,48
2019,16,Male,Heart disease,33
2019,16,Male,Homicide,201
2019,16,Male,Other causes,210
2019,16,Male,Other unintentional injury,220
2019,16,Male,Stroke,4
2019,16,Male,Suicide,275
2019,17,Female,Alcohol-induced,2
2019,17,Female,Cancer,50
2019,17,Female,Chronic lower respiratory disease,3
2019,17,Female,Diabetes,2
2019,17,Female,Drug overdose,38
2019,17,Female,Heart disease,19
2019,17,Female,Homicide,40
2019,17,Female,Other causes,128
2019,17,Female,Other unintentional injury,151
2019,17,Female,Stroke,5
2019,17,Female,Suicide,98
2019,17,Male,Alcohol-induced,3
2019,17,Male,Cancer,71
2019,17,Male,Chronic lower respiratory disease,10
2019,17,Male,Diabetes,2
2019,17,Male,Drug overdose,72
2019,17,Male,Heart disease,26
2019,17,Male,Homicide,315
2019,17,Male,Other causes,227
2019,17,Male,Other unintentional injury,313
2019,17,Male,Stroke,7
2019,17,Male,Suicide,314
2019,18,Female,Alcohol-induced,8
2019,18,Female,Cancer,68
2019,18,Female,Chronic lower respiratory disease,4
2019,18,Female,Diabetes,8
2019,18,Female,Drug overdose,78
2019,18,Female,Heart disease,30
2019,18,Female,Homicide,84
2019,18,Female,Other causes,170
2019,18,Female,Other unintentional injury,223
2019,18,Female,Stroke,5
2019,18,Female,Suicide,84
2019,18,Male,Alcohol-induced,9
2019,18,Male,Cancer,80
2019,18,Male,Chronic lower respiratory disease,12
2019,18,Male,Diabetes,6
2019,18,Male,Drug overdose,151
2019,18,Male,Heart disease,39
2019,18,Male,Homicide,488
2019,18,Male,Other causes,323
2019,18,Male,Other unintentional injury,474
2019,18,Male,Stroke,12
2019,18,Male,Suicide,392
2019,19,Female,Alcohol-induced,6
2019,19,Female,Cancer,40
2019,19,Female,Chronic lower respiratory disease,8
2019,19,Female,Diabetes,16
2019,19,Female,Drug overdose,117
2019,19,Female,Heart disease,30
2019,19,Female,Homicide,87
2019,19,Female,Other causes,156
2019,19,Female,Other unintentional injury,232
2019,19,Female,Stroke,4
2019,19,Female,Suicide,86
2019,19,Male,Alcohol-induced,6
2019,19,Male,Cancer,85
2019,19,Male,Chronic lower respiratory disease,7
2019,19,Male,Diabetes,14
2019,19,Male,Drug overdose,243
2019,19,Male,Heart disease,47
2019,19,Male,Homicide,499
2019,19,Male,Other causes,359
2019,19,Male,Other unintentional injury,521
2019,19,Male,Stroke,8
2019,19,Male,Suicide,470
2019,20,Female,Alcohol-induced,2
2019,20,Female,Cancer,59
2019,20,Female,Chronic lower respiratory disease,7
2019,20,Female,Diabetes,8
2019,20,Female,Drug overdose,148
2019,20,Female,Heart disease,36
2019,20,Female,Homicide,80
2019,20,Female,Other causes,218
2019,20,Female,Other unintentional injury,216
2019,20,Female,Stroke,9
2019,20,Female,Suicide,86
2019,20,Male,Alcohol-induced,6
2019,20,Male,Cancer,90
2019,20,Male,Chronic lower respiratory disease,16
2019,20,Male,Diabetes,24
2019,20,Male,Drug overdose,403
2019,20,Male,Heart disease,46
2019,20,Male,Homicide,508
2019,20,Male,Other causes,340
2019,20,Male,Other unintentional injury,532
2019,20,Male,Stroke,8
2019,20,Male,Suicide,488
2019,21,Female,Alcohol-induced,3
2019,21,Female,Cancer,51
2019,21,Female,Chronic lower respiratory disease,7
2019,21,Female,Diabetes,17
2019,21,Female,Drug overdose,195
2019,21,Female,Heart disease,39
2019,21,Female,Homicide,85
2019,21,Female,Other causes,233
2019,21,Female,Other unintentional injury,222
2019,21,Female,Stroke,6
2019,21,Female,Suicide,96
2019,21,Male,Alcohol-induced,17
2019,21,Male,Cancer,88
2019,21,Male,Chronic lower respiratory disease,14
2019,21,Male,Diabetes,24
2019,21,Male,Drug overdose,465
2019,21,Male,Heart disease,71
2019,21,Male,Homicide,490
2019,21,Male,Other causes,403
2019,21,Male,Other unintentional injury,661
2019,21,Male,Stroke,9
2019,21,Male,Suicide,660
2019,22,Female,Alcohol-induced,5
2019,22,Female,Cancer,67
2019,22,Female,Chronic lower respiratory disease,6
2019,22,Female,Diabetes,16
2019,22,Female,Drug overdose,218
2019,22,Female,Heart disease,32
2019,22,Female,Homicide,79
2019,22,Female,Other causes,222
2019,22,Female,Other unintentional injury,212
2019,22,Female,Stroke,5
2019,22,Female,Suicide,119
2019,22,Male,Alcohol-induced,22
2019,22,Male,Cancer,88
2019,22,Male,Chronic lower respiratory disease,15
2019,22,Male,Diabetes,22
2019,22,Male,Drug overdose,567
2019,22,Male,Heart disease,72
2019,22,Male,Homicide,459
2019,22,Male,Other causes,401
2019,22,Male,Other unintentional injury,643
2019,22,Male,Stroke,9
2019,22,Male,Suicide,637
2019,23,Female,Alcohol-induced,9
2019,23,Female,Cancer,73
2019,23,Female,Chronic lower respiratory disease,11
2019,23,Female,Diabetes,17
2019,23,Female,Drug overdose,276
2019,23,Female,Heart disease,61
2019,23,Female,Homicide,100
2019,23,Female,Other causes,241
2019,23,Female,Other unintentional injury,248
2019,23,Female,Stroke,21
2019,23,Female,Suicide,116
2019,23,Male,Alcohol-induced,16
2019,23,Male,Cancer,97
2019,23,Male,Chronic lower respiratory disease,9
2019,23,Male,Diabetes,20
2019,23,Male,Drug overdose,616
2019,23,Male,Heart disease,81
2019,23,Male,Homicide,509
2019,23,Male,Other causes,424
2019,23,Male,Other unintentional injury,587
2019,23,Male,Stroke,12
2019,23,Male,Suicide,628
2019,24,Female,Alcohol-induced,20
2019,24,Female,Cancer,79
2019,24,Female,Chronic lower respiratory disease,9
2019,24,Female,Diabetes,17
2019,24,Female,Drug overdose,325
2019,24,Female,Heart disease,59
2019,24,Female,Homicide,84
2019,24,Female,Other causes,269
2019,24,Female,Other unintentional injury,202
2019,24,Female,Stroke,5
2019,24,Female,Suicide,116
2019,24,Male,Alcohol-induced,29
2019,24,Male,Cancer,117
2019,24,Male,Chronic lower respiratory disease,14
2019,24,Male,Diabetes,24
2019,24,Male,Drug overdose,740
2019,24,Male,Heart disease,89
2019,24,Male,Homicide,499
2019,24,Male,Other causes,471
2019,24,Male,Other unintentional injury,606
2019,24,Male,Stroke,19
2019,24,Male,Suicide,588
2019,25,Female,Alcohol-induced,18
2019,25,Female,Cancer,95
2019,25,Female,Chronic lower respiratory disease,12
2019,25,Female,Diabetes,19
2019,25,Female,Drug overdose,340
2019,25,Female,Heart disease,58
2019,25,Female,Homicide,79
2019,25,Female,Other causes,292
2019,25,Female,Other unintentional injury,223
2019,25,Female,Stroke,12
2019,25,Female,Suicide,125
2019,25,Male,Alcohol-induced,28
2019,25,Male,Cancer,143
2019,25,Male,Chronic lower respiratory disease,19
2019,25,Male,Diabetes,31
2019,25,Male,Drug overdose,900
2019,25,Male,Heart disease,100
2019,25,Male,Homicide,477
2019,25,Male,Other causes,510
2019,25,Male,Other unintentional injury,646
2019,25,Male,Stroke,17
2019,25,Male,Suicide,637
2019,26,Female,Alcohol-induced,26
2019,26,Female,Cancer,90
2019,26,Female,Chronic lower respiratory disease,10
2019,26,Female,Diabetes,22
2019,26,Female,Drug overdose,394
2019,26,Female,Heart disease,74
2019,26,Female,Homicide,85
2019,26,Female,Other causes,347
2019,26,Female,Other unintentional injury,217
2019,26,Female,Stroke,16
2019,26,Female,Suicide,122
2019,26,Male,Alcohol-induced,61
2019,26,Male,Cancer,123
2019,26,Male,Chronic lower respiratory disease,16
2019,26,Male,Diabetes,47
2019,26,Male,Drug overdose,981
2019,26,Male,Heart disease,147
2019,26,Male,Homicide,532
2019,26,Male,Other causes,575
2019,26,Male,Other unintentional injury,621
2019,26,Male,Stroke,21
2019,26,Male,Suicide,603
2019,27,Female,Alcohol-induced,42
2019,27,Female,Cancer,123
2019,27,Female,Chronic lower respiratory disease,14
2019,27,Female,Diabetes,26
2019,27,Female,Drug overdose,417
2019,27,Female,Heart disease,88
2019,27,Female,Homicide,82
2019,27,Female,Other causes,368
2019,27,Female,Other unintentional injury,228
2019,27,Female,Stroke,23
2019,27,Female,Suicide,117
2019,27,Male,Alcohol-induced,82
2019,27,Male,Cancer,141
2019,27,Male,Chronic lower respiratory disease,13
2019,27,Male,Diabetes,41
2019,27,Male,Drug overdose,1089
2019,27,Male,Heart disease,148
2019,27,Male,Homicide,534
2019,27,Male,Other causes,603
2019,27,Male,Other unintentional injury,602
2019,27,Male,Stroke,22
2019,27,Male,Suicide,619
2019,28,Female,Alcohol-induced,47
2019,28,Female,Cancer,148
2019,28,Female,Chronic lower respiratory disease,14
2019,28,Female,Diabetes,16
2019,28,Female,Drug overdose,477
2019,28,Female,Heart disease,85
2019,28,Female,Homicide,79
2019,28,Female,Other causes,387
2019,28,Female,Other unintentional injury,223
2019,28,Female,Stroke,22
2019,28,Female,Suicide,139
2019,28,Male,Alcohol-induced,86
2019,28,Male,Cancer,156
2019,28,Male,Chronic lower respiratory disease,14
2019,28,Male,Diabetes,55
2019,28,Male,Drug overdose,1181
2019,28,Male,Heart disease,194
2019,28,Male,Homicide,497
2019,28,Male,Other causes,628
2019,28,Male,Other unintentional injury,651
2019,28,Male,Stroke,25
2019,28,Male,Suicide,666
2019,29,Female,Alcohol-induced,51
2019,29,Female,Cancer,161
2019,29,Female,Chronic lower respiratory disease,16
2019,29,Female,Diabetes,31
2019,29,Female,Drug overdose,495
2019,29,Female,Heart disease,117
2019,29,Female,Homicide,79
2019,29,Female,Other causes,414
2019,29,Female,Other unintentional injury,223
2019,29,Female,Stroke,21
2019,29,Female,Suicide,119
2019,29,Male,Alcohol-induced,111
2019,29,Male,Cancer,178
2019,29,Male,Chronic lower respiratory disease,19
2019,29,Male,Diabetes,49
2019,29,Male,Drug overdose,1246
2019,29,Male,Heart disease,211
2019,29,Male,Homicide,464
2019,29,Male,Other causes,705
2019,29,Male,Other unintentional injury,646
2019,29,Male,Stroke,24
2019,29,Male,Suicide,644
2019,30,Female,Alcohol-induced,62
2019,30,Female,Cancer,193
2019,30,Female,Chronic lower respiratory disease,27
2019,30,Female,Diabetes,41
2019,30,Female,Drug overdose,517
2019,30,Female,Heart disease,127
2019,30,Female,Homicide,79
2019,30,Female,Other causes,469
2019,30,Female,Other unintentional injury,209
2019,30,Female,Stroke,36
2019,30,Female,Suicide,129
2019,30,Male,Alcohol-induced,159
2019,30,Male,Cancer,166
2019,30,Male,Chronic lower respiratory disease,26
2019,30,Male,Diabetes,55
2019,30,Male,Drug overdose,1220
2019,30,Male,Heart disease,221
2019,30,Male,Homicide,484
2019,30,Male,Other causes,755
2019,30,Male,Other unintentional injury,581
2019,30,Male,Stroke,30
2019,30,Male,Suicide,626
2019,31,Female,Alcohol-induced,85
2019,31,Female,Alzheimer disease,1
2019,31,Female,Cancer,206
2019,31,Female,Chronic lower respiratory disease,20
2019,31,Female,Diabetes,33
2019,31,Female,Drug overdose,510
2019,31,Female,Heart disease,131
2019,31,Female,Homicide,82
2019,31,Female,Other causes,509
2019,31,Female,Other unintentional injury,191
2019,31,Female,Stroke,35
2019,31,Female,Suicide,148
2019,31,Male,Alcohol-induced,147
2019,31,Male,Cancer,179
2019,31,Male,Chronic lower respiratory disease,20
2019,31,Male,Diabetes,58
2019,31,Male,Drug overdose,1307
2019,31,Male,Heart disease,289
2019,31,Male,Homicide,440
2019,31,Male,Other causes,690
2019,31,Male,Other unintentional injury,513
2019,31,Male,Stroke,39
2019,31,Male,Suicide,617
2019,32,Female,Alcohol-induced,84
2019,32,Female,Cancer,246
2019,32,Female,Chronic lower respiratory disease,19
2019,32,Female,Diabetes,43
2019,32,Female,Drug overdose,499
2019,32,Female,Heart disease,150
2019,32,Female,Homicide,83
2019,32,Female,Other causes,536
2019,32,Female,Other unintentional injury,185
2019,32,Female,Stroke,38
2019,32,Female,Suicide,126
2019,32,Male,Alcohol-induced,169
2019,32,Male,Cancer,209
2019,32,Male,Chronic lower respiratory disease,26
2019,32,Male,Diabetes,72
2019,32,Male,Drug overdose,1201
2019,32,Male,Heart disease,305
2019,32,Male,Homicide,381
2019,32,Male,Other causes,751
2019,32,Male,Other unintentional injury,550
2019,32,Male,Stroke,41
2019,32,Male,Suicide,599
2019,33,Female,Alcohol-induced,122
2019,33,Female,Cancer,295
2019,33,Female,Chronic lower respiratory disease,20
2019,33,Female,Diabetes,46
2019,33,Female,Drug overdose,567
2019,33,Female,Heart disease,162
2019,33,Female,Homicide,76
2019,33,Female,Other causes,611
2019,33,Female,Other unintentional injury,222
2019,33,Female,Stroke,34
2019,33,Female,Suicide,124
2019,33,Male,Alcohol-induced,204
2019,33,Male,Alzheimer disease,1
2019,33,Male,Cancer,215
2019,33,Male,Chronic lower respiratory disease,19
2019,33,Male,Diabetes,62
2019,33,Male,Drug overdose,1251
2019,33,Male,Heart disease,329
2019,33,Male,Homicide,375
2019,33,Male,Other causes,821
2019,33,Male,Other unintentional injury,503
2019,33,Male,Stroke,41
2019,33,Male,Suicide,619
2019,34,Female,Alcohol-induced,116
2019,34,Female,Cancer,281
2019,34,Female,Chronic lower respiratory disease,24
2019,34,Female,Diabetes,48
2019,34,Female,Drug overdose,571
2019,34,Female,Heart disease,176
2019,34,Female,Homicide,84
2019,34,Female,Other causes,581
2019,34,Female,Other unintentional injury,174
2019,34,Female,Stroke,41
2019,34,Female,Suicide,123
2019,34,Male,Alcohol-induced,228
2019,34,Male,Cancer,245
2019,34,Male,Chronic lower respiratory disease,21
2019,34,Male,Diabetes,95
2019,34,Male,Drug overdose,1284
2019,34,Male,Heart disease,372
2019,34,Male,Homicide,343
2019,34,Male,Other causes,841
2019,34,Male,Other unintentional injury,559
2019,34,Male,Stroke,53
2019,34,Male,Suicide,642
2019,35,Female,Alcohol-induced,110
2019,35,Female,Cancer,357
2019,35,Female,Chronic lower respiratory disease,30
2019,35,Female,Diabetes,46
2019,35,Female,Drug overdose,590
2019,35,Female,Heart disease,192
2019,35,Female,Homicide,65
2019,35,Female,Other causes,588
2019,35,Female,Other unintentional injury,177
2019,35,Female,Stroke,53
2019,35,Female,Suicide,127
2019,35,Male,Alcohol-induced,221
2019,35,Male,Cancer,293
2019,35,Male,Chronic lower respiratory disease,22
2019,35,Male,Diabetes,72
2019,35,Male,Drug overdose,1308
2019,35,Male,Heart disease,421
2019,35,Male,Homicide,330
2019,35,Male,Other causes,890
2019,35,Male,Other unintentional injury,540
2019,35,Male,Stroke,51
2019,35,Male,Suicide,567
2019,36,Female,Alcohol-induced,128
2019,36,Female,Cancer,430
2019,36,Female,Chronic lower respiratory disease,23
2019,36,Female,Diabetes,60
2019,36,Female,Drug overdose,531
2019,36,Female,Heart disease,191
2019,36,Female,Homicide,80
2019,36,Female,Other causes,683
2019,36,Female,Other unintentional injury,184
2019,36,Female,Stroke,53
2019,36,Female,Suicide,122
2019,36,Male,Alcohol-induced,272
2019,36,Male,Cancer,270
2019,36,Male,Chronic lower respiratory disease,26
2019,36,Male,Diabetes,86
2019,36,Male,Drug overdose,1316
2019,36,Male,Heart disease,450
2019,36,Male,Homicide,334
2019,36,Male,Other causes,936
2019,36,Male,Other unintentional injury,547
2019,36,Male,Stroke,61
2019,36,Male,Suicide,592
2019,37,Female,Alcohol-induced,129
2019,37,Female,Cancer,481
2019,37,Female,Chronic lower respiratory disease,23
2019,37,Female,Diabetes,59
2019,37,Female,Drug overdose,536
2019,37,Female,Heart disease,239
2019,37,Female,Homicide,87
2019,37,Female,Other causes,678
2019,37,Female,Other unintentional injury,183
2019,37,Female,Stroke,61
2019,37,Female,Suicide,159
2019,37,Male,Alcohol-induced,280
2019,37,Male,Cancer,357
2019,37,Male,Chronic lower respiratory disease,25
2019,37,Male,Diabetes,106
2019,37,Male,Drug overdose,1312
2019,37,Male,Heart disease,516
2019,37,Male,Homicide,317
2019,37,Male,Other causes,1011
2019,37,Male,Other unintentional injury,544
2019,37,Male,Stroke,69
2019,37,Male,Suicide,561
2019,38,Female,Alcohol-induced,142
2019,38,Female,Cancer,557
2019,38,Female,Chronic lower respiratory disease,22
2019,38,Female,Diabetes,70
2019,38,Female,Drug overdose,573
2019,38,Female,Heart disease,298
2019,38,Female,Homicide,59
2019,38,Female,Other causes,789
2019,38,Female,Other unintentional injury,193
2019,38,Female,Stroke,62
2019,38,Female,Suicide,143
2019,38,Male,Alcohol-induced,312
2019,38,Male,Alzheimer disease,1
2019,38,Male,Cancer,351
2019,38,Male,Chronic lower respiratory disease,34
2019,38,Male,Diabetes,120
2019,38,Male,Drug overdose,1267
2019,38,Male,Heart disease,619
2019,38,Male,Homicide,276
2019,38,Male,Other causes,1094
2019,38,Male,Other unintentional injury,545
2019,38,Male,Stroke,86
2019,38,Male,Suicide,611
2019,39,Female,Alcohol-induced,169
2019,39,Female,Cancer,596
2019,39,Female,Chronic lower respiratory disease,29
2019,39,Female,Diabetes,97
2019,39,Female,Drug overdose,573
2019,39,Female,Heart disease,338
2019,39,Female,Homicide,69
2019,39,Female,Other causes,819
2019,39,Female,Other unintentional injury,199
2019,39,Female,Stroke,76
2019,39,Female,Suicide,130
2019,39,Male,Alcohol-induced,293
2019,39,Male,Alzheimer disease,2
2019,39,Male,Cancer,441
2019,39,Male,Chronic lower respiratory disease,30
2019,39,Male,Diabetes,140
2019,39,Male,Drug overdose,1256
2019,39,Male,Heart disease,623
2019,39,Male,Homicide,296
2019,39,Male,Other causes,1130
2019,39,Male,Other unintentional injury,504
2019,39,Male,Stroke,87
2019,39,Male,Suicide,606
2019,40,Female,Alcohol-induced,176
2019,40,Female,Alzheimer disease,1
2019,40,Female,Cancer,638
2019,40,Female,Chronic lower respiratory disease,40
2019,40,Female,Diabetes,76
2019,40,Female,Drug overdose,491
2019,40,Female,Heart disease,357
2019,40,Female,Homicide,72
2019,40,Female,Other causes,785
2019,40,Female,Other unintentional injury,183
2019,40,Female,Stroke,78
2019,40,Female,Suicide,127
2019,40,Male,Alcohol-induced,352
2019,40,Male,Cancer,473
2019,40,Male,Chronic lower respiratory disease,32
2019,40,Male,Diabetes,136
2019,40,Male,Drug overdose,1266
2019,40,Male,Heart disease,781
2019,40,Male,Homicide,289
2019,40,Male,Other causes,1161
2019,40,Male,Other unintentional injury,510
2019,40,Male,Stroke,108
2019,40,Male,Suicide,546
2019,41,Female,Alcohol-induced,170
2019,41,Female,Cancer,710
2019,41,Female,Chronic lower respiratory disease,43
2019,41,Female,Diabetes,99
2019,41,Female,Drug overdose,452
2019,41,Female,Heart disease,378
2019,41,Female,Homicide,66
2019,41,Female,Other causes,784
2019,41,Female,Other unintentional injury,174
2019,41,Female,Stroke,85
2019,41,Female,Suicide,120
2019,41,Male,Alcohol-induced,328
2019,41,Male,Alzheimer disease,1
2019,41,Male,Cancer,478
2019,41,Male,Chronic lower respiratory disease,33
2019,41,Male,Diabetes,184
2019,41,Male,Drug overdose,1126
2019,41,Male,Heart disease,804
2019,41,Male,Homicide,241
2019,41,Male,Other causes,1123
2019,41,Male,Other unintentional injury,491
2019,41,Male,Stroke,106
2019,41,Male,Suicide,504
2019,42,Female,Alcohol-induced,144
2019,42,Female,Cancer,718
2019,42,Female,Chronic lower respiratory disease,38
2019,42,Female,Diabetes,97
2019,42,Female,Drug overdose,477
2019,42,Female,Heart disease,388
2019,42,Female,Homicide,69
2019,42,Female,Other causes,824
2019,42,Female,Other unintentional injury,171
2019,42,Female,Stroke,94
2019,42,Female,Suicide,128
2019,42,Male,Alcohol-induced,329
2019,42,Male,Cancer,564
2019,42,Male,Chronic lower respiratory disease,24
2019,42,Male,Diabetes,164
2019,42,Male,Drug overdose,1064
2019,42,Male,Heart disease,925
2019,42,Male,Homicide,266
2019,42,Male,Other causes,1250
2019,42,Male,Other unintentional injury,474
2019,42,Male,Stroke,121
2019,42,Male,Suicide,514
2019,43,Female,Alcohol-induced,154
2019,43,Female,Cancer,824
2019,43,Female,Chronic lower respiratory disease,56
2019,43,Female,Diabetes,96
2019,43,Female,Drug overdose,445
2019,43,Female,Heart disease,413
2019,43,Female,Homicide,62
2019,43,Female,Other causes,935
2019,43,Female,Other unintentional injury,162
2019,43,Female,Stroke,106
2019,43,Female,Suicide,131
2019,43,Male,Alcohol-induced,366
2019,43,Male,Alzheimer disease,3
2019,43,Male,Cancer,590
2019,43,Male,Chronic lower respiratory disease,37
2019,43,Male,Diabetes,161
2019,43,Male,Drug overdose,979
2019,43,Male,Heart disease,974
2019,43,Male,Homicide,227
2019,43,Male,Other causes,1209
2019,43,Male,Other unintentional injury,429
2019,43,Male,Stroke,128
2019,43,Male,Suicide,505
2019,44,Female,Alcohol-induced,179
2019,44,Female,Alzheimer disease,1
2019,44,Female,Cancer,882
2019,44,Female,Chronic lower respiratory disease,53
2019,44,Female,Diabetes,135
2019,44,Female,Drug overdose,444
2019,44,Female,Heart disease,516
2019,44,Female,Homicide,57
2019,44,Female,Other causes,923
2019,44,Female,Other unintentional injury,144
2019,44,Female,Stroke,118
2019,44,Female,Suicide,123
2019,44,Male,Alcohol-induced,383
2019,44,Male,Alzheimer disease,1
2019,44,Male,Cancer,721
2019,44,Male,Chronic lower respiratory disease,41
2019,44,Male,Diabetes,231
2019,44,Male,Drug overdose,956
2019,44,Male,Heart disease,1064
2019,44,Male,Homicide,177
2019,44,Male,Other causes,1308
2019,44,Male,Other unintentional injury,451
2019,44,Male,Stroke,152
2019,44,Male,Suicide,514
2019,45,Female,Alcohol-induced,181
2019,45,Female,Alzheimer disease,3
2019,45,Female,Cancer,991
2019,45,Female,Chronic lower respiratory disease,87
2019,45,Female,Diabetes,133
2019,45,Female,Drug overdose,463
2019,45,Female,Heart disease,519
2019,45,Female,Homicide,58
2019,45,Female,Other causes,1001
2019,45,Female,Other unintentional injury,168
2019,45,Female,Stroke,140
2019,45,Female,Suicide,131
2019,45,Male,Alcohol-induced,405
2019,45,Male,Alzheimer disease,3
2019,45,Male,Cancer,820
2019,45,Male,Chronic lower respiratory disease,56
2019,45,Male,Diabetes,233
2019,45,Male,Drug overdose,917
2019,45,Male,Heart disease,1189
2019,45,Male,Homicide,183
2019,45,Male,Other causes,1443
2019,45,Male,Other unintentional injury,450
2019,45,Male,Stroke,159
2019,45,Male,Suicide,510
2019,46,Female,Alcohol-induced,234
2019,46,Female,Alzheimer disease,5
2019,46,Female,Cancer,1156
2019,46,Female,Chronic lower respiratory disease,116
2019,46,Female,Diabetes,147
2019,46,Female,Drug overdose,436
2019,46,Female,Heart disease,568
2019,46,Female,Homicide,47
2019,46,Female,Other causes,1110
2019,46,Female,Other unintentional injury,168
2019,46,Female,Stroke,150
2019,46,Female,Suicide,133
2019,46,Male,Alcohol-induced,435
2019,46,Male,Alzheimer disease,3
2019,46,Male,Cancer,947
2019,46,Male,Chronic lower respiratory disease,69
2019,46,Male,Diabetes,250
2019,46,Male,Drug overdose,875
2019,46,Male,Heart disease,1439
2019,46,Male,Homicide,182
2019,46,Male,Other causes,1602
2019,46,Male,Other unintentional injury,445
2019,46,Male,Stroke,226
2019,46,Male,Suicide,512
2019,47,Female,Alcohol-induced,265
2019,47,Female,Alzheimer disease,1
2019,47,Female,Cancer,1313
2019,47,Female,Chronic lower respiratory disease,106
2019,47,Female,Diabetes,158
2019,47,Female,Drug overdose,509
2019,47,Female,Heart disease,668
2019,47,Female,Homicide,51
2019,47,Female,Other causes,1254
2019,47,Female,Other unintentional injury,163
2019,47,Female,Stroke,180
2019,47,Female,Suicide,139
2019,47,Male,Alcohol-induced,493
2019,47,Male,Alzheimer disease,3
2019,47,Male,Cancer,1128
2019,47,Male,Chronic lower respiratory disease,73
2019,47,Male,Diabetes,300
2019,47,Male,Drug overdose,980
2019,47,Male,Heart disease,1595
2019,47,Male,Homicide,167
2019,47,Male,Other causes,1812
2019,47,Male,Other unintentional injury,515
2019,47,Male,Stroke,236
2019,47,Male,Suicide,545
2019,48,Female,Alcohol-induced,237
2019,48,Female,Alzheimer disease,2
2019,48,Female,Cancer,1606
2019,48,Female,Chronic lower respiratory disease,147
2019,48,Female,Diabetes,190
2019,48,Female,Drug overdose,557
2019,48,Female,Heart disease,786
2019,48,Female,Homicide,54
2019,48,Female,Other causes,1434
2019,48,Female,Other unintentional injury,191
2019,48,Female,Stroke,192
2019,48,Female,Suicide,167
2019,48,Male,Alcohol-induced,591
2019,48,Male,Alzheimer disease,2
2019,48,Male,Cancer,1352
2019,48,Male,Chronic lower respiratory disease,94
2019,48,Male,Diabetes,338
2019,48,Male,Drug overdose,1063
2019,48,Male,Heart disease,1892
2019,48,Male,Homicide,193
2019,48,Male,Other causes,2037
2019,48,Male,Other unintentional injury,528
2019,48,Male,Stroke,245
2019,48,Male,Suicide,578
2019,49,Female,Alcohol-induced,276
2019,49,Female,Alzheimer disease,3
2019,49,Female,Cancer,1759
2019,49,Female,Chronic lower respiratory disease,141
2019,49,Female,Diabetes,233
2019,49,Female,Drug overdose,571
2019,49,Female,Heart disease,864
2019,49,Female,Homicide,53
2019,49,Female,Other causes,1479
2019,49,Female,Other unintentional injury,202
2019,49,Female,Stroke,205
2019,49,Female,Suicide,167
2019,49,Male,Alcohol-induced,607
2019,49,Male,Alzheimer disease,4
2019,49,Male,Cancer,1516
2019,49,Male,Chronic lower respiratory disease,140
2019,49,Male,Diabetes,402
2019,49,Male,Drug overdose,1070
2019,49,Male,Heart disease,1960
2019,49,Male,Homicide,163
2019,49,Male,Other causes,2273
2019,49,Male,Other unintentional injury,514
2019,49,Male,Stroke,287
2019,49,Male,Suicide,607
2019,50,Female,Alcohol-induced,333
2019,50,Female,Alzheimer disease,8
2019,50,Female,Cancer,1867
2019,50,Female,Chronic lower respiratory disease,168
2019,50,Female,Diabetes,234
2019,50,Female,Drug overdose,482
2019,50,Female,Heart disease,967
2019,50,Female,Homicide,38
2019,50,Female,Other causes,1617
2019,50,Female,Other unintentional injury,167
2019,50,Female,Stroke,211
2019,50,Female,Suicide,150
2019,50,Male,Alcohol-induced,677
2019,50,Male,Alzheimer disease,6
2019,50,Male,Cancer,1740
2019,50,Male,Chronic lower respiratory disease,139
2019,50,Male,Diabetes,417
2019,50,Male,Drug overdose,1049
2019,50,Male,Heart disease,2194
2019,50,Male,Homicide,141
2019,50,Male,Other causes,2263
2019,50,Male,Other unintentional injury,528
2019,50,Male,Stroke,294
2019,50,Male,Suicide,545
2019,51,Female,Alcohol-induced,265
2019,51,Female,Alzheimer disease,3
2019,51,Female,Cancer,2068
2019,51,Female,Chronic lower respiratory disease,201
2019,51,Female,Diabetes,241
2019,51,Female,Drug overdose,521
2019,51,Female,Heart disease,972
2019,51,Female,Homicide,46
2019,51,Female,Other causes,1680
2019,51,Female,Other unintentional injury,182
2019,51,Female,Stroke,244
2019,51,Female,Suicide,141
2019,51,Male,Alcohol-induced,660
2019,51,Male,Alzheimer disease,4
2019,51,Male,Cancer,1892
2019,51,Male,Chronic lower respiratory disease,191
2019,51,Male,Diabetes,455
2019,51,Male,Drug overdose,990
2019,51,Male,Heart disease,2430
2019,51,Male,Homicide,131
2019,51,Male,Other causes,2552
2019,51,Male,Other unintentional injury,535
2019,51,Male,Stroke,332
2019,51,Male,Suicide,547
2019,52,Female,Alcohol-induced,308
2019,52,Female,Alzheimer disease,14
2019,52,Female,Cancer,2188
2019,52,Female,Chronic lower respiratory disease,264
2019,52,Female,Diabetes,256
2019,52,Female,Drug overdose,577
2019,52,Female,Heart disease,1114
2019,52,Female,Homicide,60
2019,52,Female,Other causes,1831
2019,52,Female,Other unintentional injury,201
2019,52,Female,Stroke,254
2019,52,Female,Suicide,142
2019,52,Male,Alcohol-induced,732
2019,52,Male,Alzheimer disease,8
2019,52,Male,Cancer,2162
2019,52,Male,Chronic lower respiratory disease,218
2019,52,Male,Diabetes,508
2019,52,Male,Drug overdose,999
2019,52,Male,Heart disease,2736
2019,52,Male,Homicide,127
2019,52,Male,Other causes,2743
2019,52,Male,Other unintentional injury,531
2019,52,Male,Stroke,366
2019,52,Male,Suicide,532
2019,53,Female,Alcohol-induced,350
2019,53,Female,Alzheimer disease,7
2019,53,Female,Cancer,2659
2019,53,Female,Chronic lower respiratory disease,318
2019,53,Female,Diabetes,310
2019,53,Female,Drug overdose,552
2019,53,Female,Heart disease,1215
2019,53,Female,Homicide,50
2019,53,Female,Other causes,1970
2019,53,Female,Other unintentional injury,183
2019,53,Female,Stroke,296
2019,53,Female,Suicide,157
2019,53,Male,Alcohol-induced,787
2019,53,Male,Alzheimer disease,9
2019,53,Male,Cancer,2438
2019,53,Male,Chronic lower respiratory disease,267
2019,53,Male,Diabetes,564
2019,53,Male,Drug overdose,981
2019,53,Male,Heart disease,3050
2019,53,Male,Homicide,116
2019,53,Male,Other causes,2955
2019,53,Male,Other unintentional injury,552
2019,53,Male,Stroke,372
2019,53,Male,Suicide,518
2019,54,Female,Alcohol-induced,348
2019,54,Female,Alzheimer disease,15
2019,54,Female,Cancer,2976
2019,54,Female,Chronic lower respiratory disease,430
2019,54,Female,Diabetes,362
2019,54,Female,Drug overdose,558
2019,54,Female,Heart disease,1480
2019,54,Female,Homicide,39
2019,54,Female,Other causes,2273
2019,54,Female,Other unintentional injury,230
2019,54,Female,Stroke,335
2019,54,Female,Suicide,163
2019,54,Male,Alcohol-induced,881
2019,54,Male,Alzheimer disease,13
2019,54,Male,Cancer,3106
2019,54,Male,Chronic lower respiratory disease,371
2019,54,Male,Diabetes,632
2019,54,Male,Drug overdose,1073
2019,54,Male,Heart disease,3539
2019,54,Male,Homicide,150
2019,54,Male,Other causes,3426
2019,54,Male,Other unintentional injury,617
2019,54,Male,Stroke,452
2019,54,Male,Suicide,554
2019,55,Female,Alcohol-induced,423
2019,55,Female,Alzheimer disease,25
2019,55,Female,Cancer,3403
2019,55,Female,Chronic lower respiratory disease,473
2019,55,Female,Diabetes,357
2019,55,Female,Drug overdose,584
2019,55,Female,Heart disease,1635
2019,55,Female,Homicide,43
2019,55,Female,Other causes,2612
2019,55,Female,Other unintentional injury,227
2019,55,Female,Stroke,360
2019,55,Female,Suicide,141
2019,55,Male,Alcohol-induced,954
2019,55,Male,Alzheimer disease,17
2019,55,Male,Cancer,3763
2019,55,Male,Chronic lower respiratory disease,486
2019,55,Male,Diabetes,670
2019,55,Male,Drug overdose,1150
2019,55,Male,Heart disease,3789
2019,55,Male,Homicide,150
2019,55,Male,Other causes,3909
2019,55,Male,Other unintentional injury,642
2019,55,Male,Stroke,491
2019,55,Male,Suicide,611
2019,56,Female,Alcohol-induced,411
2019,56,Female,Alzheimer disease,30
2019,56,Female,Cancer,3762
2019,56,Female,Chronic lower respiratory disease,531
2019,56,Female,Diabetes,450
2019,56,Female,Drug overdose,557
2019,56,Female,Heart disease,1849
2019,56,Female,Homicide,30
2019,56,Female,Other causes,2847
2019,56,Female,Other unintentional injury,210
2019,56,Female,Stroke,375
2019,56,Female,Suicide,155
2019,56,Male,Alcohol-induced,1093
2019,56,Male,Alzheimer disease,20
2019,56,Male,Cancer,4026
2019,56,Male,Chronic lower respiratory disease,495
2019,56,Male,Diabetes,723
2019,56,Male,Drug overdose,1030
2019,56,Male,Heart disease,4345
2019,56,Male,Homicide,143
2019,56,Male,Other causes,4157
2019,56,Male,Other unintentional injury,635
2019,56,Male,Stroke,592
2019,56,Male,Suicide,633
2019,57,Female,Alcohol-induced,451
2019,57,Female,Alzheimer disease,27
2019,57,Female,Cancer,4245
2019,57,Female,Chronic lower respiratory disease,699
2019,57,Female,Diabetes,479
2019,57,Female,Drug overdose,544
2019,57,Female,Heart disease,2003
2019,57,Female,Homicide,43
2019,57,Female,Other causes,3088
2019,57,Female,Other unintentional injury,217
2019,57,Female,Stroke,408
2019,57,Female,Suicide,151
2019,57,Male,Alcohol-induced,1046
2019,57,Male,Alzheimer disease,36
2019,57,Male,Cancer,4574
2019,57,Male,Chronic lower respiratory disease,665
2019,57,Male,Diabetes,876
2019,57,Male,Drug overdose,994
2019,57,Male,Heart disease,4695
2019,57,Male,Homicide,136
2019,57,Male,Other causes,4488
2019,57,Male,Other unintentional injury,649
2019,57,Male,Stroke,611
2019,57,Male,Suicide,670
2019,58,Female,Alcohol-induced,397
2019,58,Female,Alzheimer disease,42
2019,58,Female,Cancer,4620
2019,58,Female,Chronic lower respiratory disease,823
2019,58,Female,Diabetes,504
2019,58,Female,Drug overdose,528
2019,58,Female,Heart disease,2222
2019,58,Female,Homicide,55
2019,58,Female,Other causes,3466
2019,58,Female,Other unintentional injury,214
2019,58,Female,Stroke,465
2019,58,Female,Suicide,147
2019,58,Male,Alcohol-induced,999
2019,58,Male,Alzheimer disease,38
2019,58,Male,Cancer,5198
2019,58,Male,Chronic lower respiratory disease,727
2019,58,Male,Diabetes,944
2019,58,Male,Drug overdose,1011
2019,58,Male,Heart disease,5101
2019,58,Male,Homicide,137
2019,58,Male,Other causes,4831
2019,58,Male,Other unintentional injury,726
2019,58,Male,Stroke,632
2019,58,Male,Suicide,651
2019,59,Female,Alcohol-induced,394
2019,59,Female,Alzheimer disease,68
2019,59,Female,Cancer,5009
2019,59,Female,Chronic lower respiratory disease,891
2019,59,Female,Diabetes,566
2019,59,Female,Drug overdose,470
2019,59,Female,Heart disease,2333
2019,59,Female,Homicide,52
2019,59,Female,Other causes,3593
2019,59,Female,Other unintentional injury,214
2019,59,Female,Stroke,526
2019,59,Female,Suicide,132
2019,59,Male,Alcohol-induced,1053
2019,59,Male,Alzheimer disease,43
2019,59,Male,Cancer,5875
2019,59,Male,Chronic lower respiratory disease,894
2019,59,Male,Diabetes,915
2019,59,Male,Drug overdose,949
2019,59,Male,Heart disease,5514
2019,59,Male,Homicide,115
2019,59,Male,Other causes,5174
2019,59,Male,Other unintentional injury,667
2019,59,Male,Stroke,736
2019,59,Male,Suicide,645
2019,60,Female,Alcohol-induced,421
2019,60,Female,Alzheimer disease,74
2019,60,Female,Cancer,5478
2019,60,Female,Chronic lower respiratory disease,1100
2019,60,Female,Diabetes,596
2019,60,Female,Drug overdose,431
2019,60,Female,Heart disease,2549
2019,60,Female,Homicide,34
2019,60,Female,Other causes,3849
2019,60,Female,Other unintentional injury,213
2019,60,Female,Stroke,562
2019,60,Female,Suicide,127
2019,60,Male,Alcohol-induced,1020
2019,60,Male,Alzheimer disease,57
2019,60,Male,Cancer,6209
2019,60,Male,Chronic lower respiratory disease,948
2019,60,Male,Diabetes,1043
2019,60,Male,Drug overdose,853
2019,60,Male,Heart disease,5731
2019,60,Male,Homicide,112
2019,60,Male,Other causes,5512
2019,60,Male,Other unintentional injury,638
2019,60,Male,Stroke,756
2019,60,Male,Suicide,551
2019,61,Female,Alcohol-induced,342
2019,61,Female,Alzheimer disease,109
2019,61,Female,Cancer,5914
2019,61,Female,Chronic lower respiratory disease,1103
2019,61,Female,Diabetes,635
2019,61,Female,Drug overdose,361
2019,61,Female,Heart disease,2836
2019,61,Female,Homicide,40
2019,61,Female,Other causes,4071
2019,61,Female,Other unintentional injury,224
2019,61,Female,Stroke,619
2019,61,Female,Suicide,125
2019,61,Male,Alcohol-induced,1033
2019,61,Male,Alzheimer disease,64
2019,61,Male,Cancer,7219
2019,61,Male,Chronic lower respiratory disease,1093
2019,61,Male,Diabetes,1064
2019,61,Male,Drug overdose,794
2019,61,Male,Heart disease,6083
2019,61,Male,Homicide,102
2019,61,Male,Other causes,5797
2019,61,Male,Other unintentional injury,675
2019,61,Male,Stroke,834
2019,61,Male,Suicide,543
2019,62,Female,Alcohol-induced,347
2019,62,Female,Alzheimer disease,104
2019,62,Female,Cancer,6121
2019,62,Female,Chronic lower respiratory disease,1184
2019,62,Female,Diabetes,703
2019,62,Female,Drug overdose,351
2019,62,Female,Heart disease,3042
2019,62,Female,Homicide,43
2019,62,Female,Other causes,4435
2019,62,Female,Other unintentional injury,220
2019,62,Female,Stroke,693
2019,62,Female,Suicide,120
2019,62,Male,Alcohol-induced,1021
2019,62,Male,Alzheimer disease,71
2019,62,Male,Cancer,7565
2019,62,Male,Chronic lower respiratory disease,1260
2019,62,Male,Diabetes,1107
2019,62,Male,Drug overdose,653
2019,62,Male,Heart disease,6728
2019,62,Male,Homicide,107
2019,62,Male,Other causes,6190
2019,62,Male,Other unintentional injury,613
2019,62,Male,Stroke,917
2019,62,Male,Suicide,546
2019,63,Female,Alcohol-induced,333
2019,63,Female,Alzheimer disease,115
2019,63,Female,Cancer,6302
2019,63,Female,Chronic lower respiratory disease,1232
2019,63,Female,Diabetes,745
2019,63,Female,Drug overdose,291
2019,63,Female,Heart disease,3162
2019,63,Female,Homicide,37
2019,63,Female,Other causes,4656
2019,63,Female,Other unintentional injury,219
2019,63,Female,Stroke,662
2019,63,Female,Suicide,127
2019,63,Male,Alcohol-induced,948
2019,63,Male,Alzheimer disease,97
2019,63,Male,Cancer,7939
2019,63,Male,Chronic lower respiratory disease,1395
2019,63,Male,Diabetes,1208
2019,63,Male,Drug overdose,640
2019,63,Male,Heart disease,6857
2019,63,Male,Homicide,86
2019,63,Male,Other causes,6485
2019,63,Male,Other unintentional injury,602
2019,63,Male,Stroke,914
2019,63,Male,Suicide,465
2019,64,Female,Alcohol-induced,324
2019,64,Female,Alzheimer disease,149
2019,64,Female,Cancer,6635
2019,64,Female,Chronic lower respiratory disease,1312
2019,64,Female,Diabetes,739
2019,64,Female,Drug overdose,310
2019,64,Female,Heart disease,3361
2019,64,Female,Homicide,27
2019,64,Female,Other causes,4871
2019,64,Female,Other unintentional injury,203
2019,64,Female,Stroke,747
2019,64,Female,Suicide,97
2019,64,Male,Alcohol-induced,870
2019,64,Male,Alzheimer disease,97
2019,64,Male,Cancer,8156
2019,64,Male,Chronic lower respiratory disease,1467
2019,64,Male,Diabetes,1216
2019,64,Male,Drug overdose,525
2019,64,Male,Heart disease,7197
2019,64,Male,Homicide,74
2019,64,Male,Other causes,6565
2019,64,Male,Other unintentional injury,566
2019,64,Male,Stroke,1077
2019,64,Male,Suicide,509
2019,65,Female,Alcohol-induced,269
2019,65,Female,Alzheimer disease,183
2019,65,Female,Cancer,6779
2019,65,Female,Chronic lower respiratory disease,1411
2019,65,Female,Diabetes,775
2019,65,Female,Drug overdose,220
2019,65,Female,Heart disease,3327
2019,65,Female,Homicide,34
2019,65,Female,Other causes,5027
2019,65,Female,Other unintentional injury,210
2019,65,Female,Stroke,774
2019,65,Female,Suicide,88
2019,65,Male,Alcohol-induced,833
2019,65,Male,Alzheimer disease,131
2019,65,Male,Cancer,8492
2019,65,Male,Chronic lower respiratory disease,1580
2019,65,Male,Diabetes,1254
2019,65,Male,Drug overdose,493
2019,65,Male,Heart disease,7303
2019,65,Male,Homicide,80
2019,65,Male,Other causes,6995
2019,65,Male,Other unintentional injury,571
2019,65,Male,Stroke,1045
2019,65,Male,Suicide,456
2019,66,Female,Alcohol-induced,249
2019,66,Female,Alzheimer disease,221
2019,66,Female,Cancer,6914
2019,66,Female,Chronic lower respiratory disease,1482
2019,66,Female,Diabetes,799
2019,66,Female,Drug overdose,200
2019,66,Female,Heart disease,3497
2019,66,Female,Homicide,29
2019,66,Female,Other causes,5304
2019,66,Female,Other unintentional injury,226
2019,66,Female,Stroke,846
2019,66,Female,Suicide,76
2019,66,Male,Alcohol-induced,770
2019,66,Male,Alzheimer disease,175
2019,66,Male,Cancer,8926
2019,66,Male,Chronic lower respiratory disease,1666
2019,66,Male,Diabetes,1369
2019,66,Male,Drug overdose,368
2019,66,Male,Heart disease,7337
2019,66,Male,Homicide,51
2019,66,Male,Other causes,7224
2019,66,Male,Other unintentional injury,516
2019,66,Male,Stroke,1073
2019,66,Male,Suicide,405
2019,67,Female,Alcohol-induced,216
2019,67,Female,Alzheimer disease,221
2019,67,Female,Cancer,7124
2019,67,Female,Chronic lower respiratory disease,1537
2019,67,Female,Diabetes,815
2019,67,Female,Drug overdose,148
2019,67,Female,Heart disease,3765
2019,67,Female,Homicide,19
2019,67,Female,Other causes,5470
2019,67,Female,Other unintentional injury,226
2019,67,Female,Stroke,901
2019,67,Female,Suicide,85
2019,67,Male,Alcohol-induced,691
2019,67,Male,Alzheimer disease,177
2019,67,Male,Cancer,8958
2019,67,Male,Chronic lower respiratory disease,1753
2019,67,Male,Diabetes,1351
2019,67,Male,Drug overdose,375
2019,67,Male,Heart disease,7604
2019,67,Male,Homicide,49
2019,67,Male,Other causes,7356
2019,67,Male,Other unintentional injury,493
2019,67,Male,Stroke,1175
2019,67,Male,Suicide,364
2019,68,Female,Alcohol-induced,186
2019,68,Female,Alzheimer disease,303
2019,68,Female,Cancer,7275
2019,68,Female,Chronic lower respiratory disease,1613
2019,68,Female,Diabetes,919
2019,68,Female,Drug overdose,140
2019,68,Female,Heart disease,4002
2019,68,Female,Homicide,27
2019,68,Female,Other causes,5848
2019,68,Female,Other unintentional injury,216
2019,68,Female,Stroke,965
2019,68,Female,Suicide,78
2019,68,Male,Alcohol-induced,525
2019,68,Male,Alzheimer disease,215
2019,68,Male,Cancer,9432
2019,68,Male,Chronic lower respiratory disease,1854
2019,68,Male,Diabetes,1349
2019,68,Male,Drug overdose,275
2019,68,Male,Heart disease,7551
2019,68,Male,Homicide,49
2019,68,Male,Other causes,7398
2019,68,Male,Other unintentional injury,537
2019,68,Male,Stroke,1215
2019,68,Male,Suicide,400
2019,69,Female,Alcohol-induced,174
2019,69,Female,Alzheimer disease,377
2019,69,Female,Cancer,7693
2019,69,Female,Chronic lower respiratory disease,1755
2019,69,Female,Diabetes,923
2019,69,Female,Drug overdose,125
2019,69,Female,Heart disease,4153
2019,69,Female,Homicide,15
2019,69,Female,Other causes,6178
2019,69,Female,Other unintentional injury,220
2019,69,Female,Stroke,1005
2019,69,Female,Suicide,65
2019,69,Male,Alcohol-induced,567
2019,69,Male,Alzheimer disease,284
2019,69,Male,Cancer,9417
2019,69,Male,Chronic lower respiratory disease,1935
2019,69,Male,Diabetes,1381
2019,69,Male,Drug overdose,233
2019,69,Male,Heart disease,7657
2019,69,Male,Homicide,45
2019,69,Male,Other causes,7568
2019,69,Male,Other unintentional injury,483
2019,69,Male,Stroke,1270
2019,69,Male,Suicide,382
2019,70,Female,Alcohol-induced,163
2019,70,Female,Alzheimer disease,432
2019,70,Female,Cancer,7994
2019,70,Female,Chronic lower respiratory disease,2014
2019,70,Female,Diabetes,945
2019,70,Female,Drug overdose,107
2019,70,Female,Heart disease,4486
2019,70,Female,Homicide,22
2019,70,Female,Other causes,6842
2019,70,Female,Other unintentional injury,237
2019,70,Female,Stroke,1163
2019,70,Female,Suicide,63
2019,70,Male,Alcohol-induced,457
2019,70,Male,Alzheimer disease,313
2019,70,Male,Cancer,9951
2019,70,Male,Chronic lower respiratory disease,2101
2019,70,Male,Diabetes,1433
2019,70,Male,Drug overdose,178
2019,70,Male,Heart disease,8092
2019,70,Male,Homicide,49
2019,70,Male,Other causes,8263
2019,70,Male,Other unintentional injury,455
2019,70,Male,Stroke,1366
2019,70,Male,Suicide,364
2019,71,Female,Alcohol-induced,128
2019,71,Female,Alzheimer disease,574
2019,71,Female,Cancer,8402
2019,71,Female,Chronic lower respiratory disease,2186
2019,71,Female,Diabetes,1063
2019,71,Female,Drug overdose,99
2019,71,Female,Heart disease,5024
2019,71,Female,Homicide,29
2019,71,Female,Other causes,7527
2019,71,Female,Other unintentional injury,228
2019,71,Female,Stroke,1346
2019,71,Female,Suicide,60
2019,71,Male,Alcohol-induced,468
2019,71,Male,Alzheimer disease,363
2019,71,Male,Cancer,10247
2019,71,Male,Chronic lower respiratory disease,2276
2019,71,Male,Diabetes,1519
2019,71,Male,Drug overdose,144
2019,71,Male,Heart disease,8576
2019,71,Male,Homicide,36
2019,71,Male,Other causes,8911
2019,71,Male,Other unintentional injury,490
2019,71,Male,Stroke,1495
2019,71,Male,Suicide,368
2019,72,Female,Alcohol-induced,139
2019,72,Female,Alzheimer disease,728
2019,72,Female,Cancer,9103
2019,72,Female,Chronic lower respiratory disease,2491
2019,72,Female,Diabetes,1118
2019,72,Female,Drug overdose,95
2019,72,Female,Heart disease,5572
2019,72,Female,Homicide,24
2019,72,Female,Other causes,8453
2019,72,Female,Other unintentional injury,257
2019,72,Female,Stroke,1440
2019,72,Female,Suicide,58
2019,72,Male,Alcohol-induced,462
2019,72,Male,Alzheimer disease,482
2019,72,Male,Cancer,11069
2019,72,Male,Chronic lower respiratory disease,2591
2019,72,Male,Diabetes,1673
2019,72,Male,Drug overdose,119
2019,72,Male,Heart disease,9345
2019,72,Male,Homicide,37
2019,72,Male,Other causes,9654
2019,72,Male,Other unintentional injury,498
2019,72,Male,Stroke,1509
2019,72,Male,Suicide,360
2019,73,Female,Alcohol-induced,107
2019,73,Female,Alzheimer disease,753
2019,73,Female,Cancer,7666
2019,73,Female,Chronic lower respiratory disease,2210
2019,73,Female,Diabetes,905
2019,73,Female,Drug overdose,70
2019,73,Female,Heart disease,4853
2019,73,Female,Homicide,19
2019,73,Female,Other causes,7246
2019,73,Female,Other unintentional injury,207
2019,73,Female,Stroke,1273
2019,73,Female,Suicide,28
2019,73,Male,Alcohol-induced,328
2019,73,Male,Alzheimer disease,472
2019,73,Male,Cancer,9220
2019,73,Male,Chronic lower respiratory disease,2210
2019,73,Male,Diabetes,1289
2019,73,Male,Drug overdose,80
2019,73,Male,Heart disease,7657
2019,73,Male,Homicide,27
2019,73,Male,Other causes,8306
2019,73,Male,Other unintentional injury,383
2019,73,Male,Stroke,1394
2019,73,Male,Suicide,288
2019,74,Female,Alcohol-induced,80
2019,74,Female,Alzheimer disease,871
2019,74,Female,Cancer,7594
2019,74,Female,Chronic lower respiratory disease,2310
2019,74,Female,Diabetes,954
2019,74,Female,Drug overdose,57
2019,74,Female,Heart disease,4913
2019,74,Female,Homicide,22
2019,74,Female,Other causes,7725
2019,74,Female,Other unintentional injury,194
2019,74,Female,Stroke,1393
2019,74,Female,Suicide,37
2019,74,Male,Alcohol-induced,278
2019,74,Male,Alzheimer disease,568
2019,74,Male,Cancer,9089
2019,74,Male,Chronic lower respiratory disease,2314
2019,74,Male,Diabetes,1284
2019,74,Male,Drug overdose,68
2019,74,Male,Heart disease,8072
2019,74,Male,Homicide,34
2019,74,Male,Other causes,8601
2019,74,Male,Other unintentional injury,328
2019,74,Male,Stroke,1485
2019,74,Male,Suicide,284
2019,75,Female,Alcohol-induced,83
2019,75,Female,Alzheimer disease,1055
2019,75,Female,Cancer,7980
2019,75,Female,Chronic lower respiratory disease,2579
2019,75,Female,Diabetes,944
2019,75,Female,Drug overdose,54
2019,75,Female,Heart disease,5547
2019,75,Female,Homicide,22
2019,75,Female,Other causes,8520
2019,75,Female,Other unintentional injury,231
2019,75,Female,Stroke,1582
2019,75,Female,Suicide,29
2019,75,Male,Alcohol-induced,266
2019,75,Male,Alzheimer disease,684
2019,75,Male,Cancer,9696
2019,75,Male,Chronic lower respiratory disease,2507
2019,75,Male,Diabetes,1414
2019,75,Male,Drug overdose,60
2019,75,Male,Heart disease,8287
2019,75,Male,Homicide,25
2019,75,Male,Other causes,9358
2019,75,Male,Other unintentional injury,369
2019,75,Male,Stroke,1645
2019,75,Male,Suicide,344
2019,76,Female,Alcohol-induced,95
2019,76,Female,Alzheimer disease,1329
2019,76,Female,Cancer,8535
2019,76,Female,Chronic lower respiratory disease,2821
2019,76,Female,Diabetes,1072
2019,76,Female,Drug overdose,39
2019,76,Female,Heart disease,6168
2019,76,Female,Homicide,16
2019,76,Female,Other causes,9496
2019,76,Female,Other unintentional injury,210
2019,76,Female,Stroke,1827
2019,76,Female,Suicide,48
2019,76,Male,Alcohol-induced,232
2019,76,Male,Alzheimer disease,944
2019,76,Male,Cancer,10168
2019,76,Male,Chronic lower respiratory disease,2748
2019,76,Male,Diabetes,1382
2019,76,Male,Drug overdose,69
2019,76,Male,Heart disease,9113
2019,76,Male,Homicide,24
2019,76,Male,Other causes,10316
2019,76,Male,Other unintentional injury,409
2019,76,Male,Stroke,1761
2019,76,Male,Suicide,332
2019,77,Female,Alcohol-induced,60
2019,77,Female,Alzheimer disease,1410
2019,77,Female,Cancer,7892
2019,77,Female,Chronic lower respiratory disease,2574
2019,77,Female,Diabetes,1032
2019,77,Female,Drug overdose,43
2019,77,Female,Heart disease,6044
2019,77,Female,Homicide,19
2019,77,Female,Other causes,9320
2019,77,Female,Other unintentional injury,250
2019,77,Female,Stroke,1853
2019,77,Female,Suicide,40
2019,77,Male,Alcohol-induced,217
2019,77,Male,Alzheimer disease,943
2019,77,Male,Cancer,9303
2019,77,Male,Chronic lower respiratory disease,2583
2019,77,Male,Diabetes,1294
2019,77,Male,Drug overdose,35
2019,77,Male,Heart disease,8678
2019,77,Male,Homicide,14
2019,77,Male,Other causes,10033
2019,77,Male,Other unintentional injury,355
2019,77,Male,Stroke,1716
2019,77,Male,Suicide,306
2019,78,Female,Alcohol-induced,59
2019,78,Female,Alzheimer disease,1677
2019,78,Female,Cancer,7620
2019,78,Female,Chronic lower respiratory disease,2548
2019,78,Female,Diabetes,1024
2019,78,Female,Drug overdose,36
2019,78,Female,Heart disease,6217
2019,78,Female,Homicide,12
2019,78,Female,Other causes,9406
2019,78,Female,Other unintentional injury,215
2019,78,Female,Stroke,1803
2019,78,Female,Suicide,32
2019,78,Male,Alcohol-induced,173
2019,78,Male,Alzheimer disease,1033
2019,78,Male,Cancer,8779
2019,78,Male,Chronic lower respiratory disease,2427
2019,78,Male,Diabetes,1306
2019,78,Male,Drug overdose,40
2019,78,Male,Heart disease,8420
2019,78,Male,Homicide,19
2019,78,Male,Other causes,10010
2019,78,Male,Other unintentional injury,350
2019,78,Male,Stroke,1777
2019,78,Male,Suicide,261
2019,79,Female,Alcohol-induced,43
2019,79,Female,Alzheimer disease,1819
2019,79,Female,Cancer,7345
2019,79,Female,Chronic lower respiratory disease,2619
2019,79,Female,Diabetes,1034
2019,79,Female,Drug overdose,40
2019,79,Female,Heart disease,6579
2019,79,Female,Homicide,19
2019,79,Female,Other causes,9918
2019,79,Female,Other unintentional injury,226
2019,79,Female,Stroke,2085
2019,79,Female,Suicide,27
2019,79,Male,Alcohol-induced,145
2019,79,Male,Alzheimer disease,1207
2019,79,Male,Cancer,8653
2019,79,Male,Chronic lower respiratory disease,2429
2019,79,Male,Diabetes,1157
2019,79,Male,Drug overdose,35
2019,79,Male,Heart disease,8500
2019,79,Male,Homicide,13
2019,79,Male,Other causes,10160
2019,79,Male,Other unintentional injury,321
2019,79,Male,Stroke,1812
2019,79,Male,Suicide,219
2019,80,Female,Alcohol-induced,31
2019,80,Female,Alzheimer disease,2196
2019,80,Female,Cancer,7266
2019,80,Female,Chronic lower respiratory disease,2689
2019,80,Female,Diabetes,979
2019,80,Female,Drug overdose,26
2019,80,Female,Heart disease,6909
2019,80,Female,Homicide,13
2019,80,Female,Other causes,10508
2019,80,Female,Other unintentional injury,231
2019,80,Female,Stroke,2254
2019,80,Female,Suicide,22
2019,80,Male,Alcohol-induced,138
2019,80,Male,Alzheimer disease,1265
2019,80,Male,Cancer,8616
2019,80,Male,Chronic lower respiratory disease,2398
2019,80,Male,Diabetes,1200
2019,80,Male,Drug overdose,18
2019,80,Male,Heart disease,8809
2019,80,Male,Homicide,10
2019,80,Male,Other causes,10462
2019,80,Male,Other unintentional injury,321
2019,80,Male,Stroke,1847
2019,80,Male,Suicide,248
2019,81,Female,Alcohol-induced,30
2019,81,Female,Alzheimer disease,2410
2019,81,Female,Cancer,7066
2019,81,Female,Chronic lower respiratory disease,2697
2019,81,Female,Diabetes,987
2019,81,Female,Drug overdose,27
2019,81,Female,Heart disease,7599
2019,81,Female,Homicide,5
2019,81,Female,Other causes,11229
2019,81,Female,Other unintentional injury,243
2019,81,Female,Stroke,2373
2019,81,Female,Suicide,18
2019,81,Male,Alcohol-induced,122
2019,81,Male,Alzheimer disease,1525
2019,81,Male,Cancer,8201
2019,81,Male,Chronic lower respiratory disease,2328
2019,81,Male,Diabetes,1144
2019,81,Male,Drug overdose,26
2019,81,Male,Heart disease,9085
2019,81,Male,Homicide,6
2019,81,Male,Other causes,11070
2019,81,Male,Other unintentional injury,349
2019,81,Male,Stroke,1952
2019,81,Male,Suicide,210
2019,82,Female,Alcohol-induced,26
2019,82,Female,Alzheimer disease,2639
2019,82,Female,Cancer,7042
2019,82,Female,Chronic lower respiratory disease,2759
2019,82,Female,Diabetes,1010
2019,82,Female,Drug overdose,31
2019,82,Female,Heart disease,7882
2019,82,Female,Homicide,12
2019,82,Female,Other causes,11591
2019,82,Female,Other unintentional injury,225
2019,82,Female,Stroke,2518
2019,82,Female,Suicide,14
2019,82,Male,Alcohol-induced,88
2019,82,Male,Alzheimer disease,1622
2019,82,Male,Cancer,7919
2019,82,Male,Chronic lower respiratory disease,2276
2019,82,Male,Diabetes,1148
2019,82,Male,Drug overdose,21
2019,82,Male,Heart disease,8907
2019,82,Male,Homicide,9
2019,82,Male,Other causes,10937
2019,82,Male,Other unintentional injury,306
2019,82,Male,Stroke,2040
2019,82,Male,Suicide,199
2019,83,Female,Alcohol-induced,26
2019,83,Female,Alzheimer disease,2983
2019,83,Female,Cancer,7001
2019,83,Female,Chronic lower respiratory disease,2669
2019,83,Female,Diabetes,996
2019,83,Female,Drug overdose,18
2019,83,Female,Heart disease,8381
2019,83,Female,Homicide,14
2019,83,Female,Other causes,12645
2019,83,Female,Other unintentional injury,249
2019,83,Female,Stroke,2750
2019,83,Female,Suicide,16
2019,83,Male,Alcohol-induced,94
2019,83,Male,Alzheimer disease,1717
2019,83,Male,Cancer,7720
2019,83,Male,Chronic lower respiratory disease,2244
2019,83,Male,Diabetes,1002
2019,83,Male,Drug overdose,16
2019,83,Male,Heart disease,9188
2019,83,Male,Homicide,11
2019,83,Male,Other causes,11374
2019,83,Male,Other unintentional injury,268
2019,83,Male,Stroke,2063
2019,83,Male,Suicide,182
2019,84,Female,Alcohol-induced,24
2019,84,Female,Alzheimer disease,3360
2019,84,Female,Cancer,6700
2019,84,Female,Chronic lower respiratory disease,2667
2019,84,Female,Diabetes,1024
2019,84,Female,Drug overdose,23
2019,84,Female,Heart disease,8844
2019,84,Female,Homicide,6
2019,84,Female,Other causes,13050
2019,84,Female,Other unintentional injury,206
2019,84,Female,Stroke,2904
2019,84,Female,Suicide,12
2019,84,Male,Alcohol-induced,70
2019,84,Male,Alzheimer disease,1762
2019,84,Male,Cancer,7295
2019,84,Male,Chronic lower respiratory disease,2258
2019,84,Male,Diabetes,1075
2019,84,Male,Drug overdose,16
2019,84,Male,Heart disease,9492
2019,84,Male,Homicide,9
2019,84,Male,Other causes,11629
2019,84,Male,Other unintentional injury,288
2019,84,Male,Stroke,2111
2019,84,Male,Suicide,159
2019,85,Female,Alcohol-induced,18
2019,85,Female,Alzheimer disease,3601
2019,85,Female,Cancer,6243
2019,85,Female,Chronic lower respiratory disease,2447
2019,85,Female,Diabetes,999
2019,85,Female,Drug overdose,18
2019,85,Female,Heart disease,9063
2019,85,Female,Homicide,14
2019,85,Female,Other causes,13032
2019,85,Female,Other unintentional injury,256
2019,85,Female,Stroke,2939
2019,85,Female,Suicide,17
2019,85,Male,Alcohol-induced,62
2019,85,Male,Alzheimer disease,1928
2019,85,Male,Cancer,6618
2019,85,Male,Chronic lower respiratory disease,2031
2019,85,Male,Diabetes,956
2019,85,Male,Drug overdose,14
2019,85,Male,Heart disease,9345
2019,85,Male,Homicide,9
2019,85,Male,Other causes,11157
2019,85,Male,Other unintentional injury,242
2019,85,Male,Stroke,2096
2019,85,Male,Suicide,173
2019,86,Female,Alcohol-induced,24
2019,86,Female,Alzheimer disease,3881
2019,86,Female,Cancer,6118
2019,86,Female,Chronic lower respiratory disease,2529
2019,86,Female,Diabetes,960
2019,86,Female,Drug overdose,27
2019,86,Female,Heart disease,9917
2019,86,Female,Homicide,11
2019,86,Female,Other causes,13829
2019,86,Female,Other unintentional injury,229
2019,86,Female,Stroke,3194
2019,86,Female,Suicide,6
2019,86,Male,Alcohol-induced,55
2019,86,Male,Alzheimer disease,1991
2019,86,Male,Cancer,6341
2019,86,Male,Chronic lower respiratory disease,2077
2019,86,Male,Diabetes,906
2019,86,Male,Drug overdose,11
2019,86,Male,Heart disease,9411
2019,86,Male,Homicide,5
2019,86,Male,Other causes,11391
2019,86,Male,Other unintentional injury,233
2019,86,Male,Stroke,2031
2019,86,Male,Suicide,171
2019,87,Female,Alcohol-induced,11
2019,87,Female,Alzheimer disease,4079
2019,87,Female,Cancer,5942
2019,87,Female,Chronic lower respiratory disease,2617
2019,87,Female,Diabetes,885
2019,87,Female,Drug overdose,19
2019,87,Female,Heart disease,10460
2019,87,Female,Homicide,10
2019,87,Female,Other causes,14548
2019,87,Female,Other unintentional injury,233
2019,87,Female,Stroke,3419
2019,87,Female,Suicide,16
2019,87,Male,Alcohol-induced,44
2019,87,Male,Alzheimer disease,2066
2019,87,Male,Cancer,6163
2019,87,Male,Chronic lower respiratory disease,2041
2019,87,Male,Diabetes,875
2019,87,Male,Drug overdose,12
2019,87,Male,Heart disease,9711
2019,87,Male,Homicide,7
2019,87,Male,Other causes,11391
2019,87,Male,Other unintentional injury,269
2019,87,Male,Stroke,2000
2019,87,Male,Suicide,158
2019,88,Female,Alcohol-induced,14
2019,88,Female,Alzheimer disease,4302
2019,88,Female,Cancer,5445
2019,88,Female,Chronic lower respiratory disease,2478
2019,88,Female,Diabetes,902
2019,88,Female,Drug overdose,15
2019,88,Female,Heart disease,11049
2019,88,Female,Homicide,5
2019,88,Female,Other causes,15124
2019,88,Female,Other unintentional injury,220
2019,88,Female,Stroke,3532
2019,88,Female,Suicide,17
2019,88,Male,Alcohol-induced,39
2019,88,Male,Alzheimer disease,2040
2019,88,Male,Cancer,5666
2019,88,Male,Chronic lower respiratory disease,1822
2019,88,Male,Diabetes,845
2019,88,Male,Drug overdose,15
2019,88,Male,Heart disease,9714
2019,88,Male,Homicide,8
2019,88,Male,Other causes,11261
2019,88,Male,Other unintentional injury,220
2019,88,Male,Stroke,2072
2019,88,Male,Suicide,134
2019,89,Female,Alcohol-induced,7
2019,89,Female,Alzheimer disease,4497
2019,89,Female,Cancer,5271
2019,89,Female,Chronic lower respiratory disease,2461
2019,89,Female,Diabetes,903
2019,89,Female,Drug overdose,12
2019,89,Female,Heart disease,11715
2019,89,Female,Homicide,4
2019,89,Female,Other causes,15744
2019,89,Female,Other unintentional injury,222
2019,89,Female,Stroke,3606
2019,89,Female,Suicide,8
2019,89,Male,Alcohol-induced,33
2019,89,Male,Alzheimer disease,2139
2019,89,Male,Cancer,5017
2019,89,Male,Chronic lower respiratory disease,1684
2019,89,Male,Diabetes,755
2019,89,Male,Drug overdose,4
2019,89,Male,Heart disease,9424
2019,89,Male,Homicide,1
2019,89,Male,Other causes,10929
2019,89,Male,Other unintentional injury,200
2019,89,Male,Stroke,1918
2019,89,Male,Suicide,91
2019,90,Female,Alcohol-induced,12
2019,90,Female,Alzheimer disease,4593
2019,90,Female,Cancer,4558
2019,90,Female,Chronic lower respiratory disease,2153
2019,90,Female,Diabetes,816
2019,90,Female,Drug overdose,12
2019,90,Female,Heart disease,11831
2019,90,Female,Homicide,8
2019,90,Female,Other causes,15466
2019,90,Female,Other unintentional injury,196
2019,90,Female,Stroke,3658
2019,90,Female,Suicide,12
2019,90,Male,Alcohol-induced,23
2019,90,Male,Alzheimer disease,1872
2019,90,Male,Cancer,4329
2019,90,Male,Chronic lower respiratory disease,1525
2019,90,Male,Diabetes,671
2019,90,Male,Drug overdose,11
2019,90,Male,Heart disease,8974
2019,90,Male,Homicide,5
2019,90,Male,Other causes,10094
2019,90,Male,Other unintentional injury,179
2019,90,Male,Stroke,1737
2019,90,Male,Suicide,83
2019,91,Female,Alcohol-induced,7
2019,91,Female,Alzheimer disease,4623
2019,91,Female,Cancer,4105
2019,91,Female,Chronic lower respiratory disease,2031
2019,91,Female,Diabetes,746
2019,91,Female,Drug overdose,9
2019,91,Female,Heart disease,12023
2019,91,Female,Homicide,5
2019,91,Female,Other causes,15410
2019,91,Female,Other unintentional injury,190
2019,91,Female,Stroke,3435
2019,91,Female,Suicide,4
2019,91,Male,Alcohol-induced,21
2019,91,Male,Alzheimer disease,1858
2019,91,Male,Cancer,3739
2019,91,Male,Chronic lower respiratory disease,1331
2019,91,Male,Diabetes,559
2019,91,Male,Drug overdose,2
2019,91,Male,Heart disease,8548
2019,91,Male,Homicide,2
2019,91,Male,Other causes,9295
2019,91,Male,Other unintentional injury,175
2019,91,Male,Stroke,1705
2019,91,Male,Suicide,89
2019,92,Female,Alcohol-induced,2
2019,92,Female,Alzheimer disease,4365
2019,92,Female,Cancer,3583
2019,92,Female,Chronic lower respiratory disease,1782
2019,92,Female,Diabetes,682
2019,92,Female,Drug overdose,10
2019,92,Female,Heart disease,11640
2019,92,Female,Homicide,2
2019,92,Female,Other causes,14894
2019,92,Female,Other unintentional injury,193
2019,92,Female,Stroke,3472
2019,92,Female,Suicide,5
2019,92,Male,Alcohol-induced,7
2019,92,Male,Alzheimer disease,1625
2019,92,Male,Cancer,3150
2019,92,Male,Chronic lower respiratory disease,1208
2019,92,Male,Diabetes,497
2019,92,Male,Drug overdose,5
2019,92,Male,Heart disease,7607
2019,92,Male,Other causes,8456
2019,92,Male,Other unintentional injury,143
2019,92,Male,Stroke,1486
2019,92,Male,Suicide,76
2019,93,Female,Alcohol-induced,7
2019,93,Female,Alzheimer disease,4267
2019,93,Female,Cancer,3031
2019,93,Female,Chronic lower respiratory disease,1537
2019,93,Female,Diabetes,597
2019,93,Female,Drug overdose,8
2019,93,Female,Heart disease,10827
2019,93,Female,Homicide,3
2019,93,Female,Other causes,13774
2019,93,Female,Other unintentional injury,177
2019,93,Female,Stroke,3102
2019,93,Female,Suicide,6
2019,93,Male,Alcohol-induced,13
2019,93,Male,Alzheimer disease,1458
2019,93,Male,Cancer,2469
2019,93,Male,Chronic lower respiratory disease,974
2019,93,Male,Diabetes,406
2019,93,Male,Drug overdose,4
2019,93,Male,Heart disease,6801
2019,93,Male,Homicide,1
2019,93,Male,Other causes,7188
2019,93,Male,Other unintentional injury,134
2019,93,Male,Stroke,1308
2019,93,Male,Suicide,50
2019,94,Female,Alcohol-induced,2
2019,94,Female,Alzheimer disease,3932
2019,94,Female,Cancer,2564
2019,94,Female,Chronic lower respiratory disease,1426
2019,94,Female,Diabetes,494
2019,94,Female,Drug overdose,6
2019,94,Female,Heart disease,10304
2019,94,Female,Homicide,1
2019,94,Female,Other causes,12671
2019,94,Female,Other unintentional injury,152
2019,94,Female,Stroke,2853
2019,94,Female,Suicide,4
2019,94,Male,Alcohol-induced,4
2019,94,Male,Alzheimer disease,1199
2019,94,Male,Cancer,1924
2019,94,Male,Chronic lower respiratory disease,870
2019,94,Male,Diabetes,327
2019,94,Male,Drug overdose,3
2019,94,Male,Heart disease,5614
2019,94,Male,Homicide,1
2019,94,Male,Other causes,6229
2019,94,Male,Other unintentional injury,94
2019,94,Male,Stroke,1134
2019,94,Male,Suicide,47
2019,95,Female,Alzheimer disease,3373
2019,95,Female,Cancer,2087
2019,95,Female,Chronic lower respiratory disease,1103
2019,95,Female,Diabetes,403
2019,95,Female,Drug overdose,2
2019,95,Female,Heart disease,9099
2019,95,Female,Other causes,11030
2019,95,Female,Other unintentional injury,119
2019,95,Female,Stroke,2519
2019,95,Female,Suicide,2
2019,95,Male,Alcohol-induced,3
2019,95,Male,Alzheimer disease,1026
2019,95,Male,Cancer,1480
2019,95,Male,Chronic lower respiratory disease,615
2019,95,Male,Diabetes,242
2019,95,Male,Drug overdose,4
2019,95,Male,Heart disease,4822
2019,95,Male,Homicide,1
2019,95,Male,Other causes,4972
2019,95,Male,Other unintentional injury,73
2019,95,Male,Stroke,901
2019,95,Male,Suicide,16
2019,96,Female,Alcohol-induced,1
2019,96,Female,Alzheimer disease,2968
2019,96,Female,Cancer,1524
2019,96,Female,Chronic lower respiratory disease,845
2019,96,Female,Diabetes,356
2019,96,Female,Drug overdose,4
2019,96,Female,Heart disease,7727
2019,96,Female,Other causes,9562
2019,96,Female,Other unintentional injury,100
2019,96,Female,Stroke,2054
2019,96,Female,Suicide,1
2019,96,Male,Alcohol-induced,6
2019,96,Male,Alzheimer disease,721
2019,96,Male,Cancer,1029
2019,96,Male,Chronic lower respiratory disease,448
2019,96,Male,Diabetes,169
2019,96,Male,Drug overdose,2
2019,96,Male,Heart disease,3781
2019,96,Male,Other causes,3925
2019,96,Male,Other unintentional injury,54
2019,96,Male,Stroke,753
2019,96,Male,Suicide,17
2019,97,Female,Alzheimer disease,2436
2019,97,Female,Cancer,1139
2019,97,Female,Chronic lower respiratory disease,680
2019,97,Female,Diabetes,277
2019,97,Female,Drug overdose,1
2019,97,Female,Heart disease,6422
2019,97,Female,Homicide,1
2019,97,Female,Other causes,7881
2019,97,Female,Other unintentional injury,103
2019,97,Female,Stroke,1785
2019,97,Male,Alcohol-induced,3
2019,97,Male,Alzheimer disease,580
2019,97,Male,Cancer,752
2019,97,Male,Chronic lower respiratory disease,317
2019,97,Male,Diabetes,149
2019,97,Male,Drug overdose,1
2019,97,Male,Heart disease,2908
2019,97,Male,Other causes,2951
2019,97,Male,Other unintentional injury,37
2019,97,Male,Stroke,549
2019,97,Male,Suicide,12
2019,98,Female,Alzheimer disease,1933
2019,98,Female,Cancer,842
2019,98,Female,Chronic lower respiratory disease,585
2019,98,Female,Diabetes,194
2019,98,Female,Drug overdose,2
2019,98,Female,Heart disease,5026
2019,98,Female,Other causes,6219
2019,98,Female,Other unintentional injury,58
2019,98,Female,Stroke,1361
2019,98,Female,Suicide,1
2019,98,Male,Alzheimer disease,376
2019,98,Male,Cancer,513
2019,98,Male,Chronic lower respiratory disease,254
2019,98,Male,Diabetes,103
2019,98,Male,Heart disease,2092
2019,98,Male,Other causes,2182
2019,98,Male,Other unintentional injury,33
2019,98,Male,Stroke,420
2019,98,Male,Suicide,6
2019,99,Female,Alzheimer disease,1456
2019,99,Female,Cancer,557
2019,99,Female,Chronic lower respiratory disease,362
2019,99,Female,Diabetes,117
2019,99,Female,Drug overdose,2
2019,99,Female,Heart disease,3661
2019,99,Female,Other causes,4622
2019,99,Female,Other unintentional injury,45
2019,99,Female,Stroke,951
2019,99,Male,Alzheimer disease,234
2019,99,Male,Cancer,284
2019,99,Male,Chronic lower respiratory disease,149
2019,99,Male,Diabetes,71
2019,99,Male,Drug overdose,2
2019,99,Male,Heart disease,1341
2019,99,Male,Other causes,1393
2019,99,Male,Other unintentional injury,22
2019,99,Male,Stroke,263
2019,99,Male,Suicide,5
2022,15,Female,Alcohol-induced,1
2022,15,Female,COVID-19,11
2022,15,Female,Cancer,61
2022,15,Female,Chronic lower respiratory disease,6
2022,15,Female,Diabetes,6
2022,15,Female,Drug overdose,63
2022,15,Female,Heart disease,12
2022,15,Female,Homicide,40
2022,15,Female,Other causes,107
2022,15,Female,Other unintentional injury,85
2022,15,Female,Stroke,5
2022,15,Female,Suicide,65
2022,15,Male,Alcohol-induced,2
2022,15,Male,COVID-19,11
2022,15,Male,Cancer,74
2022,15,Male,Chronic lower respiratory disease,9
2022,15,Male,Diabetes,6
2022,15,Male,Drug overdose,52
2022,15,Male,Heart disease,36
2022,15,Male,Homicide,236
2022,15,Male,Other causes,208
2022,15,Male,Other unintentional injury,174
2022,15,Male,Stroke,7
2022,15,Male,Suicide,199
2022,16,Female,Alcohol-induced,1
2022,16,Female,COVID-19,7
2022,16,Female,Cancer,55
2022,16,Female,Chronic lower respiratory disease,7
2022,16,Female,Diabetes,7
2022,16,Female,Drug overdose,75
2022,16,Female,Heart disease,22
2022,16,Female,Homicide,55
2022,16,Female,Other causes,120
2022,16,Female,Other unintentional injury,149
2022,16,Female,Stroke,5
2022,16,Female,Suicide,83
2022,16,Male,Alcohol-induced,1
2022,16,Male,COVID-19,15
2022,16,Male,Cancer,48
2022,16,Male,Chronic lower respiratory disease,7
2022,16,Male,Diabetes,2
2022,16,Male,Drug overdose,114
2022,16,Male,Heart disease,29
2022,16,Male,Homicide,332
2022,16,Male,Other causes,252
2022,16,Male,Other unintentional injury,282
2022,16,Male,Stroke,3
2022,16,Male,Suicide,259
2022,17,Female,Alcohol-induced,3
2022,17,Female,COVID-19,18
2022,17,Female,Cancer,52
2022,17,Female,Chronic lower respiratory disease,9
2022,17,Female,Diabetes,7
2022,17,Female,Drug overdose,108
2022,17,Female,Heart disease,23
2022,17,Female,Homicide,79
2022,17,Female,Other causes,145
2022,17,Female,Other unintentional injury,193
2022,17,Female,Stroke,8
2022,17,Female,Suicide,92
2022,17,Male,Alcohol-induced,4
2022,17,Male,COVID-19,21
2022,17,Male,Cancer,60
2022,17,Male,Chronic lower respiratory disease,6
2022,17,Male,Diabetes,8
2022,17,Male,Drug overdose,180
2022,17,Male,Heart disease,41
2022,17,Male,Homicide,515
2022,17,Male,Other causes,272
2022,17,Male,Other unintentional injury,415
2022,17,Male,Stroke,4
2022,17,Male,Suicide,301
2022,18,Female,Alcohol-induced,5
2022,18,Female,COVID-19,15
2022,18,Female,Cancer,56
2022,18,Female,Chronic lower respiratory disease,5
2022,18,Female,Diabetes,7
2022,18,Female,Drug overdose,133
2022,18,Female,Heart disease,20
2022,18,Female,Homicide,100
2022,18,Female,Other causes,166
2022,18,Female,Other unintentional injury,236
2022,18,Female,Stroke,2
2022,18,Female,Suicide,93
2022,18,Male,Alcohol-induced,7
2022,18,Male,COVID-19,20
2022,18,Male,Cancer,93
2022,18,Male,Chronic lower respiratory disease,8
2022,18,Male,Diabetes,8
2022,18,Male,Drug overdose,326
2022,18,Male,Heart disease,38
2022,18,Male,Homicide,651
2022,18,Male,Other causes,315
2022,18,Male,Other unintentional injury,560
2022,18,Male,Stroke,8
2022,18,Male,Suicide,380
2022,19,Female,Alcohol-induced,2
2022,19,Female,COVID-19,19
2022,19,Female,Cancer,61
2022,19,Female,Chronic lower respiratory disease,5
2022,19,Female,Diabetes,13
2022,19,Female,Drug overdose,213
2022,19,Female,Heart disease,28
2022,19,Female,Homicide,99
2022,19,Female,Other causes,191
2022,19,Female,Other unintentional injury,246
2022,19,Female,Stroke,3
2022,19,Female,Suicide,84
2022,19,Male,Alcohol-induced,3
2022,19,Male,COVID-19,25
2022,19,Male,Cancer,82
2022,19,Male,Chronic lower respiratory disease,11
2022,19,Male,Diabetes,11
2022,19,Male,Drug overdose,385
2022,19,Male,Heart disease,40
2022,19,Male,Homicide,685
2022,19,Male,Other causes,357
2022,19,Male,Other unintentional injury,617
2022,19,Male,Stroke,10
2022,19,Male,Suicide,428
2022,20,Female,Alcohol-induced,3
2022,20,Female,COVID-19,22
2022,20,Female,Cancer,52
2022,20,Female,Chronic lower respiratory disease,9
2022,20,Female,Diabetes,14
2022,20,Female,Drug overdose,261
2022,20,Female,Heart disease,22
2022,20,Female,Homicide,113
2022,20,Female,Other causes,205
2022,20,Female,Other unintentional injury,256
2022,20,Female,Stroke,4
2022,20,Female,Suicide,108
2022,20,Male,Alcohol-induced,10
2022,20,Male,COVID-19,30
2022,20,Male,Cancer,75
2022,20,Male,Chronic lower respiratory disease,11
2022,20,Male,Diabetes,25
2022,20,Male,Drug overdose,514
2022,20,Male,Heart disease,49
2022,20,Male,Homicide,620
2022,20,Male,Other causes,370
2022,20,Male,Other unintentional injury,671
2022,20,Male,Stroke,10
2022,20,Male,Suicide,480
2022,21,Female,Alcohol-induced,8
2022,21,Female,COVID-19,20
2022,21,Female,Cancer,54
2022,21,Female,Chronic lower respiratory disease,12
2022,21,Female,Diabetes,18
2022,21,Female,Drug overdose,262
2022,21,Female,Heart disease,42
2022,21,Female,Homicide,121
2022,21,Female,Other causes,255
2022,21,Female,Other unintentional injury,240
2022,21,Female,Stroke,8
2022,21,Female,Suicide,109
2022,21,Male,Alcohol-induced,21
2022,21,Male,COVID-19,28
2022,21,Male,Cancer,98
2022,21,Male,Chronic lower respiratory disease,13
2022,21,Male,Diabetes,21
2022,21,Male,Drug overdose,567
2022,21,Male,Heart disease,59
2022,21,Male,Homicide,633
2022,21,Male,Other causes,420
2022,21,Male,Other unintentional injury,668
2022,21,Male,Stroke,15
2022,21,Male,Suicide,611
2022,22,Female,Alcohol-induced,8
2022,22,Female,COVID-19,29
2022,22,Female,Cancer,37
2022,22,Female,Chronic lower respiratory disease,15
2022,22,Female,Diabetes,16
2022,22,Female,Drug overdose,289
2022,22,Female,Heart disease,39
2022,22,Female,Homicide,112
2022,22,Female,Other causes,249
2022,22,Female,Other unintentional injury,275
2022,22,Female,Stroke,4
2022,22,Female,Suicide,117
2022,22,Male,Alcohol-induced,25
2022,22,Male,COVID-19,32
2022,22,Male,Cancer,109
2022,22,Male,Chronic lower respiratory disease,14
2022,22,Male,Diabetes,29
2022,22,Male,Drug overdose,688
2022,22,Male,Heart disease,71
2022,22,Male,Homicide,569
2022,22,Male,Other causes,477
2022,22,Male,Other unintentional injury,720
2022,22,Male,Stroke,13
2022,22,Male,Suicide,655
2022,23,Female,Alcohol-induced,15
2022,23,Female,COVID-19,18
2022,23,Female,Cancer,72
2022,23,Female,Chronic lower respiratory disease,8
2022,23,Female,Diabetes,24
2022,23,Female,Drug overdose,383
2022,23,Female,Heart disease,50
2022,23,Female,Homicide,106
2022,23,Female,Other causes,278
2022,23,Female,Other unintentional injury,251
2022,23,Female,Stroke,12
2022,23,Female,Suicide,124
2022,23,Male,Alcohol-induced,26
2022,23,Male,COVID-19,29
2022,23,Male,Cancer,121
2022,23,Male,Chronic lower respiratory disease,15
2022,23,Male,Diabetes,33
2022,23,Male,Drug overdose,815
2022,23,Male,Heart disease,91
2022,23,Male,Homicide,564
2022,23,Male,Other causes,470
2022,23,Male,Other unintentional injury,719
2022,23,Male,Stroke,14
2022,23,Male,Suicide,620
2022,24,Female,Alcohol-induced,16
2022,24,Female,COVID-19,22
2022,24,Female,Cancer,75
2022,24,Female,Chronic lower respiratory disease,10
2022,24,Female,Diabetes,32
2022,24,Female,Drug overdose,375
2022,24,Female,Heart disease,49
2022,24,Female,Homicide,106
2022,24,Female,Other causes,283
2022,24,Female,Other unintentional injury,224
2022,24,Female,Stroke,7
2022,24,Female,Suicide,137
2022,24,Male,Alcohol-induced,41
2022,24,Male,COVID-19,60
2022,24,Male,Cancer,105
2022,24,Male,Chronic lower respiratory disease,18
2022,24,Male,Diabetes,38
2022,24,Male,Drug overdose,920
2022,24,Male,Heart disease,91
2022,24,Male,Homicide,557
2022,24,Male,Other causes,504
2022,24,Male,Other unintentional injury,705
2022,24,Male,Stroke,16
2022,24,Male,Suicide,659
2022,25,Female,Alcohol-induced,24
2022,25,Female,COVID-19,36
2022,25,Female,Cancer,84
2022,25,Female,Chronic lower respiratory disease,14
2022,25,Female,Diabetes,21
2022,25,Female,Drug overdose,461
2022,25,Female,Heart disease,57
2022,25,Female,Homicide,113
2022,25,Female,Other causes,347
2022,25,Female,Other unintentional injury,245
2022,25,Female,Stroke,13
2022,25,Female,Suicide,130
2022,25,Male,Alcohol-induced,59
2022,25,Male,COVID-19,54
2022,25,Male,Cancer,146
2022,25,Male,Chronic lower respiratory disease,11
2022,25,Male,Diabetes,34
2022,25,Male,Drug overdose,1064
2022,25,Male,Heart disease,122
2022,25,Male,Homicide,568
2022,25,Male,Other causes,549
2022,25,Male,Other unintentional injury,681
2022,25,Male,Stroke,14
2022,25,Male,Suicide,608
2022,26,Female,Alcohol-induced,39
2022,26,Female,COVID-19,41
2022,26,Female,Cancer,90
2022,26,Female,Chronic lower respiratory disease,19
2022,26,Female,Diabetes,31
2022,26,Female,Drug overdose,482
2022,26,Female,Heart disease,69
2022,26,Female,Homicide,109
2022,26,Female,Other causes,338
2022,26,Female,Other unintentional injury,230
2022,26,Female,Stroke,9
2022,26,Female,Suicide,126
2022,26,Male,Alcohol-induced,96
2022,26,Male,COVID-19,75
2022,26,Male,Cancer,113
2022,26,Male,Chronic lower respiratory disease,16
2022,26,Male,Diabetes,45
2022,26,Male,Drug overdose,1254
2022,26,Male,Heart disease,141
2022,26,Male,Homicide,542
2022,26,Male,Other causes,590
2022,26,Male,Other unintentional injury,704
2022,26,Male,Stroke,24
2022,26,Male,Suicide,638
2022,27,Female,Alcohol-induced,56
2022,27,Female,COVID-19,41
2022,27,Female,Cancer,120
2022,27,Female,Chronic lower respiratory disease,16
2022,27,Female,Diabetes,37
2022,27,Female,Drug overdose,503
2022,27,Female,Heart disease,88
2022,27,Female,Homicide,101
2022,27,Female,Other causes,400
2022,27,Female,Other unintentional injury,257
2022,27,Female,Stroke,11
2022,27,Female,Suicide,113
2022,27,Male,Alcohol-induced,97
2022,27,Male,COVID-19,71
2022,27,Male,Cancer,125
2022,27,Male,Chronic lower respiratory disease,23
2022,27,Male,Diabetes,54
2022,27,Male,Drug overdose,1414
2022,27,Male,Heart disease,155
2022,27,Male,Homicide,536
2022,27,Male,Other causes,634
2022,27,Male,Other unintentional injury,738
2022,27,Male,Stroke,15
2022,27,Male,Suicide,650
2022,28,Female,Alcohol-induced,64
2022,28,Female,COVID-19,50
2022,28,Female,Cancer,124
2022,28,Female,Chronic lower respiratory disease,14
2022,28,Female,Diabetes,34
2022,28,Female,Drug overdose,553
2022,28,Female,Heart disease,102
2022,28,Female,Homicide,110
2022,28,Female,Other causes,426
2022,28,Female,Other unintentional injury,247
2022,28,Female,Stroke,25
2022,28,Female,Suicide,136
2022,28,Male,Alcohol-induced,136
2022,28,Male,COVID-19,91
2022,28,Male,Cancer,142
2022,28,Male,Chronic lower respiratory disease,17
2022,28,Male,Diabetes,61
2022,28,Male,Drug overdose,1585
2022,28,Male,Heart disease,194
2022,28,Male,Homicide,546
2022,28,Male,Other causes,665
2022,28,Male,Other unintentional injury,716
2022,28,Male,Stroke,21
2022,28,Male,Suicide,607
2022,29,Female,Alcohol-induced,85
2022,29,Female,COVID-19,54
2022,29,Female,Cancer,151
2022,29,Female,Chronic lower respiratory disease,15
2022,29,Female,Diabetes,49
2022,29,Female,Drug overdose,682
2022,29,Female,Heart disease,93
2022,29,Female,Homicide,105
2022,29,Female,Other causes,468
2022,29,Female,Other unintentional injury,246
2022,29,Female,Stroke,24
2022,29,Female,Suicide,172
2022,29,Male,Alcohol-induced,179
2022,29,Male,COVID-19,98
2022,29,Male,Cancer,190
2022,29,Male,Chronic lower respiratory disease,19
2022,29,Male,Diabetes,66
2022,29,Male,Drug overdose,1709
2022,29,Male,Heart disease,235
2022,29,Male,Homicide,614
2022,29,Male,Other causes,802
2022,29,Male,Other unintentional injury,753
2022,29,Male,Stroke,26
2022,29,Male,Suicide,642
2022,30,Female,Alcohol-induced,85
2022,30,Female,COVID-19,75
2022,30,Female,Cancer,177
2022,30,Female,Chronic lower respiratory disease,14
2022,30,Female,Diabetes,38
2022,30,Female,Drug overdose,715
2022,30,Female,Heart disease,114
2022,30,Female,Homicide,117
2022,30,Female,Other causes,502
2022,30,Female,Other unintentional injury,286
2022,30,Female,Stroke,29
2022,30,Female,Suicide,141
2022,30,Male,Alcohol-induced,202
2022,30,Male,COVID-19,97
2022,30,Male,Cancer,184
2022,30,Male,Chronic lower respiratory disease,25
2022,30,Male,Diabetes,74
2022,30,Male,Drug overdose,1765
2022,30,Male,Heart disease,280
2022,30,Male,Homicide,634
2022,30,Male,Other causes,868
2022,30,Male,Other unintentional injury,716
2022,30,Male,Stroke,41
2022,30,Male,Suicide,685
2022,31,Female,Alcohol-induced,118
2022,31,Female,COVID-19,70
2022,31,Female,Cancer,189
2022,31,Female,Chronic lower respiratory disease,18
2022,31,Female,Diabetes,55
2022,31,Female,Drug overdose,751
2022,31,Female,Heart disease,141
2022,31,Female,Homicide,125
2022,31,Female,Other causes,593
2022,31,Female,Other unintentional injury,264
2022,31,Female,Stroke,30
2022,31,Female,Suicide,150
2022,31,Male,Alcohol-induced,266
2022,31,Male,COVID-19,107
2022,31,Male,Cancer,197
2022,31,Male,Chronic lower respiratory disease,23
2022,31,Male,Diabetes,77
2022,31,Male,Drug overdose,1960
2022,31,Male,Heart disease,273
2022,31,Male,Homicide,573
2022,31,Male,Other causes,886
2022,31,Male,Other unintentional injury,779
2022,31,Male,Stroke,38
2022,31,Male,Suicide,676
2022,32,Female,Alcohol-induced,141
2022,32,Female,COVID-19,91
2022,32,Female,Cancer,254
2022,32,Female,Chronic lower respiratory disease,20
2022,32,Female,Diabetes,62
2022,32,Female,Drug overdose,759
2022,32,Female,Heart disease,162
2022,32,Female,Homicide,101
2022,32,Female,Other causes,581
2022,32,Female,Other unintentional injury,274
2022,32,Female,Stroke,41
2022,32,Female,Suicide,149
2022,32,Male,Alcohol-induced,306
2022,32,Male,COVID-19,135
2022,32,Male,Cancer,233
2022,32,Male,Chronic lower respiratory disease,22
2022,32,Male,Diabetes,105
2022,32,Male,Drug overdose,2017
2022,32,Male,Heart disease,356
2022,32,Male,Homicide,580
2022,32,Male,Other causes,1027
2022,32,Male,Other unintentional injury,724
2022,32,Male,Stroke,48
2022,32,Male,Suicide,764
2022,33,Female,Alcohol-induced,174
2022,33,Female,COVID-19,89
2022,33,Female,Cancer,307
2022,33,Female,Chronic lower respiratory disease,22
2022,33,Female,Diabetes,52
2022,33,Female,Drug overdose,760
2022,33,Female,Heart disease,164
2022,33,Female,Homicide,118
2022,33,Female,Other causes,689
2022,33,Female,Other unintentional injury,257
2022,33,Female,Stroke,35
2022,33,Female,Suicide,153
2022,33,Male,Alcohol-induced,323
2022,33,Male,COVID-19,131
2022,33,Male,Cancer,254
2022,33,Male,Chronic lower respiratory disease,17
2022,33,Male,Diabetes,100
2022,33,Male,Drug overdose,2043
2022,33,Male,Heart disease,381
2022,33,Male,Homicide,541
2022,33,Male,Other causes,1015
2022,33,Male,Other unintentional injury,753
2022,33,Male,Stroke,62
2022,33,Male,Suicide,731
2022,34,Female,Alcohol-induced,162
2022,34,Female,COVID-19,88
2022,34,Female,Cancer,328
2022,34,Female,Chronic lower respiratory disease,21
2022,34,Female,Diabetes,78
2022,34,Female,Drug overdose,767
2022,34,Female,Heart disease,214
2022,34,Female,Homicide,94
2022,34,Female,Other causes,680
2022,34,Female,Other unintentional injury,262
2022,34,Female,Stroke,53
2022,34,Female,Suicide,158
2022,34,Male,Alcohol-induced,391
2022,34,Male,COVID-19,150
2022,34,Male,Cancer,255
2022,34,Male,Chronic lower respiratory disease,23
2022,34,Male,Diabetes,118
2022,34,Male,Drug overdose,1995
2022,34,Male,Heart disease,438
2022,34,Male,Homicide,507
2022,34,Male,Other causes,1013
2022,34,Male,Other unintentional injury,670
2022,34,Male,Stroke,43
2022,34,Male,Suicide,645
2022,35,Female,Alcohol-induced,181
2022,35,Female,Alzheimer disease,1
2022,35,Female,COVID-19,87
2022,35,Female,Cancer,350
2022,35,Female,Chronic lower respiratory disease,22
2022,35,Female,Diabetes,58
2022,35,Female,Drug overdose,768
2022,35,Female,Heart disease,221
2022,35,Female,Homicide,90
2022,35,Female,Other causes,695
2022,35,Female,Other unintentional injury,243
2022,35,Female,Stroke,50
2022,35,Female,Suicide,137
2022,35,Male,Alcohol-induced,381
2022,35,Male,Alzheimer disease,1
2022,35,Male,COVID-19,144
2022,35,Male,Cancer,284
2022,35,Male,Chronic lower respiratory disease,23
2022,35,Male,Diabetes,142
2022,35,Male,Drug overdose,1973
2022,35,Male,Heart disease,488
2022,35,Male,Homicide,434
2022,35,Male,Other causes,1063
2022,35,Male,Other unintentional injury,669
2022,35,Male,Stroke,66
2022,35,Male,Suicide,658
2022,36,Female,Alcohol-induced,187
2022,36,Female,COVID-19,106
2022,36,Female,Cancer,423
2022,36,Female,Chronic lower respiratory disease,21
2022,36,Female,Diabetes,78
2022,36,Female,Drug overdose,842
2022,36,Female,Heart disease,246
2022,36,Female,Homicide,100
2022,36,Female,Other causes,735
2022,36,Female,Other unintentional injury,220
2022,36,Female,Stroke,56
2022,36,Female,Suicide,149
2022,36,Male,Alcohol-induced,416
2022,36,Male,COVID-19,152
2022,36,Male,Cancer,317
2022,36,Male,Chronic lower respiratory disease,22
2022,36,Male,Diabetes,114
2022,36,Male,Drug overdose,2120
2022,36,Male,Heart disease,539
2022,36,Male,Homicide,432
2022,36,Male,Other causes,1188
2022,36,Male,Other unintentional injury,685
2022,36,Male,Stroke,82
2022,36,Male,Suicide,667
2022,37,Female,Alcohol-induced,201
2022,37,Female,COVID-19,118
2022,37,Female,Cancer,495
2022,37,Female,Chronic lower respiratory disease,31
2022,37,Female,Diabetes,80
2022,37,Female,Drug overdose,800
2022,37,Female,Heart disease,280
2022,37,Female,Homicide,108
2022,37,Female,Other causes,803
2022,37,Female,Other unintentional injury,202
2022,37,Female,Stroke,61
2022,37,Female,Suicide,128
2022,37,Male,Alcohol-induced,481
2022,37,Male,COVID-19,174
2022,37,Male,Cancer,379
2022,37,Male,Chronic lower respiratory disease,34
2022,37,Male,Diabetes,148
2022,37,Male,Drug overdose,2028
2022,37,Male,Heart disease,618
2022,37,Male,Homicide,447
2022,37,Male,Other causes,1244
2022,37,Male,Other unintentional injury,676
2022,37,Male,Stroke,87
2022,37,Male,Suicide,659
2022,38,Female,Alcohol-induced,229
2022,38,Female,COVID-19,135
2022,38,Female,Cancer,490
2022,38,Female,Chronic lower respiratory disease,26
2022,38,Female,Diabetes,103
2022,38,Female,Drug overdose,860
2022,38,Female,Heart disease,321
2022,38,Female,Homicide,91
2022,38,Female,Other causes,860
2022,38,Female,Other unintentional injury,220
2022,38,Female,Stroke,65
2022,38,Female,Suicide,129
2022,38,Male,Alcohol-induced,471
2022,38,Male,COVID-19,169
2022,38,Male,Cancer,405
2022,38,Male,Chronic lower respiratory disease,27
2022,38,Male,Diabetes,129
2022,38,Male,Drug overdose,1942
2022,38,Male,Heart disease,654
2022,38,Male,Homicide,445
2022,38,Male,Other causes,1227
2022,38,Male,Other unintentional injury,704
2022,38,Male,Stroke,101
2022,38,Male,Suicide,571
2022,39,Female,Alcohol-induced,238
2022,39,Female,COVID-19,163
2022,39,Female,Cancer,625
2022,39,Female,Chronic lower respiratory disease,29
2022,39,Female,Diabetes,103
2022,39,Female,Drug overdose,830
2022,39,Female,Heart disease,329
2022,39,Female,Homicide,78
2022,39,Female,Other causes,935
2022,39,Female,Other unintentional injury,238
2022,39,Female,Stroke,95
2022,39,Female,Suicide,139
2022,39,Male,Alcohol-induced,535
2022,39,Male,COVID-19,232
2022,39,Male,Cancer,440
2022,39,Male,Chronic lower respiratory disease,33
2022,39,Male,Diabetes,168
2022,39,Male,Drug overdose,2060
2022,39,Male,Heart disease,782
2022,39,Male,Homicide,406
2022,39,Male,Other causes,1325
2022,39,Male,Other unintentional injury,663
2022,39,Male,Stroke,126
2022,39,Male,Suicide,596
2022,40,Female,Alcohol-induced,244
2022,40,Female,COVID-19,189
2022,40,Female,Cancer,680
2022,40,Female,Chronic lower respiratory disease,35
2022,40,Female,Diabetes,113
2022,40,Female,Drug overdose,826
2022,40,Female,Heart disease,413
2022,40,Female,Homicide,85
2022,40,Female,Other causes,975
2022,40,Female,Other unintentional injury,223
2022,40,Female,Stroke,102
2022,40,Female,Suicide,142
2022,40,Male,Alcohol-induced,548
2022,40,Male,COVID-19,238
2022,40,Male,Cancer,475
2022,40,Male,Chronic lower respiratory disease,41
2022,40,Male,Diabetes,202
2022,40,Male,Drug overdose,2102
2022,40,Male,Heart disease,869
2022,40,Male,Homicide,367
2022,40,Male,Other causes,1350
2022,40,Male,Other unintentional injury,629
2022,40,Male,Stroke,134
2022,40,Male,Suicide,634
2022,41,Female,Alcohol-induced,267
2022,41,Female,COVID-19,156
2022,41,Female,Cancer,707
2022,41,Female,Chronic lower respiratory disease,38
2022,41,Female,Diabetes,115
2022,41,Female,Drug overdose,896
2022,41,Female,Heart disease,470
2022,41,Female,Homicide,82
2022,41,Female,Other causes,1002
2022,41,Female,Other unintentional injury,197
2022,41,Female,Stroke,107
2022,41,Female,Suicide,148
2022,41,Male,Alcohol-induced,563
2022,41,Male,Alzheimer disease,1
2022,41,Male,COVID-19,244
2022,41,Male,Cancer,530
2022,41,Male,Chronic lower respiratory disease,41
2022,41,Male,Diabetes,219
2022,41,Male,Drug overdose,2005
2022,41,Male,Heart disease,944
2022,41,Male,Homicide,373
2022,41,Male,Other causes,1538
2022,41,Male,Other unintentional injury,677
2022,41,Male,Stroke,154
2022,41,Male,Suicide,618
2022,42,Female,Alcohol-induced,250
2022,42,Female,COVID-19,226
2022,42,Female,Cancer,802
2022,42,Female,Chronic lower respiratory disease,57
2022,42,Female,Diabetes,133
2022,42,Female,Drug overdose,797
2022,42,Female,Heart disease,519
2022,42,Female,Homicide,84
2022,42,Female,Other causes,1074
2022,42,Female,Other unintentional injury,206
2022,42,Female,Stroke,130
2022,42,Female,Suicide,110
2022,42,Male,Alcohol-induced,563
2022,42,Male,COVID-19,258
2022,42,Male,Cancer,599
2022,42,Male,Chronic lower respiratory disease,54
2022,42,Male,Diabetes,233
2022,42,Male,Drug overdose,1929
2022,42,Male,Heart disease,1055
2022,42,Male,Homicide,392
2022,42,Male,Other causes,1554
2022,42,Male,Other unintentional injury,641
2022,42,Male,Stroke,151
2022,42,Male,Suicide,592
2022,43,Female,Alcohol-induced,271
2022,43,Female,Alzheimer disease,1
2022,43,Female,COVID-19,205
2022,43,Female,Cancer,870
2022,43,Female,Chronic lower respiratory disease,59
2022,43,Female,Diabetes,125
2022,43,Female,Drug overdose,789
2022,43,Female,Heart disease,561
2022,43,Female,Homicide,84
2022,43,Female,Other causes,1091
2022,43,Female,Other unintentional injury,197
2022,43,Female,Stroke,123
2022,43,Female,Suicide,124
2022,43,Male,Alcohol-induced,570
2022,43,Male,COVID-19,294
2022,43,Male,Cancer,659
2022,43,Male,Chronic lower respiratory disease,34
2022,43,Male,Diabetes,219
2022,43,Male,Drug overdose,1834
2022,43,Male,Heart disease,1126
2022,43,Male,Homicide,325
2022,43,Male,Other causes,1627
2022,43,Male,Other unintentional injury,630
2022,43,Male,Stroke,170
2022,43,Male,Suicide,587
2022,44,Female,Alcohol-induced,265
2022,44,Female,COVID-19,218
2022,44,Female,Cancer,922
2022,44,Female,Chronic lower respiratory disease,56
2022,44,Female,Diabetes,126
2022,44,Female,Drug overdose,751
2022,44,Female,Heart disease,527
2022,44,Female,Homicide,67
2022,44,Female,Other causes,1142
2022,44,Female,Other unintentional injury,211
2022,44,Female,Stroke,139
2022,44,Female,Suicide,138
2022,44,Male,Alcohol-induced,598
2022,44,Male,Alzheimer disease,2
2022,44,Male,COVID-19,344
2022,44,Male,Cancer,765
2022,44,Male,Chronic lower respiratory disease,50
2022,44,Male,Diabetes,279
2022,44,Male,Drug overdose,1808
2022,44,Male,Heart disease,1256
2022,44,Male,Homicide,281
2022,44,Male,Other causes,1713
2022,44,Male,Other unintentional injury,635
2022,44,Male,Stroke,165
2022,44,Male,Suicide,540
2022,45,Female,Alcohol-induced,274
2022,45,Female,COVID-19,259
2022,45,Female,Cancer,1024
2022,45,Female,Chronic lower respiratory disease,59
2022,45,Female,Diabetes,151
2022,45,Female,Drug overdose,695
2022,45,Female,Heart disease,635
2022,45,Female,Homicide,78
2022,45,Female,Other causes,1175
2022,45,Female,Other unintentional injury,156
2022,45,Female,Stroke,152
2022,45,Female,Suicide,105
2022,45,Male,Alcohol-induced,598
2022,45,Male,COVID-19,359
2022,45,Male,Cancer,823
2022,45,Male,Chronic lower respiratory disease,64
2022,45,Male,Diabetes,288
2022,45,Male,Drug overdose,1696
2022,45,Male,Heart disease,1327
2022,45,Male,Homicide,252
2022,45,Male,Other causes,1764
2022,45,Male,Other unintentional injury,603
2022,45,Male,Stroke,203
2022,45,Male,Suicide,537
2022,46,Female,Alcohol-induced,269
2022,46,Female,Alzheimer disease,5
2022,46,Female,COVID-19,304
2022,46,Female,Cancer,1071
2022,46,Female,Chronic lower respiratory disease,88
2022,46,Female,Diabetes,163
2022,46,Female,Drug overdose,666
2022,46,Female,Heart disease,615
2022,46,Female,Homicide,49
2022,46,Female,Other causes,1229
2022,46,Female,Other unintentional injury,193
2022,46,Female,Stroke,164
2022,46,Female,Suicide,120
2022,46,Male,Alcohol-induced,630
2022,46,Male,Alzheimer disease,2
2022,46,Male,COVID-19,375
2022,46,Male,Cancer,905
2022,46,Male,Chronic lower respiratory disease,70
2022,46,Male,Diabetes,300
2022,46,Male,Drug overdose,1534
2022,46,Male,Heart disease,1448
2022,46,Male,Homicide,267
2022,46,Male,Other causes,1732
2022,46,Male,Other unintentional injury,522
2022,46,Male,Stroke,194
2022,46,Male,Suicide,527
2022,47,Female,Alcohol-induced,288
2022,47,Female,Alzheimer disease,3
2022,47,Female,COVID-19,294
2022,47,Female,Cancer,1252
2022,47,Female,Chronic lower respiratory disease,92
2022,47,Female,Diabetes,194
2022,47,Female,Drug overdose,656
2022,47,Female,Heart disease,739
2022,47,Female,Homicide,64
2022,47,Female,Other causes,1258
2022,47,Female,Other unintentional injury,214
2022,47,Female,Stroke,207
2022,47,Female,Suicide,108
2022,47,Male,Alcohol-induced,673
2022,47,Male,Alzheimer disease,4
2022,47,Male,COVID-19,408
2022,47,Male,Cancer,1064
2022,47,Male,Chronic lower respiratory disease,54
2022,47,Male,Diabetes,350
2022,47,Male,Drug overdose,1628
2022,47,Male,Heart disease,1642
2022,47,Male,Homicide,257
2022,47,Male,Other causes,1929
2022,47,Male,Other unintentional injury,535
2022,47,Male,Stroke,249
2022,47,Male,Suicide,550
2022,48,Female,Alcohol-induced,311
2022,48,Female,Alzheimer disease,3
2022,48,Female,COVID-19,321
2022,48,Female,Cancer,1369
2022,48,Female,Chronic lower respiratory disease,108
2022,48,Female,Diabetes,239
2022,48,Female,Drug overdose,640
2022,48,Female,Heart disease,759
2022,48,Female,Homicide,62
2022,48,Female,Other causes,1375
2022,48,Female,Other unintentional injury,197
2022,48,Female,Stroke,197
2022,48,Female,Suicide,114
2022,48,Male,Alcohol-induced,662
2022,48,Male,Alzheimer disease,1
2022,48,Male,COVID-19,499
2022,48,Male,Cancer,1161
2022,48,Male,Chronic lower respiratory disease,88
2022,48,Male,Diabetes,389
2022,48,Male,Drug overdose,1513
2022,48,Male,Heart disease,1790
2022,48,Male,Homicide,214
2022,48,Male,Other causes,2064
2022,48,Male,Other unintentional injury,569
2022,48,Male,Stroke,271
2022,48,Male,Suicide,485
2022,49,Female,Alcohol-induced,321
2022,49,Female,Alzheimer disease,1
2022,49,Female,COVID-19,379
2022,49,Female,Cancer,1514
2022,49,Female,Chronic lower respiratory disease,126
2022,49,Female,Diabetes,242
2022,49,Female,Drug overdose,666
2022,49,Female,Heart disease,876
2022,49,Female,Homicide,65
2022,49,Female,Other causes,1634
2022,49,Female,Other unintentional injury,210
2022,49,Female,Stroke,203
2022,49,Female,Suicide,133
2022,49,Male,Alcohol-induced,689
2022,49,Male,Alzheimer disease,2
2022,49,Male,COVID-19,515
2022,49,Male,Cancer,1344
2022,49,Male,Chronic lower respiratory disease,91
2022,49,Male,Diabetes,446
2022,49,Male,Drug overdose,1520
2022,49,Male,Heart disease,2063
2022,49,Male,Homicide,227
2022,49,Male,Other causes,2212
2022,49,Male,Other unintentional injury,541
2022,49,Male,Stroke,296
2022,49,Male,Suicide,521
2022,50,Female,Alcohol-induced,340
2022,50,Female,Alzheimer disease,6
2022,50,Female,COVID-19,416
2022,50,Female,Cancer,1792
2022,50,Female,Chronic lower respiratory disease,172
2022,50,Female,Diabetes,275
2022,50,Female,Drug overdose,701
2022,50,Female,Heart disease,982
2022,50,Female,Homicide,62
2022,50,Female,Other causes,1769
2022,50,Female,Other unintentional injury,198
2022,50,Female,Stroke,248
2022,50,Female,Suicide,121
2022,50,Male,Alcohol-induced,717
2022,50,Male,Alzheimer disease,5
2022,50,Male,COVID-19,606
2022,50,Male,Cancer,1673
2022,50,Male,Chronic lower respiratory disease,123
2022,50,Male,Diabetes,476
2022,50,Male,Drug overdose,1514
2022,50,Male,Heart disease,2386
2022,50,Male,Homicide,212
2022,50,Male,Other causes,2567
2022,50,Male,Other unintentional injury,584
2022,50,Male,Stroke,303
2022,50,Male,Suicide,584
2022,51,Female,Alcohol-induced,376
2022,51,Female,Alzheimer disease,9
2022,51,Female,COVID-19,452
2022,51,Female,Cancer,2066
2022,51,Female,Chronic lower respiratory disease,192
2022,51,Female,Diabetes,322
2022,51,Female,Drug overdose,685
2022,51,Female,Heart disease,1129
2022,51,Female,Homicide,52
2022,51,Female,Other causes,1964
2022,51,Female,Other unintentional injury,226
2022,51,Female,Stroke,281
2022,51,Female,Suicide,139
2022,51,Male,Alcohol-induced,876
2022,51,Male,Alzheimer disease,4
2022,51,Male,COVID-19,669
2022,51,Male,Cancer,1991
2022,51,Male,Chronic lower respiratory disease,167
2022,51,Male,Diabetes,548
2022,51,Male,Drug overdose,1612
2022,51,Male,Heart disease,2684
2022,51,Male,Homicide,215
2022,51,Male,Other causes,2876
2022,51,Male,Other unintentional injury,599
2022,51,Male,Stroke,400
2022,51,Male,Suicide,618
2022,52,Female,Alcohol-induced,370
2022,52,Female,Alzheimer disease,7
2022,52,Female,COVID-19,470
2022,52,Female,Cancer,2287
2022,52,Female,Chronic lower respiratory disease,221
2022,52,Female,Diabetes,345
2022,52,Female,Drug overdose,765
2022,52,Female,Heart disease,1243
2022,52,Female,Homicide,53
2022,52,Female,Other causes,2059
2022,52,Female,Other unintentional injury,229
2022,52,Female,Stroke,283
2022,52,Female,Suicide,122
2022,52,Male,Alcohol-induced,871
2022,52,Male,Alzheimer disease,4
2022,52,Male,COVID-19,762
2022,52,Male,Cancer,2151
2022,52,Male,Chronic lower respiratory disease,192
2022,52,Male,Diabetes,621
2022,52,Male,Drug overdose,1696
2022,52,Male,Heart disease,2868
2022,52,Male,Homicide,214
2022,52,Male,Other causes,3082
2022,52,Male,Other unintentional injury,652
2022,52,Male,Stroke,399
2022,52,Male,Suicide,624
2022,53,Female,Alcohol-induced,372
2022,53,Female,Alzheimer disease,19
2022,53,Female,COVID-19,474
2022,53,Female,Cancer,2389
2022,53,Female,Chronic lower respiratory disease,267
2022,53,Female,Diabetes,355
2022,53,Female,Drug overdose,720
2022,53,Female,Heart disease,1239
2022,53,Female,Homicide,30
2022,53,Female,Other causes,2160
2022,53,Female,Other unintentional injury,229
2022,53,Female,Stroke,322
2022,53,Female,Suicide,144
2022,53,Male,Alcohol-induced,955
2022,53,Male,Alzheimer disease,8
2022,53,Male,COVID-19,748
2022,53,Male,Cancer,2318
2022,53,Male,Chronic lower respiratory disease,239
2022,53,Male,Diabetes,654
2022,53,Male,Drug overdose,1583
2022,53,Male,Heart disease,3126
2022,53,Male,Homicide,185
2022,53,Male,Other causes,3183
2022,53,Male,Other unintentional injury,652
2022,53,Male,Stroke,437
2022,53,Male,Suicide,569
2022,54,Female,Alcohol-induced,354
2022,54,Female,Alzheimer disease,13
2022,54,Female,COVID-19,586
2022,54,Female,Cancer,2618
2022,54,Female,Chronic lower respiratory disease,337
2022,54,Female,Diabetes,346
2022,54,Female,Drug overdose,672
2022,54,Female,Heart disease,1382
2022,54,Female,Homicide,43
2022,54,Female,Other causes,2412
2022,54,Female,Other unintentional injury,193
2022,54,Female,Stroke,325
2022,54,Female,Suicide,139
2022,54,Male,Alcohol-induced,966
2022,54,Male,Alzheimer disease,15
2022,54,Male,COVID-19,816
2022,54,Male,Cancer,2626
2022,54,Male,Chronic lower respiratory disease,246
2022,54,Male,Diabetes,684
2022,54,Male,Drug overdose,1557
2022,54,Male,Heart disease,3413
2022,54,Male,Homicide,154
2022,54,Male,Other causes,3337
2022,54,Male,Other unintentional injury,620
2022,54,Male,Stroke,451
2022,54,Male,Suicide,567
2022,55,Female,Alcohol-induced,452
2022,55,Female,Alzheimer disease,20
2022,55,Female,COVID-19,651
2022,55,Female,Cancer,2969
2022,55,Female,Chronic lower respiratory disease,349
2022,55,Female,Diabetes,373
2022,55,Female,Drug overdose,697
2022,55,Female,Heart disease,1564
2022,55,Female,Homicide,61
2022,55,Female,Other causes,2508
2022,55,Female,Other unintentional injury,224
2022,55,Female,Stroke,352
2022,55,Female,Suicide,122
2022,55,Male,Alcohol-induced,995
2022,55,Male,Alzheimer disease,12
2022,55,Male,COVID-19,966
2022,55,Male,Cancer,2980
2022,55,Male,Chronic lower respiratory disease,321
2022,55,Male,Diabetes,770
2022,55,Male,Drug overdose,1625
2022,55,Male,Heart disease,3799
2022,55,Male,Homicide,169
2022,55,Male,Other causes,3672
2022,55,Male,Other unintentional injury,633
2022,55,Male,Stroke,543
2022,55,Male,Suicide,542
2022,56,Female,Alcohol-induced,447
2022,56,Female,Alzheimer disease,36
2022,56,Female,COVID-19,742
2022,56,Female,Cancer,3241
2022,56,Female,Chronic lower respiratory disease,444
2022,56,Female,Diabetes,476
2022,56,Female,Drug overdose,666
2022,56,Female,Heart disease,1759
2022,56,Female,Homicide,52
2022,56,Female,Other causes,2802
2022,56,Female,Other unintentional injury,225
2022,56,Female,Stroke,372
2022,56,Female,Suicide,119
2022,56,Male,Alcohol-induced,1056
2022,56,Male,Alzheimer disease,30
2022,56,Male,COVID-19,1016
2022,56,Male,Cancer,3419
2022,56,Male,Chronic lower respiratory disease,406
2022,56,Male,Diabetes,796
2022,56,Male,Drug overdose,1607
2022,56,Male,Heart disease,4122
2022,56,Male,Homicide,157
2022,56,Male,Other causes,4061
2022,56,Male,Other unintentional injury,681
2022,56,Male,Stroke,587
2022,56,Male,Suicide,550
2022,57,Female,Alcohol-induced,475
2022,57,Female,Alzheimer disease,44
2022,57,Female,COVID-19,789
2022,57,Female,Cancer,3805
2022,57,Female,Chronic lower respiratory disease,535
2022,57,Female,Diabetes,519
2022,57,Female,Drug overdose,704
2022,57,Female,Heart disease,2022
2022,57,Female,Homicide,44
2022,57,Female,Other causes,3272
2022,57,Female,Other unintentional injury,257
2022,57,Female,Stroke,436
2022,57,Female,Suicide,130
2022,57,Male,Alcohol-induced,1213
2022,57,Male,Alzheimer disease,23
2022,57,Male,COVID-19,1143
2022,57,Male,Cancer,4013
2022,57,Male,Chronic lower respiratory disease,497
2022,57,Male,Diabetes,915
2022,57,Male,Drug overdose,1572
2022,57,Male,Heart disease,4617
2022,57,Male,Homicide,171
2022,57,Male,Other causes,4527
2022,57,Male,Other unintentional injury,718
2022,57,Male,Stroke,679
2022,57,Male,Suicide,589
2022,58,Female,Alcohol-induced,515
2022,58,Female,Alzheimer disease,67
2022,58,Female,COVID-19,889
2022,58,Female,Cancer,4262
2022,58,Female,Chronic lower respiratory disease,660
2022,58,Female,Diabetes,528
2022,58,Female,Drug overdose,657
2022,58,Female,Heart disease,2270
2022,58,Female,Homicide,40
2022,58,Female,Other causes,3684
2022,58,Female,Other unintentional injury,235
2022,58,Female,Stroke,479
2022,58,Female,Suicide,150
2022,58,Male,Alcohol-induced,1208
2022,58,Male,Alzheimer disease,37
2022,58,Male,COVID-19,1267
2022,58,Male,Cancer,4639
2022,58,Male,Chronic lower respiratory disease,649
2022,58,Male,Diabetes,1001
2022,58,Male,Drug overdose,1635
2022,58,Male,Heart disease,5375
2022,58,Male,Homicide,133
2022,58,Male,Other causes,5124
2022,58,Male,Other unintentional injury,725
2022,58,Male,Stroke,744
2022,58,Male,Suicide,642
2022,59,Female,Alcohol-induced,509
2022,59,Female,Alzheimer disease,68
2022,59,Female,COVID-19,928
2022,59,Female,Cancer,4715
2022,59,Female,Chronic lower respiratory disease,814
2022,59,Female,Diabetes,644
2022,59,Female,Drug overdose,742
2022,59,Female,Heart disease,2514
2022,59,Female,Homicide,53
2022,59,Female,Other causes,3861
2022,59,Female,Other unintentional injury,265
2022,59,Female,Stroke,588
2022,59,Female,Suicide,120
2022,59,Male,Alcohol-induced,1316
2022,59,Male,Alzheimer disease,42
2022,59,Male,COVID-19,1353
2022,59,Male,Cancer,5209
2022,59,Male,Chronic lower respiratory disease,749
2022,59,Male,Diabetes,1147
2022,59,Male,Drug overdose,1584
2022,59,Male,Heart disease,5716
2022,59,Male,Homicide,132
2022,59,Male,Other causes,5536
2022,59,Male,Other unintentional injury,766
2022,59,Male,Stroke,780
2022,59,Male,Suicide,575
2022,60,Female,Alcohol-induced,510
2022,60,Female,Alzheimer disease,87
2022,60,Female,COVID-19,999
2022,60,Female,Cancer,5118
2022,60,Female,Chronic lower respiratory disease,942
2022,60,Female,Diabetes,653
2022,60,Female,Drug overdose,652
2022,60,Female,Heart disease,2925
2022,60,Female,Homicide,47
2022,60,Female,Other causes,4105
2022,60,Female,Other unintentional injury,255
2022,60,Female,Stroke,616
2022,60,Female,Suicide,130
2022,60,Male,Alcohol-induced,1242
2022,60,Male,Alzheimer disease,53
2022,60,Male,COVID-19,1541
2022,60,Male,Cancer,5966
2022,60,Male,Chronic lower respiratory disease,917
2022,60,Male,Diabetes,1196
2022,60,Male,Drug overdose,1512
2022,60,Male,Heart disease,6208
2022,60,Male,Homicide,135
2022,60,Male,Other causes,5935
2022,60,Male,Other unintentional injury,795
2022,60,Male,Stroke,862
2022,60,Male,Suicide,632
2022,61,Female,Alcohol-induced,555
2022,61,Female,Alzheimer disease,94
2022,61,Female,COVID-19,1187
2022,61,Female,Cancer,5603
2022,61,Female,Chronic lower respiratory disease,1034
2022,61,Female,Diabetes,763
2022,61,Female,Drug overdose,628
2022,61,Female,Heart disease,2958
2022,61,Female,Homicide,50
2022,61,Female,Other causes,4640
2022,61,Female,Other unintentional injury,255
2022,61,Female,Stroke,659
2022,61,Female,Suicide,116
2022,61,Male,Alcohol-induced,1265
2022,61,Male,Alzheimer disease,73
2022,61,Male,COVID-19,1569
2022,61,Male,Cancer,6535
2022,61,Male,Chronic lower respiratory disease,977
2022,61,Male,Diabetes,1240
2022,61,Male,Drug overdose,1391
2022,61,Male,Heart disease,6617
2022,61,Male,Homicide,152
2022,61,Male,Other causes,6380
2022,61,Male,Other unintentional injury,778
2022,61,Male,Stroke,984
2022,61,Male,Suicide,613
2022,62,Female,Alcohol-induced,432
2022,62,Female,Alzheimer disease,143
2022,62,Female,COVID-19,1199
2022,62,Female,Cancer,6170
2022,62,Female,Chronic lower respiratory disease,1169
2022,62,Female,Diabetes,763
2022,62,Female,Drug overdose,486
2022,62,Female,Heart disease,3305
2022,62,Female,Homicide,39
2022,62,Female,Other causes,4967
2022,62,Female,Other unintentional injury,245
2022,62,Female,Stroke,740
2022,62,Female,Suicide,110
2022,62,Male,Alcohol-induced,1282
2022,62,Male,Alzheimer disease,96
2022,62,Male,COVID-19,1677
2022,62,Male,Cancer,7075
2022,62,Male,Chronic lower respiratory disease,1226
2022,62,Male,Diabetes,1272
2022,62,Male,Drug overdose,1316
2022,62,Male,Heart disease,7211
2022,62,Male,Homicide,140
2022,62,Male,Other causes,6783
2022,62,Male,Other unintentional injury,743
2022,62,Male,Stroke,962
2022,62,Male,Suicide,538
2022,63,Female,Alcohol-induced,441
2022,63,Female,Alzheimer disease,162
2022,63,Female,COVID-19,1309
2022,63,Female,Cancer,6564
2022,63,Female,Chronic lower respiratory disease,1392
2022,63,Female,Diabetes,777
2022,63,Female,Drug overdose,495
2022,63,Female,Heart disease,3560
2022,63,Female,Homicide,28
2022,63,Female,Other causes,5218
2022,63,Female,Other unintentional injury,278
2022,63,Female,Stroke,791
2022,63,Female,Suicide,102
2022,63,Male,Alcohol-induced,1203
2022,63,Male,Alzheimer disease,105
2022,63,Male,COVID-19,1746
2022,63,Male,Cancer,7770
2022,63,Male,Chronic lower respiratory disease,1289
2022,63,Male,Diabetes,1416
2022,63,Male,Drug overdose,1190
2022,63,Male,Heart disease,7627
2022,63,Male,Homicide,95
2022,63,Male,Other causes,7151
2022,63,Male,Other unintentional injury,718
2022,63,Male,Stroke,1047
2022,63,Male,Suicide,518
2022,64,Female,Alcohol-induced,455
2022,64,Female,Alzheimer disease,151
2022,64,Female,COVID-19,1384
2022,64,Female,Cancer,6839
2022,64,Female,Chronic lower respiratory disease,1389
2022,64,Female,Diabetes,854
2022,64,Female,Drug overdose,423
2022,64,Female,Heart disease,3832
2022,64,Female,Homicide,31
2022,64,Female,Other causes,5719
2022,64,Female,Other unintentional injury,247
2022,64,Female,Stroke,822
2022,64,Female,Suicide,97
2022,64,Male,Alcohol-induced,1239
2022,64,Male,Alzheimer disease,137
2022,64,Male,COVID-19,1980
2022,64,Male,Cancer,8471
2022,64,Male,Chronic lower respiratory disease,1420
2022,64,Male,Diabetes,1352
2022,64,Male,Drug overdose,1038
2022,64,Male,Heart disease,8067
2022,64,Male,Homicide,112
2022,64,Male,Other causes,7649
2022,64,Male,Other unintentional injury,748
2022,64,Male,Stroke,1196
2022,64,Male,Suicide,489
2022,65,Female,Alcohol-induced,389
2022,65,Female,Alzheimer disease,190
2022,65,Female,COVID-19,1460
2022,65,Female,Cancer,7270
2022,65,Female,Chronic lower respiratory disease,1549
2022,65,Female,Diabetes,900
2022,65,Female,Drug overdose,396
2022,65,Female,Heart disease,3958
2022,65,Female,Homicide,42
2022,65,Female,Other causes,5998
2022,65,Female,Other unintentional injury,258
2022,65,Female,Stroke,945
2022,65,Female,Suicide,100
2022,65,Male,Alcohol-induced,1115
2022,65,Male,Alzheimer disease,158
2022,65,Male,COVID-19,2083
2022,65,Male,Cancer,8823
2022,65,Male,Chronic lower respiratory disease,1618
2022,65,Male,Diabetes,1526
2022,65,Male,Drug overdose,955
2022,65,Male,Heart disease,8469
2022,65,Male,Homicide,104
2022,65,Male,Other causes,7747
2022,65,Male,Other unintentional injury,687
2022,65,Male,Stroke,1225
2022,65,Male,Suicide,481
2022,66,Female,Alcohol-induced,342
2022,66,Female,Alzheimer disease,227
2022,66,Female,COVID-19,1431
2022,66,Female,Cancer,7512
2022,66,Female,Chronic lower respiratory disease,1596
2022,66,Female,Diabetes,932
2022,66,Female,Drug overdose,311
2022,66,Female,Heart disease,4261
2022,66,Female,Homicide,33
2022,66,Female,Other causes,6371
2022,66,Female,Other unintentional injury,257
2022,66,Female,Stroke,951
2022,66,Female,Suicide,103
2022,66,Male,Alcohol-induced,951
2022,66,Male,Alzheimer disease,168
2022,66,Male,COVID-19,2106
2022,66,Male,Cancer,9011
2022,66,Male,Chronic lower respiratory disease,1631
2022,66,Male,Diabetes,1511
2022,66,Male,Drug overdose,764
2022,66,Male,Heart disease,8396
2022,66,Male,Homicide,82
2022,66,Male,Other causes,8209
2022,66,Male,Other unintentional injury,690
2022,66,Male,Stroke,1293
2022,66,Male,Suicide,449
2022,67,Female,Alcohol-induced,324
2022,67,Female,Alzheimer disease,297
2022,67,Female,COVID-19,1543
2022,67,Female,Cancer,7575
2022,67,Female,Chronic lower respiratory disease,1611
2022,67,Female,Diabetes,1036
2022,67,Female,Drug overdose,261
2022,67,Female,Heart disease,4177
2022,67,Female,Homicide,24
2022,67,Female,Other causes,6537
2022,67,Female,Other unintentional injury,240
2022,67,Female,Stroke,1104
2022,67,Female,Suicide,81
2022,67,Male,Alcohol-induced,857
2022,67,Male,Alzheimer disease,199
2022,67,Male,COVID-19,2199
2022,67,Male,Cancer,9355
2022,67,Male,Chronic lower respiratory disease,1793
2022,67,Male,Diabetes,1619
2022,67,Male,Drug overdose,696
2022,67,Male,Heart disease,8597
2022,67,Male,Homicide,86
2022,67,Male,Other causes,8478
2022,67,Male,Other unintentional injury,617
2022,67,Male,Stroke,1349
2022,67,Male,Suicide,445
2022,68,Female,Alcohol-induced,305
2022,68,Female,Alzheimer disease,322
2022,68,Female,COVID-19,1632
2022,68,Female,Cancer,7818
2022,68,Female,Chronic lower respiratory disease,1736
2022,68,Female,Diabetes,1007
2022,68,Female,Drug overdose,220
2022,68,Female,Heart disease,4462
2022,68,Female,Homicide,29
2022,68,Female,Other causes,6992
2022,68,Female,Other unintentional injury,264
2022,68,Female,Stroke,1056
2022,68,Female,Suicide,84
2022,68,Male,Alcohol-induced,899
2022,68,Male,Alzheimer disease,269
2022,68,Male,COVID-19,2324
2022,68,Male,Cancer,9517
2022,68,Male,Chronic lower respiratory disease,1784
2022,68,Male,Diabetes,1496
2022,68,Male,Drug overdose,574
2022,68,Male,Heart disease,8718
2022,68,Male,Homicide,61
2022,68,Male,Other causes,9096
2022,68,Male,Other unintentional injury,600
2022,68,Male,Stroke,1453
2022,68,Male,Suicide,413
2022,69,Female,Alcohol-induced,240
2022,69,Female,Alzheimer disease,410
2022,69,Female,COVID-19,1706
2022,69,Female,Cancer,8013
2022,69,Female,Chronic lower respiratory disease,1791
2022,69,Female,Diabetes,1084
2022,69,Female,Drug overdose,205
2022,69,Female,Heart disease,4780
2022,69,Female,Homicide,28
2022,69,Female,Other causes,7434
2022,69,Female,Other unintentional injury,235
2022,69,Female,Stroke,1190
2022,69,Female,Suicide,75
2022,69,Male,Alcohol-induced,715
2022,69,Male,Alzheimer disease,305
2022,69,Male,COVID-19,2361
2022,69,Male,Cancer,9883
2022,69,Male,Chronic lower respiratory disease,1949
2022,69,Male,Diabetes,1597
2022,69,Male,Drug overdose,420
2022,69,Male,Heart disease,8719
2022,69,Male,Homicide,70
2022,69,Male,Other causes,9227
2022,69,Male,Other unintentional injury,591
2022,69,Male,Stroke,1505
2022,69,Male,Suicide,400
2022,70,Female,Alcohol-induced,237
2022,70,Female,Alzheimer disease,560
2022,70,Female,COVID-19,1758
2022,70,Female,Cancer,8086
2022,70,Female,Chronic lower respiratory disease,1891
2022,70,Female,Diabetes,1095
2022,70,Female,Drug overdose,158
2022,70,Female,Heart disease,5027
2022,70,Female,Homicide,26
2022,70,Female,Other causes,8091
2022,70,Female,Other unintentional injury,271
2022,70,Female,Stroke,1319
2022,70,Female,Suicide,63
2022,70,Male,Alcohol-induced,701
2022,70,Male,Alzheimer disease,345
2022,70,Male,COVID-19,2474
2022,70,Male,Cancer,9956
2022,70,Male,Chronic lower respiratory disease,2030
2022,70,Male,Diabetes,1594
2022,70,Male,Drug overdose,357
2022,70,Male,Heart disease,9135
2022,70,Male,Homicide,45
2022,70,Male,Other causes,9664
2022,70,Male,Other unintentional injury,530
2022,70,Male,Stroke,1522
2022,70,Male,Suicide,380
2022,71,Female,Alcohol-induced,193
2022,71,Female,Alzheimer disease,614
2022,71,Female,COVID-19,1796
2022,71,Female,Cancer,8064
2022,71,Female,Chronic lower respiratory disease,1936
2022,71,Female,Diabetes,1109
2022,71,Female,Drug overdose,106
2022,71,Female,Heart disease,5308
2022,71,Female,Homicide,19
2022,71,Female,Other causes,8368
2022,71,Female,Other unintentional injury,265
2022,71,Female,Stroke,1426
2022,71,Female,Suicide,61
2022,71,Male,Alcohol-induced,596
2022,71,Male,Alzheimer disease,364
2022,71,Male,COVID-19,2508
2022,71,Male,Cancer,10344
2022,71,Male,Chronic lower respiratory disease,2119
2022,71,Male,Diabetes,1644
2022,71,Male,Drug overdose,275
2022,71,Male,Heart disease,9112
2022,71,Male,Homicide,51
2022,71,Male,Other causes,10044
2022,71,Male,Other unintentional injury,531
2022,71,Male,Stroke,1612
2022,71,Male,Suicide,364
2022,72,Female,Alcohol-induced,190
2022,72,Female,Alzheimer disease,715
2022,72,Female,COVID-19,1939
2022,72,Female,Cancer,8270
2022,72,Female,Chronic lower respiratory disease,2068
2022,72,Female,Diabetes,1226
2022,72,Female,Drug overdose,110
2022,72,Female,Heart disease,5659
2022,72,Female,Homicide,25
2022,72,Female,Other causes,8957
2022,72,Female,Other unintentional injury,239
2022,72,Female,Stroke,1489
2022,72,Female,Suicide,39
2022,72,Male,Alcohol-induced,511
2022,72,Male,Alzheimer disease,528
2022,72,Male,COVID-19,2706
2022,72,Male,Cancer,10130
2022,72,Male,Chronic lower respiratory disease,2228
2022,72,Male,Diabetes,1625
2022,72,Male,Drug overdose,233
2022,72,Male,Heart disease,9335
2022,72,Male,Homicide,44
2022,72,Male,Other causes,10130
2022,72,Male,Other unintentional injury,543
2022,72,Male,Stroke,1733
2022,72,Male,Suicide,354
2022,73,Female,Alcohol-induced,175
2022,73,Female,Alzheimer disease,917
2022,73,Female,COVID-19,2035
2022,73,Female,Cancer,8782
2022,73,Female,Chronic lower respiratory disease,2245
2022,73,Female,Diabetes,1206
2022,73,Female,Drug overdose,85
2022,73,Female,Heart disease,6034
2022,73,Female,Homicide,27
2022,73,Female,Other causes,9730
2022,73,Female,Other unintentional injury,270
2022,73,Female,Stroke,1703
2022,73,Female,Suicide,58
2022,73,Male,Alcohol-induced,448
2022,73,Male,Alzheimer disease,568
2022,73,Male,COVID-19,2864
2022,73,Male,Cancer,10624
2022,73,Male,Chronic lower respiratory disease,2312
2022,73,Male,Diabetes,1667
2022,73,Male,Drug overdose,187
2022,73,Male,Heart disease,9871
2022,73,Male,Homicide,33
2022,73,Male,Other causes,10777
2022,73,Male,Other unintentional injury,532
2022,73,Male,Stroke,1785
2022,73,Male,Suicide,398
2022,74,Female,Alcohol-induced,140
2022,74,Female,Alzheimer disease,1130
2022,74,Female,COVID-19,2305
2022,74,Female,Cancer,9163
2022,74,Female,Chronic lower respiratory disease,2424
2022,74,Female,Diabetes,1339
2022,74,Female,Drug overdose,97
2022,74,Female,Heart disease,6648
2022,74,Female,Homicide,24
2022,74,Female,Other causes,10828
2022,74,Female,Other unintentional injury,276
2022,74,Female,Stroke,1944
2022,74,Female,Suicide,44
2022,74,Male,Alcohol-induced,458
2022,74,Male,Alzheimer disease,730
2022,74,Male,COVID-19,2958
2022,74,Male,Cancer,10943
2022,74,Male,Chronic lower respiratory disease,2471
2022,74,Male,Diabetes,1812
2022,74,Male,Drug overdose,132
2022,74,Male,Heart disease,10248
2022,74,Male,Homicide,27
2022,74,Male,Other causes,11899
2022,74,Male,Other unintentional injury,530
2022,74,Male,Stroke,1861
2022,74,Male,Suicide,390
2022,75,Female,Alcohol-induced,124
2022,75,Female,Alzheimer disease,1417
2022,75,Female,COVID-19,2260
2022,75,Female,Cancer,9935
2022,75,Female,Chronic lower respiratory disease,2710
2022,75,Female,Diabetes,1377
2022,75,Female,Drug overdose,74
2022,75,Female,Heart disease,7401
2022,75,Female,Homicide,25
2022,75,Female,Other causes,11760
2022,75,Female,Other unintentional injury,276
2022,75,Female,Stroke,2152
2022,75,Female,Suicide,47
2022,75,Male,Alcohol-induced,443
2022,75,Male,Alzheimer disease,819
2022,75,Male,COVID-19,3136
2022,75,Male,Cancer,11723
2022,75,Male,Chronic lower respiratory disease,2736
2022,75,Male,Diabetes,1898
2022,75,Male,Drug overdose,137
2022,75,Male,Heart disease,11241
2022,75,Male,Homicide,36
2022,75,Male,Other causes,13201
2022,75,Male,Other unintentional injury,526
2022,75,Male,Stroke,2135
2022,75,Male,Suicide,479
2022,76,Female,Alcohol-induced,97
2022,76,Female,Alzheimer disease,1395
2022,76,Female,COVID-19,2047
2022,76,Female,Cancer,8008
2022,76,Female,Chronic lower respiratory disease,2409
2022,76,Female,Diabetes,1206
2022,76,Female,Drug overdose,56
2022,76,Female,Heart disease,6461
2022,76,Female,Homicide,16
2022,76,Female,Other causes,10248
2022,76,Female,Other unintentional injury,241
2022,76,Female,Stroke,1907
2022,76,Female,Suicide,44
2022,76,Male,Alcohol-induced,309
2022,76,Male,Alzheimer disease,841
2022,76,Male,COVID-19,2670
2022,76,Male,Cancer,9457
2022,76,Male,Chronic lower respiratory disease,2237
2022,76,Male,Diabetes,1532
2022,76,Male,Drug overdose,73
2022,76,Male,Heart disease,9287
2022,76,Male,Homicide,25
2022,76,Male,Other causes,11066
2022,76,Male,Other unintentional injury,443
2022,76,Male,Stroke,1867
2022,76,Male,Suicide,303
2022,77,Female,Alcohol-induced,78
2022,77,Female,Alzheimer disease,1611
2022,77,Female,COVID-19,2097
2022,77,Female,Cancer,8128
2022,77,Female,Chronic lower respiratory disease,2525
2022,77,Female,Diabetes,1177
2022,77,Female,Drug overdose,50
2022,77,Female,Heart disease,6533
2022,77,Female,Homicide,25
2022,77,Female,Other causes,10861
2022,77,Female,Other unintentional injury,226
2022,77,Female,Stroke,2078
2022,77,Female,Suicide,36
2022,77,Male,Alcohol-induced,243
2022,77,Male,Alzheimer disease,994
2022,77,Male,COVID-19,2781
2022,77,Male,Cancer,9354
2022,77,Male,Chronic lower respiratory disease,2404
2022,77,Male,Diabetes,1518
2022,77,Male,Drug overdose,68
2022,77,Male,Heart disease,9342
2022,77,Male,Homicide,28
2022,77,Male,Other causes,11259
2022,77,Male,Other unintentional injury,403
2022,77,Male,Stroke,1865
2022,77,Male,Suicide,335
2022,78,Female,Alcohol-induced,72
2022,78,Female,Alzheimer disease,1997
2022,78,Female,COVID-19,2241
2022,78,Female,Cancer,8497
2022,78,Female,Chronic lower respiratory disease,2681
2022,78,Female,Diabetes,1174
2022,78,Female,Drug overdose,41
2022,78,Female,Heart disease,7198
2022,78,Female,Homicide,20
2022,78,Female,Other causes,12100
2022,78,Female,Other unintentional injury,250
2022,78,Female,Stroke,2286
2022,78,Female,Suicide,47
2022,78,Male,Alcohol-induced,246
2022,78,Male,Alzheimer disease,1133
2022,78,Male,COVID-19,3051
2022,78,Male,Cancer,9696
2022,78,Male,Chronic lower respiratory disease,2553
2022,78,Male,Diabetes,1559
2022,78,Male,Drug overdose,63
2022,78,Male,Heart disease,9981
2022,78,Male,Homicide,24
2022,78,Male,Other causes,12314
2022,78,Male,Other unintentional injury,389
2022,78,Male,Stroke,2022
2022,78,Male,Suicide,297
2022,79,Female,Alcohol-induced,91
2022,79,Female,Alzheimer disease,2192
2022,79,Female,COVID-19,2347
2022,79,Female,Cancer,8863
2022,79,Female,Chronic lower respiratory disease,2894
2022,79,Female,Diabetes,1247
2022,79,Female,Drug overdose,40
2022,79,Female,Heart disease,8086
2022,79,Female,Homicide,21
2022,79,Female,Other causes,13255
2022,79,Female,Other unintentional injury,272
2022,79,Female,Stroke,2579
2022,79,Female,Suicide,29
2022,79,Male,Alcohol-induced,197
2022,79,Male,Alzheimer disease,1326
2022,79,Male,COVID-19,3141
2022,79,Male,Cancer,10007
2022,79,Male,Chronic lower respiratory disease,2655
2022,79,Male,Diabetes,1553
2022,79,Male,Drug overdose,55
2022,79,Male,Heart disease,10642
2022,79,Male,Homicide,20
2022,79,Male,Other causes,13507
2022,79,Male,Other unintentional injury,433
2022,79,Male,Stroke,2312
2022,79,Male,Suicide,317
2022,80,Female,Alcohol-induced,61
2022,80,Female,Alzheimer disease,2456
2022,80,Female,COVID-19,2220
2022,80,Female,Cancer,7990
2022,80,Female,Chronic lower respiratory disease,2741
2022,80,Female,Diabetes,1147
2022,80,Female,Drug overdose,31
2022,80,Female,Heart disease,8042
2022,80,Female,Homicide,15
2022,80,Female,Other causes,13201
2022,80,Female,Other unintentional injury,254
2022,80,Female,Stroke,2636
2022,80,Female,Suicide,21
2022,80,Male,Alcohol-induced,179
2022,80,Male,Alzheimer disease,1379
2022,80,Male,COVID-19,2997
2022,80,Male,Cancer,9159
2022,80,Male,Chronic lower respiratory disease,2582
2022,80,Male,Diabetes,1444
2022,80,Male,Drug overdose,39
2022,80,Male,Heart disease,10135
2022,80,Male,Homicide,28
2022,80,Male,Other causes,13039
2022,80,Male,Other unintentional injury,370
2022,80,Male,Stroke,2184
2022,80,Male,Suicide,285
2022,81,Female,Alcohol-induced,49
2022,81,Female,Alzheimer disease,2578
2022,81,Female,COVID-19,2221
2022,81,Female,Cancer,7719
2022,81,Female,Chronic lower respiratory disease,2641
2022,81,Female,Diabetes,1138
2022,81,Female,Drug overdose,25
2022,81,Female,Heart disease,8047
2022,81,Female,Homicide,20
2022,81,Female,Other causes,13018
2022,81,Female,Other unintentional injury,236
2022,81,Female,Stroke,2656
2022,81,Female,Suicide,22
2022,81,Male,Alcohol-induced,140
2022,81,Male,Alzheimer disease,1547
2022,81,Male,COVID-19,2871
2022,81,Male,Cancer,8522
2022,81,Male,Chronic lower respiratory disease,2342
2022,81,Male,Diabetes,1329
2022,81,Male,Drug overdose,29
2022,81,Male,Heart disease,9786
2022,81,Male,Homicide,18
2022,81,Male,Other causes,12622
2022,81,Male,Other unintentional injury,364
2022,81,Male,Stroke,2170
2022,81,Male,Suicide,237
2022,82,Female,Alcohol-induced,37
2022,82,Female,Alzheimer disease,2808
2022,82,Female,COVID-19,2217
2022,82,Female,Cancer,7316
2022,82,Female,Chronic lower respiratory disease,2462
2022,82,Female,Diabetes,1149
2022,82,Female,Drug overdose,27
2022,82,Female,Heart disease,8304
2022,82,Female,Homicide,11
2022,82,Female,Other causes,13378
2022,82,Female,Other unintentional injury,206
2022,82,Female,Stroke,2876
2022,82,Female,Suicide,24
2022,82,Male,Alcohol-induced,137
2022,82,Male,Alzheimer disease,1650
2022,82,Male,COVID-19,2846
2022,82,Male,Cancer,8062
2022,82,Male,Chronic lower respiratory disease,2110
2022,82,Male,Diabetes,1259
2022,82,Male,Drug overdose,27
2022,82,Male,Heart disease,9832
2022,82,Male,Homicide,19
2022,82,Male,Other causes,12533
2022,82,Male,Other unintentional injury,294
2022,82,Male,Stroke,2160
2022,82,Male,Suicide,259
2022,83,Female,Alcohol-induced,36
2022,83,Female,Alzheimer disease,3057
2022,83,Female,COVID-19,2303
2022,83,Female,Cancer,7017
2022,83,Female,Chronic lower respiratory disease,2549
2022,83,Female,Diabetes,1079
2022,83,Female,Drug overdose,32
2022,83,Female,Heart disease,8914
2022,83,Female,Homicide,19
2022,83,Female,Other causes,14098
2022,83,Female,Other unintentional injury,249
2022,83,Female,Stroke,3003
2022,83,Female,Suicide,9
2022,83,Male,Alcohol-induced,97
2022,83,Male,Alzheimer disease,1730
2022,83,Male,COVID-19,2818
2022,83,Male,Cancer,7858
2022,83,Male,Chronic lower respiratory disease,2085
2022,83,Male,Diabetes,1273
2022,83,Male,Drug overdose,27
2022,83,Male,Heart disease,9925
2022,83,Male,Homicide,13
2022,83,Male,Other causes,12953
2022,83,Male,Other unintentional injury,315
2022,83,Male,Stroke,2204
2022,83,Male,Suicide,227
2022,84,Female,Alcohol-induced,42
2022,84,Female,Alzheimer disease,3433
2022,84,Female,COVID-19,2239
2022,84,Female,Cancer,6873
2022,84,Female,Chronic lower respiratory disease,2431
2022,84,Female,Diabetes,1158
2022,84,Female,Drug overdose,21
2022,84,Female,Heart disease,9260
2022,84,Female,Homicide,6
2022,84,Female,Other causes,15028
2022,84,Female,Other unintentional injury,224
2022,84,Female,Stroke,3138
2022,84,Female,Suicide,21
2022,84,Male,Alcohol-induced,79
2022,84,Male,Alzheimer disease,1784
2022,84,Male,COVID-19,2808
2022,84,Male,Cancer,7570
2022,84,Male,Chronic lower respiratory disease,2036
2022,84,Male,Diabetes,1214
2022,84,Male,Drug overdose,19
2022,84,Male,Heart disease,10095
2022,84,Male,Homicide,10
2022,84,Male,Other causes,12739
2022,84,Male,Other unintentional injury,291
2022,84,Male,Stroke,2290
2022,84,Male,Suicide,196
2022,85,Female,Alcohol-induced,35
2022,85,Female,Alzheimer disease,3552
2022,85,Female,COVID-19,2250
2022,85,Female,Cancer,6547
2022,85,Female,Chronic lower respiratory disease,2420
2022,85,Female,Diabetes,1064
2022,85,Female,Drug overdose,17
2022,85,Female,Heart disease,9551
2022,85,Female,Homicide,14
2022,85,Female,Other causes,15010
2022,85,Female,Other unintentional injury,214
2022,85,Female,Stroke,3315
2022,85,Female,Suicide,19
2022,85,Male,Alcohol-induced,80
2022,85,Male,Alzheimer disease,1851
2022,85,Male,COVID-19,2737
2022,85,Male,Cancer,6978
2022,85,Male,Chronic lower respiratory disease,1871
2022,85,Male,Diabetes,1066
2022,85,Male,Drug overdose,17
2022,85,Male,Heart disease,9823
2022,85,Male,Homicide,7
2022,85,Male,Other causes,12693
2022,85,Male,Other unintentional injury,252
2022,85,Male,Stroke,2185
2022,85,Male,Suicide,198
2022,86,Female,Alcohol-induced,19
2022,86,Female,Alzheimer disease,3888
2022,86,Female,COVID-19,2328
2022,86,Female,Cancer,6113
2022,86,Female,Chronic lower respiratory disease,2278
2022,86,Female,Diabetes,1095
2022,86,Female,Drug overdose,21
2022,86,Female,Heart disease,9825
2022,86,Female,Homicide,9
2022,86,Female,Other causes,15661
2022,86,Female,Other unintentional injury,196
2022,86,Female,Stroke,3373
2022,86,Female,Suicide,14
2022,86,Male,Alcohol-induced,52
2022,86,Male,Alzheimer disease,1883
2022,86,Male,COVID-19,2664
2022,86,Male,Cancer,6438
2022,86,Male,Chronic lower respiratory disease,1770
2022,86,Male,Diabetes,1054
2022,86,Male,Drug overdose,18
2022,86,Male,Heart disease,9877
2022,86,Male,Homicide,8
2022,86,Male,Other causes,12609
2022,86,Male,Other unintentional injury,261
2022,86,Male,Stroke,2161
2022,86,Male,Suicide,177
2022,87,Female,Alcohol-induced,22
2022,87,Female,Alzheimer disease,4030
2022,87,Female,COVID-19,2241
2022,87,Female,Cancer,5733
2022,87,Female,Chronic lower respiratory disease,2196
2022,87,Female,Diabetes,1023
2022,87,Female,Drug overdose,18
2022,87,Female,Heart disease,10576
2022,87,Female,Homicide,12
2022,87,Female,Other causes,15733
2022,87,Female,Other unintentional injury,194
2022,87,Female,Stroke,3566
2022,87,Female,Suicide,14
2022,87,Male,Alcohol-induced,39
2022,87,Male,Alzheimer disease,1983
2022,87,Male,COVID-19,2576
2022,87,Male,Cancer,5908
2022,87,Male,Chronic lower respiratory disease,1695
2022,87,Male,Diabetes,996
2022,87,Male,Drug overdose,14
2022,87,Male,Heart disease,9876
2022,87,Male,Homicide,10
2022,87,Male,Other causes,12425
2022,87,Male,Other unintentional injury,245
2022,87,Male,Stroke,2172
2022,87,Male,Suicide,157
2022,88,Female,Alcohol-induced,15
2022,88,Female,Alzheimer disease,4114
2022,88,Female,COVID-19,2207
2022,88,Female,Cancer,5238
2022,88,Female,Chronic lower respiratory disease,2069
2022,88,Female,Diabetes,955
2022,88,Female,Drug overdose,19
2022,88,Female,Heart disease,10551
2022,88,Female,Homicide,9
2022,88,Female,Other causes,15607
2022,88,Female,Other unintentional injury,196
2022,88,Female,Stroke,3512
2022,88,Female,Suicide,17
2022,88,Male,Alcohol-induced,40
2022,88,Male,Alzheimer disease,1914
2022,88,Male,COVID-19,2444
2022,88,Male,Cancer,5207
2022,88,Male,Chronic lower respiratory disease,1470
2022,88,Male,Diabetes,813
2022,88,Male,Drug overdose,14
2022,88,Male,Heart disease,9274
2022,88,Male,Homicide,3
2022,88,Male,Other causes,11462
2022,88,Male,Other unintentional injury,206
2022,88,Male,Stroke,2133
2022,88,Male,Suicide,120
2022,89,Female,Alcohol-induced,17
2022,89,Female,Alzheimer disease,4212
2022,89,Female,COVID-19,2201
2022,89,Female,Cancer,4864
2022,89,Female,Chronic lower respiratory disease,1915
2022,89,Female,Diabetes,895
2022,89,Female,Drug overdose,11
2022,89,Female,Heart disease,11131
2022,89,Female,Homicide,8
2022,89,Female,Other causes,15686
2022,89,Female,Other unintentional injury,192
2022,89,Female,Stroke,3544
2022,89,Female,Suicide,8
2022,89,Male,Alcohol-induced,36
2022,89,Male,Alzheimer disease,1798
2022,89,Male,COVID-19,2385
2022,89,Male,Cancer,4786
2022,89,Male,Chronic lower respiratory disease,1401
2022,89,Male,Diabetes,856
2022,89,Male,Drug overdose,9
2022,89,Male,Heart disease,8983
2022,89,Male,Homicide,4
2022,89,Male,Other causes,10921
2022,89,Male,Other unintentional injury,191
2022,89,Male,Stroke,2003
2022,89,Male,Suicide,105
2022,90,Female,Alcohol-induced,14
2022,90,Female,Alzheimer disease,4184
2022,90,Female,COVID-19,2168
2022,90,Female,Cancer,4427
2022,90,Female,Chronic lower respiratory disease,1864
2022,90,Female,Diabetes,808
2022,90,Female,Drug overdose,10
2022,90,Female,Heart disease,11297
2022,90,Female,Homicide,2
2022,90,Female,Other causes,15861
2022,90,Female,Other unintentional injury,158
2022,90,Female,Stroke,3627
2022,90,Female,Suicide,12
2022,90,Male,Alcohol-induced,30
2022,90,Male,Alzheimer disease,1762
2022,90,Male,COVID-19,2164
2022,90,Male,Cancer,4192
2022,90,Male,Chronic lower respiratory disease,1281
2022,90,Male,Diabetes,750
2022,90,Male,Drug overdose,10
2022,90,Male,Heart disease,8900
2022,90,Male,Homicide,3
2022,90,Male,Other causes,10432
2022,90,Male,Other unintentional injury,182
2022,90,Male,Stroke,1941
2022,90,Male,Suicide,115
2022,91,Female,Alcohol-induced,9
2022,91,Female,Alzheimer disease,4170
2022,91,Female,COVID-19,2149
2022,91,Female,Cancer,3766
2022,91,Female,Chronic lower respiratory disease,1688
2022,91,Female,Diabetes,767
2022,91,Female,Drug overdose,8
2022,91,Female,Heart disease,11400
2022,91,Female,Homicide,2
2022,91,Female,Other causes,15736
2022,91,Female,Other unintentional injury,192
2022,91,Female,Stroke,3555
2022,91,Female,Suicide,8
2022,91,Male,Alcohol-induced,18
2022,91,Male,Alzheimer disease,1697
2022,91,Male,COVID-19,2034
2022,91,Male,Cancer,3672
2022,91,Male,Chronic lower respiratory disease,1187
2022,91,Male,Diabetes,612
2022,91,Male,Drug overdose,6
2022,91,Male,Heart disease,8347
2022,91,Male,Homicide,3
2022,91,Male,Other causes,9609
2022,91,Male,Other unintentional injury,162
2022,91,Male,Stroke,1806
2022,91,Male,Suicide,105
2022,92,Female,Alcohol-induced,9
2022,92,Female,Alzheimer disease,4105
2022,92,Female,COVID-19,1990
2022,92,Female,Cancer,3545
2022,92,Female,Chronic lower respiratory disease,1556
2022,92,Female,Diabetes,707
2022,92,Female,Drug overdose,6
2022,92,Female,Heart disease,11069
2022,92,Female,Homicide,5
2022,92,Female,Other causes,15198
2022,92,Female,Other unintentional injury,167
2022,92,Female,Stroke,3594
2022,92,Female,Suicide,5
2022,92,Male,Alcohol-induced,13
2022,92,Male,Alzheimer disease,1508
2022,92,Male,COVID-19,1816
2022,92,Male,Cancer,3230
2022,92,Male,Chronic lower respiratory disease,945
2022,92,Male,Diabetes,566
2022,92,Male,Drug overdose,9
2022,92,Male,Heart disease,7585
2022,92,Male,Homicide,4
2022,92,Male,Other causes,8771
2022,92,Male,Other unintentional injury,111
2022,92,Male,Stroke,1612
2022,92,Male,Suicide,69
2022,93,Female,Alcohol-induced,4
2022,93,Female,Alzheimer disease,3759
2022,93,Female,COVID-19,1773
2022,93,Female,Cancer,2951
2022,93,Female,Chronic lower respiratory disease,1387
2022,93,Female,Diabetes,663
2022,93,Female,Drug overdose,1
2022,93,Female,Heart disease,10258
2022,93,Female,Homicide,9
2022,93,Female,Other causes,13968
2022,93,Female,Other unintentional injury,177
2022,93,Female,Stroke,3180
2022,93,Female,Suicide,4
2022,93,Male,Alcohol-induced,6
2022,93,Male,Alzheimer disease,1347
2022,93,Male,COVID-19,1545
2022,93,Male,Cancer,2509
2022,93,Male,Chronic lower respiratory disease,879
2022,93,Male,Diabetes,425
2022,93,Male,Drug overdose,5
2022,93,Male,Heart disease,6710
2022,93,Male,Homicide,2
2022,93,Male,Other causes,7490
2022,93,Male,Other unintentional injury,104
2022,93,Male,Stroke,1456
2022,93,Male,Suicide,58
2022,94,Female,Alcohol-induced,5
2022,94,Female,Alzheimer disease,3558
2022,94,Female,COVID-19,1649
2022,94,Female,Cancer,2442
2022,94,Female,Chronic lower respiratory disease,1204
2022,94,Female,Diabetes,546
2022,94,Female,Drug overdose,3
2022,94,Female,Heart disease,9771
2022,94,Female,Homicide,1
2022,94,Female,Other causes,13138
2022,94,Female,Other unintentional injury,161
2022,94,Female,Stroke,2882
2022,94,Female,Suicide,1
2022,94,Male,Alcohol-induced,8
2022,94,Male,Alzheimer disease,1171
2022,94,Male,COVID-19,1273
2022,94,Male,Cancer,1967
2022,94,Male,Chronic lower respiratory disease,660
2022,94,Male,Diabetes,358
2022,94,Male,Drug overdose,4
2022,94,Male,Heart disease,5861
2022,94,Male,Homicide,1
2022,94,Male,Other causes,6460
2022,94,Male,Other unintentional injury,96
2022,94,Male,Stroke,1152
2022,94,Male,Suicide,53
2022,95,Female,Alcohol-induced,6
2022,95,Female,Alzheimer disease,3211
2022,95,Female,COVID-19,1504
2022,95,Female,Cancer,1994
2022,95,Female,Chronic lower respiratory disease,1023
2022,95,Female,Diabetes,446
2022,95,Female,Drug overdose,6
2022,95,Female,Heart disease,8934
2022,95,Female,Homicide,1
2022,95,Female,Other causes,11519
2022,95,Female,Other unintentional injury,109
2022,95,Female,Stroke,2625
2022,95,Female,Suicide,4
2022,95,Male,Alcohol-induced,5
2022,95,Male,Alzheimer disease,917
2022,95,Male,COVID-19,1072
2022,95,Male,Cancer,1460
2022,95,Male,Chronic lower respiratory disease,543
2022,95,Male,Diabetes,251
2022,95,Male,Drug overdose,3
2022,95,Male,Heart disease,4840
2022,95,Male,Other causes,5287
2022,95,Male,Other unintentional injury,73
2022,95,Male,Stroke,909
2022,95,Male,Suicide,43
2022,96,Female,Alcohol-induced,4
2022,96,Female,Alzheimer disease,2551
2022,96,Female,COVID-19,1194
2022,96,Female,Cancer,1482
2022,96,Female,Chronic lower respiratory disease,742
2022,96,Female,Diabetes,386
2022,96,Female,Drug overdose,1
2022,96,Female,Heart disease,7606
2022,96,Female,Homicide,7
2022,96,Female,Other causes,9957
2022,96,Female,Other unintentional injury,105
2022,96,Female,Stroke,2265
2022,96,Female,Suicide,2
2022,96,Male,Alcohol-induced,4
2022,96,Male,Alzheimer disease,685
2022,96,Male,COVID-19,828
2022,96,Male,Cancer,1152
2022,96,Male,Chronic lower respiratory disease,395
2022,96,Male,Diabetes,202
2022,96,Male,Drug overdose,2
2022,96,Male,Heart disease,3802
2022,96,Male,Homicide,1
2022,96,Male,Other causes,4020
2022,96,Male,Other unintentional injury,50
2022,96,Male,Stroke,760
2022,96,Male,Suicide,23
2022,97,Female,Alzheimer disease,2205
2022,97,Female,COVID-19,1095
2022,97,Female,Cancer,1112
2022,97,Female,Chronic lower respiratory disease,643
2022,97,Female,Diabetes,268
2022,97,Female,Drug overdose,2
2022,97,Female,Heart disease,6473
2022,97,Female,Homicide,1
2022,97,Female,Other causes,8349
2022,97,Female,Other unintentional injury,89
2022,97,Female,Stroke,1783
2022,97,Female,Suicide,2
2022,97,Male,Alcohol-induced,4
2022,97,Male,Alzheimer disease,489
2022,97,Male,COVID-19,633
2022,97,Male,Cancer,736
2022,97,Male,Chronic lower respiratory disease,296
2022,97,Male,Diabetes,148
2022,97,Male,Drug overdose,2
2022,97,Male,Heart disease,2883
2022,97,Male,Other causes,3056
2022,97,Male,Other unintentional injury,37
2022,97,Male,Stroke,561
2022,97,Male,Suicide,23
2022,98,Female,Alzheimer disease,1821
2022,98,Female,COVID-19,849
2022,98,Female,Cancer,837
2022,98,Female,Chronic lower respiratory disease,486
2022,98,Female,Diabetes,192
2022,98,Female,Drug overdose,1
2022,98,Female,Heart disease,5145
2022,98,Female,Homicide,1
2022,98,Female,Other causes,6599
2022,98,Female,Other unintentional injury,62
2022,98,Female,Stroke,1442
2022,98,Male,Alcohol-induced,1
2022,98,Male,Alzheimer disease,351
2022,98,Male,COVID-19,492
2022,98,Male,Cancer,544
2022,98,Male,Chronic lower respiratory disease,201
2022,98,Male,Diabetes,101
2022,98,Male,Heart disease,2136
2022,98,Male,Other causes,2231
2022,98,Male,Other unintentional injury,25
2022,98,Male,Stroke,446
2022,98,Male,Suicide,12
2022,99,Female,Alzheimer disease,1323
2022,99,Female,COVID-19,627
2022,99,Female,Cancer,547
2022,99,Female,Chronic lower respiratory disease,332
2022,99,Female,Diabetes,164
2022,99,Female,Drug overdose,1
2022,99,Female,Heart disease,3861
2022,99,Female,Other causes,5049
2022,99,Female,Other unintentional injury,39
2022,99,Female,Stroke,1171
2022,99,Female,Suicide,3
2022,99,Male,Alzheimer disease,262
2022,99,Male,COVID-19,312
2022,99,Male,Cancer,336
2022,99,Male,Chronic lower respiratory disease,118
2022,99,Male,Diabetes,68
2022,99,Male,Heart disease,1478
2022,99,Male,Other causes,1593
2022,99,Male,Other unintentional injury,16
2022,99,Male,Stroke,273
2022,99,Male,Suicide,6
2023,15,Female,Alcohol-induced,1
2023,15,Female,COVID-19,4
2023,15,Female,Cancer,63
2023,15,Female,Chronic lower respiratory disease,6
2023,15,Female,Diabetes,5
2023,15,Female,Drug overdose,59
2023,15,Female,Heart disease,13
2023,15,Female,Homicide,37
2023,15,Female,Other causes,140
2023,15,Female,Other unintentional injury,91
2023,15,Female,Stroke,6
2023,15,Female,Suicide,86
2023,15,Male,Alcohol-induced,5
2023,15,Male,COVID-19,4
2023,15,Male,Cancer,72
2023,15,Male,Chronic lower respiratory disease,9
2023,15,Male,Diabetes,5
2023,15,Male,Drug overdose,61
2023,15,Male,Heart disease,23
2023,15,Male,Homicide,254
2023,15,Male,Other causes,205
2023,15,Male,Other unintentional injury,207
2023,15,Male,Stroke,5
2023,15,Male,Suicide,191
2023,16,Female,Alcohol-induced,1
2023,16,Female,COVID-19,1
2023,16,Female,Cancer,61
2023,16,Female,Chronic lower respiratory disease,3
2023,16,Female,Diabetes,3
2023,16,Female,Drug overdose,79
2023,16,Female,Heart disease,21
2023,16,Female,Homicide,52
2023,16,Female,Other causes,142
2023,16,Female,Other unintentional injury,130
2023,16,Female,Stroke,2
2023,16,Female,Suicide,86
2023,16,Male,COVID-19,5
2023,16,Male,Cancer,75
2023,16,Male,Chronic lower respiratory disease,14
2023,16,Male,Diabetes,5
2023,16,Male,Drug overdose,125
2023,16,Male,Heart disease,21
2023,16,Male,Homicide,382
2023,16,Male,Other causes,236
2023,16,Male,Other unintentional injury,316
2023,16,Male,Stroke,11
2023,16,Male,Suicide,279
2023,17,Female,Cancer,46
2023,17,Female,Chronic lower respiratory disease,7
2023,17,Female,Diabetes,2
2023,17,Female,Drug overdose,109
2023,17,Female,Heart disease,20
2023,17,Female,Homicide,62
2023,17,Female,Other causes,151
2023,17,Female,Other unintentional injury,208
2023,17,Female,Stroke,8
2023,17,Female,Suicide,78
2023,17,Male,Alcohol-induced,4
2023,17,Male,COVID-19,3
2023,17,Male,Cancer,89
2023,17,Male,Chronic lower respiratory disease,10
2023,17,Male,Diabetes,4
2023,17,Male,Drug overdose,171
2023,17,Male,Heart disease,40
2023,17,Male,Homicide,454
2023,17,Male,Other causes,272
2023,17,Male,Other unintentional injury,458
2023,17,Male,Stroke,5
2023,17,Male,Suicide,315
2023,18,Female,Alcohol-induced,1
2023,18,Female,COVID-19,2
2023,18,Female,Cancer,48
2023,18,Female,Chronic lower respiratory disease,2
2023,18,Female,Diabetes,15
2023,18,Female,Drug overdose,156
2023,18,Female,Heart disease,28
2023,18,Female,Homicide,88
2023,18,Female,Other causes,163
2023,18,Female,Other unintentional injury,239
2023,18,Female,Stroke,9
2023,18,Female,Suicide,87
2023,18,Male,Alcohol-induced,2
2023,18,Male,COVID-19,6
2023,18,Male,Cancer,75
2023,18,Male,Chronic lower respiratory disease,14
2023,18,Male,Diabetes,11
2023,18,Male,Drug overdose,256
2023,18,Male,Heart disease,41
2023,18,Male,Homicide,597
2023,18,Male,Other causes,360
2023,18,Male,Other unintentional injury,638
2023,18,Male,Stroke,8
2023,18,Male,Suicide,340
2023,19,Female,Alcohol-induced,1
2023,19,Female,COVID-19,3
2023,19,Female,Cancer,54
2023,19,Female,Chronic lower respiratory disease,7
2023,19,Female,Diabetes,6
2023,19,Female,Drug overdose,190
2023,19,Female,Heart disease,36
2023,19,Female,Homicide,103
2023,19,Female,Other causes,173
2023,19,Female,Other unintentional injury,246
2023,19,Female,Stroke,10
2023,19,Female,Suicide,78
2023,19,Male,Alcohol-induced,8
2023,19,Male,COVID-19,3
2023,19,Male,Cancer,82
2023,19,Male,Chronic lower respiratory disease,14
2023,19,Male,Diabetes,17
2023,19,Male,Drug overdose,391
2023,19,Male,Heart disease,45
2023,19,Male,Homicide,616
2023,19,Male,Other causes,370
2023,19,Male,Other unintentional injury,643
2023,19,Male,Stroke,7
2023,19,Male,Suicide,449
2023,20,Female,Alcohol-induced,6
2023,20,Female,COVID-19,2
2023,20,Female,Cancer,59
2023,20,Female,Chronic lower respiratory disease,6
2023,20,Female,Diabetes,9
2023,20,Female,Drug overdose,231
2023,20,Female,Heart disease,21
2023,20,Female,Homicide,89
2023,20,Female,Other causes,192
2023,20,Female,Other unintentional injury,217
2023,20,Female,Stroke,2
2023,20,Female,Suicide,96
2023,20,Male,Alcohol-induced,5
2023,20,Male,COVID-19,7
2023,20,Male,Cancer,80
2023,20,Male,Chronic lower respiratory disease,7
2023,20,Male,Diabetes,17
2023,20,Male,Drug overdose,441
2023,20,Male,Heart disease,62
2023,20,Male,Homicide,565
2023,20,Male,Other causes,379
2023,20,Male,Other unintentional injury,710
2023,20,Male,Stroke,7
2023,20,Male,Suicide,462
2023,21,Female,Alcohol-induced,4
2023,21,Female,COVID-19,4
2023,21,Female,Cancer,61
2023,21,Female,Chronic lower respiratory disease,13
2023,21,Female,Diabetes,13
2023,21,Female,Drug overdose,237
2023,21,Female,Heart disease,28
2023,21,Female,Homicide,96
2023,21,Female,Other causes,216
2023,21,Female,Other unintentional injury,246
2023,21,Female,Stroke,5
2023,21,Female,Suicide,109
2023,21,Male,Alcohol-induced,14
2023,21,Male,COVID-19,6
2023,21,Male,Cancer,97
2023,21,Male,Chronic lower respiratory disease,18
2023,21,Male,Diabetes,19
2023,21,Male,Drug overdose,470
2023,21,Male,Heart disease,63
2023,21,Male,Homicide,532
2023,21,Male,Other causes,438
2023,21,Male,Other unintentional injury,713
2023,21,Male,Stroke,9
2023,21,Male,Suicide,606
2023,22,Female,Alcohol-induced,11
2023,22,Female,COVID-19,6
2023,22,Female,Cancer,65
2023,22,Female,Chronic lower respiratory disease,10
2023,22,Female,Diabetes,10
2023,22,Female,Drug overdose,293
2023,22,Female,Heart disease,36
2023,22,Female,Homicide,88
2023,22,Female,Other causes,259
2023,22,Female,Other unintentional injury,231
2023,22,Female,Stroke,11
2023,22,Female,Suicide,124
2023,22,Male,Alcohol-induced,18
2023,22,Male,COVID-19,4
2023,22,Male,Cancer,108
2023,22,Male,Chronic lower respiratory disease,26
2023,22,Male,Diabetes,33
2023,22,Male,Drug overdose,580
2023,22,Male,Heart disease,75
2023,22,Male,Homicide,494
2023,22,Male,Other causes,466
2023,22,Male,Other unintentional injury,724
2023,22,Male,Stroke,8
2023,22,Male,Suicide,623
2023,23,Female,Alcohol-induced,17
2023,23,Female,COVID-19,7
2023,23,Female,Cancer,75
2023,23,Female,Chronic lower respiratory disease,8
2023,23,Female,Diabetes,14
2023,23,Female,Drug overdose,280
2023,23,Female,Heart disease,44
2023,23,Female,Homicide,87
2023,23,Female,Other causes,268
2023,23,Female,Other unintentional injury,269
2023,23,Female,Stroke,9
2023,23,Female,Suicide,96
2023,23,Male,Alcohol-induced,21
2023,23,Male,COVID-19,9
2023,23,Male,Cancer,93
2023,23,Male,Chronic lower respiratory disease,18
2023,23,Male,Diabetes,25
2023,23,Male,Drug overdose,702
2023,23,Male,Heart disease,91
2023,23,Male,Homicide,518
2023,23,Male,Other causes,458
2023,23,Male,Other unintentional injury,705
2023,23,Male,Stroke,13
2023,23,Male,Suicide,641
2023,24,Female,Alcohol-induced,19
2023,24,Female,COVID-19,6
2023,24,Female,Cancer,77
2023,24,Female,Chronic lower respiratory disease,8
2023,24,Female,Diabetes,25
2023,24,Female,Drug overdose,378
2023,24,Female,Heart disease,42
2023,24,Female,Homicide,120
2023,24,Female,Other causes,306
2023,24,Female,Other unintentional injury,217
2023,24,Female,Stroke,11
2023,24,Female,Suicide,117
2023,24,Male,Alcohol-induced,26
2023,24,Male,COVID-19,9
2023,24,Male,Cancer,91
2023,24,Male,Chronic lower respiratory disease,19
2023,24,Male,Diabetes,21
2023,24,Male,Drug overdose,763
2023,24,Male,Heart disease,92
2023,24,Male,Homicide,511
2023,24,Male,Other causes,472
2023,24,Male,Other unintentional injury,687
2023,24,Male,Stroke,18
2023,24,Male,Suicide,670
2023,25,Female,Alcohol-induced,27
2023,25,Female,COVID-19,5
2023,25,Female,Cancer,62
2023,25,Female,Chronic lower respiratory disease,9
2023,25,Female,Diabetes,25
2023,25,Female,Drug overdose,366
2023,25,Female,Heart disease,62
2023,25,Female,Homicide,99
2023,25,Female,Other causes,282
2023,25,Female,Other unintentional injury,234
2023,25,Female,Stroke,11
2023,25,Female,Suicide,113
2023,25,Male,Alcohol-induced,49
2023,25,Male,COVID-19,12
2023,25,Male,Cancer,119
2023,25,Male,Chronic lower respiratory disease,17
2023,25,Male,Diabetes,41
2023,25,Male,Drug overdose,940
2023,25,Male,Heart disease,109
2023,25,Male,Homicide,463
2023,25,Male,Other causes,530
2023,25,Male,Other unintentional injury,692
2023,25,Male,Stroke,16
2023,25,Male,Suicide,652
2023,26,Female,Alcohol-induced,44
2023,26,Female,COVID-19,11
2023,26,Female,Cancer,93
2023,26,Female,Chronic lower respiratory disease,10
2023,26,Female,Diabetes,35
2023,26,Female,Drug overdose,393
2023,26,Female,Heart disease,67
2023,26,Female,Homicide,92
2023,26,Female,Other causes,319
2023,26,Female,Other unintentional injury,208
2023,26,Female,Stroke,4
2023,26,Female,Suicide,136
2023,26,Male,Alcohol-induced,76
2023,26,Male,COVID-19,11
2023,26,Male,Cancer,117
2023,26,Male,Chronic lower respiratory disease,10
2023,26,Male,Diabetes,48
2023,26,Male,Drug overdose,1077
2023,26,Male,Heart disease,112
2023,26,Male,Homicide,491
2023,26,Male,Other causes,564
2023,26,Male,Other unintentional injury,646
2023,26,Male,Stroke,18
2023,26,Male,Suicide,603
2023,27,Female,Alcohol-induced,48
2023,27,Female,COVID-19,9
2023,27,Female,Cancer,91
2023,27,Female,Chronic lower respiratory disease,17
2023,27,Female,Diabetes,25
2023,27,Female,Drug overdose,434
2023,27,Female,Heart disease,75
2023,27,Female,Homicide,76
2023,27,Female,Other causes,359
2023,27,Female,Other unintentional injury,209
2023,27,Female,Stroke,16
2023,27,Female,Suicide,123
2023,27,Male,Alcohol-induced,90
2023,27,Male,COVID-19,13
2023,27,Male,Cancer,122
2023,27,Male,Chronic lower respiratory disease,15
2023,27,Male,Diabetes,43
2023,27,Male,Drug overdose,1213
2023,27,Male,Heart disease,160
2023,27,Male,Homicide,469
2023,27,Male,Other causes,604
2023,27,Male,Other unintentional injury,694
2023,27,Male,Stroke,20
2023,27,Male,Suicide,634
2023,28,Female,Alcohol-induced,61
2023,28,Female,COVID-19,3
2023,28,Female,Cancer,130
2023,28,Female,Chronic lower respiratory disease,11
2023,28,Female,Diabetes,33
2023,28,Female,Drug overdose,493
2023,28,Female,Heart disease,80
2023,28,Female,Homicide,64
2023,28,Female,Other causes,395
2023,28,Female,Other unintentional injury,209
2023,28,Female,Stroke,19
2023,28,Female,Suicide,140
2023,28,Male,Alcohol-induced,126
2023,28,Male,COVID-19,10
2023,28,Male,Cancer,126
2023,28,Male,Chronic lower respiratory disease,17
2023,28,Male,Diabetes,53
2023,28,Male,Drug overdose,1385
2023,28,Male,Heart disease,173
2023,28,Male,Homicide,461
2023,28,Male,Other causes,680
2023,28,Male,Other unintentional injury,674
2023,28,Male,Stroke,28
2023,28,Male,Suicide,623
2023,29,Female,Alcohol-induced,75
2023,29,Female,COVID-19,13
2023,29,Female,Cancer,153
2023,29,Female,Chronic lower respiratory disease,12
2023,29,Female,Diabetes,28
2023,29,Female,Drug overdose,537
2023,29,Female,Heart disease,110
2023,29,Female,Homicide,93
2023,29,Female,Other causes,461
2023,29,Female,Other unintentional injury,216
2023,29,Female,Stroke,21
2023,29,Female,Suicide,136
2023,29,Male,Alcohol-induced,158
2023,29,Male,COVID-19,16
2023,29,Male,Cancer,172
2023,29,Male,Chronic lower respiratory disease,14
2023,29,Male,Diabetes,60
2023,29,Male,Drug overdose,1426
2023,29,Male,Heart disease,206
2023,29,Male,Homicide,493
2023,29,Male,Other causes,658
2023,29,Male,Other unintentional injury,685
2023,29,Male,Stroke,27
2023,29,Male,Suicide,640
2023,30,Female,Alcohol-induced,97
2023,30,Female,COVID-19,11
2023,30,Female,Cancer,176
2023,30,Female,Chronic lower respiratory disease,12
2023,30,Female,Diabetes,43
2023,30,Female,Drug overdose,602
2023,30,Female,Heart disease,86
2023,30,Female,Homicide,110
2023,30,Female,Other causes,453
2023,30,Female,Other unintentional injury,262
2023,30,Female,Stroke,30
2023,30,Female,Suicide,166
2023,30,Male,Alcohol-induced,187
2023,30,Male,COVID-19,16
2023,30,Male,Cancer,190
2023,30,Male,Chronic lower respiratory disease,20
2023,30,Male,Diabetes,80
2023,30,Male,Drug overdose,1602
2023,30,Male,Heart disease,238
2023,30,Male,Homicide,544
2023,30,Male,Other causes,770
2023,30,Male,Other unintentional injury,654
2023,30,Male,Stroke,26
2023,30,Male,Suicide,665
2023,31,Female,Alcohol-induced,119
2023,31,Female,COVID-19,16
2023,31,Female,Cancer,206
2023,31,Female,Chronic lower respiratory disease,18
2023,31,Female,Diabetes,49
2023,31,Female,Drug overdose,665
2023,31,Female,Heart disease,142
2023,31,Female,Homicide,87
2023,31,Female,Other causes,512
2023,31,Female,Other unintentional injury,230
2023,31,Female,Stroke,32
2023,31,Female,Suicide,160
2023,31,Male,Alcohol-induced,205
2023,31,Male,COVID-19,14
2023,31,Male,Cancer,220
2023,31,Male,Chronic lower respiratory disease,20
2023,31,Male,Diabetes,87
2023,31,Male,Drug overdose,1841
2023,31,Male,Heart disease,288
2023,31,Male,Homicide,536
2023,31,Male,Other causes,848
2023,31,Male,Other unintentional injury,660
2023,31,Male,Stroke,32
2023,31,Male,Suicide,663
2023,32,Female,Alcohol-induced,156
2023,32,Female,COVID-19,9
2023,32,Female,Cancer,253
2023,32,Female,Chronic lower respiratory disease,17
2023,32,Female,Diabetes,46
2023,32,Female,Drug overdose,732
2023,32,Female,Heart disease,144
2023,32,Female,Homicide,69
2023,32,Female,Other causes,590
2023,32,Female,Other unintentional injury,255
2023,32,Female,Stroke,42
2023,32,Female,Suicide,133
2023,32,Male,Alcohol-induced,268
2023,32,Male,COVID-19,14
2023,32,Male,Cancer,207
2023,32,Male,Chronic lower respiratory disease,27
2023,32,Male,Diabetes,86
2023,32,Male,Drug overdose,1896
2023,32,Male,Heart disease,332
2023,32,Male,Homicide,501
2023,32,Male,Other causes,891
2023,32,Male,Other unintentional injury,732
2023,32,Male,Stroke,45
2023,32,Male,Suicide,666
2023,33,Female,Alcohol-induced,155
2023,33,Female,Alzheimer disease,1
2023,33,Female,COVID-19,17
2023,33,Female,Cancer,266
2023,33,Female,Chronic lower respiratory disease,16
2023,33,Female,Diabetes,69
2023,33,Female,Drug overdose,760
2023,33,Female,Heart disease,153
2023,33,Female,Homicide,119
2023,33,Female,Other causes,658
2023,33,Female,Other unintentional injury,243
2023,33,Female,Stroke,38
2023,33,Female,Suicide,138
2023,33,Male,Alcohol-induced,282
2023,33,Male,COVID-19,20
2023,33,Male,Cancer,250
2023,33,Male,Chronic lower respiratory disease,24
2023,33,Male,Diabetes,103
2023,33,Male,Drug overdose,2039
2023,33,Male,Heart disease,343
2023,33,Male,Homicide,475
2023,33,Male,Other causes,1031
2023,33,Male,Other unintentional injury,672
2023,33,Male,Stroke,49
2023,33,Male,Suicide,714
2023,34,Female,Alcohol-induced,188
2023,34,Female,COVID-19,8
2023,34,Female,Cancer,309
2023,34,Female,Chronic lower respiratory disease,20
2023,34,Female,Diabetes,59
2023,34,Female,Drug overdose,717
2023,34,Female,Heart disease,207
2023,34,Female,Homicide,129
2023,34,Female,Other causes,672
2023,34,Female,Other unintentional injury,236
2023,34,Female,Stroke,50
2023,34,Female,Suicide,141
2023,34,Male,Alcohol-induced,315
2023,34,Male,COVID-19,22
2023,34,Male,Cancer,255
2023,34,Male,Chronic lower respiratory disease,22
2023,34,Male,Diabetes,104
2023,34,Male,Drug overdose,1884
2023,34,Male,Heart disease,388
2023,34,Male,Homicide,478
2023,34,Male,Other causes,1025
2023,34,Male,Other unintentional injury,736
2023,34,Male,Stroke,57
2023,34,Male,Suicide,652
2023,35,Female,Alcohol-induced,179
2023,35,Female,COVID-19,19
2023,35,Female,Cancer,359
2023,35,Female,Chronic lower respiratory disease,19
2023,35,Female,Diabetes,58
2023,35,Female,Drug overdose,769
2023,35,Female,Heart disease,248
2023,35,Female,Homicide,98
2023,35,Female,Other causes,657
2023,35,Female,Other unintentional injury,226
2023,35,Female,Stroke,51
2023,35,Female,Suicide,149
2023,35,Male,Alcohol-induced,374
2023,35,Male,COVID-19,24
2023,35,Male,Cancer,280
2023,35,Male,Chronic lower respiratory disease,22
2023,35,Male,Diabetes,90
2023,35,Male,Drug overdose,1959
2023,35,Male,Heart disease,423
2023,35,Male,Homicide,428
2023,35,Male,Other causes,1064
2023,35,Male,Other unintentional injury,671
2023,35,Male,Stroke,69
2023,35,Male,Suicide,673
2023,36,Female,Alcohol-induced,167
2023,36,Female,COVID-19,16
2023,36,Female,Cancer,394
2023,36,Female,Chronic lower respiratory disease,20
2023,36,Female,Diabetes,79
2023,36,Female,Drug overdose,740
2023,36,Female,Heart disease,209
2023,36,Female,Homicide,76
2023,36,Female,Other causes,665
2023,36,Female,Other unintentional injury,198
2023,36,Female,Stroke,52
2023,36,Female,Suicide,128
2023,36,Male,Alcohol-induced,397
2023,36,Male,COVID-19,14
2023,36,Male,Cancer,315
2023,36,Male,Chronic lower respiratory disease,29
2023,36,Male,Diabetes,120
2023,36,Male,Drug overdose,1936
2023,36,Male,Heart disease,512
2023,36,Male,Homicide,414
2023,36,Male,Other causes,1061
2023,36,Male,Other unintentional injury,662
2023,36,Male,Stroke,71
2023,36,Male,Suicide,643
2023,37,Female,Alcohol-induced,224
2023,37,Female,Alzheimer disease,1
2023,37,Female,COVID-19,17
2023,37,Female,Cancer,486
2023,37,Female,Chronic lower respiratory disease,13
2023,37,Female,Diabetes,63
2023,37,Female,Drug overdose,791
2023,37,Female,Heart disease,254
2023,37,Female,Homicide,98
2023,37,Female,Other causes,737
2023,37,Female,Other unintentional injury,222
2023,37,Female,Stroke,61
2023,37,Female,Suicide,138
2023,37,Male,Alcohol-induced,400
2023,37,Male,Alzheimer disease,1
2023,37,Male,COVID-19,27
2023,37,Male,Cancer,349
2023,37,Male,Chronic lower respiratory disease,32
2023,37,Male,Diabetes,116
2023,37,Male,Drug overdose,2005
2023,37,Male,Heart disease,604
2023,37,Male,Homicide,390
2023,37,Male,Other causes,1187
2023,37,Male,Other unintentional injury,637
2023,37,Male,Stroke,86
2023,37,Male,Suicide,677
2023,38,Female,Alcohol-induced,232
2023,38,Female,COVID-19,22
2023,38,Female,Cancer,508
2023,38,Female,Chronic lower respiratory disease,26
2023,38,Female,Diabetes,79
2023,38,Female,Drug overdose,740
2023,38,Female,Heart disease,280
2023,38,Female,Homicide,89
2023,38,Female,Other causes,845
2023,38,Female,Other unintentional injury,228
2023,38,Female,Stroke,86
2023,38,Female,Suicide,155
2023,38,Male,Alcohol-induced,444
2023,38,Male,COVID-19,30
2023,38,Male,Cancer,371
2023,38,Male,Chronic lower respiratory disease,25
2023,38,Male,Diabetes,156
2023,38,Male,Drug overdose,1992
2023,38,Male,Heart disease,632
2023,38,Male,Homicide,352
2023,38,Male,Other causes,1203
2023,38,Male,Other unintentional injury,576
2023,38,Male,Stroke,100
2023,38,Male,Suicide,690
2023,39,Female,Alcohol-induced,232
2023,39,Female,COVID-19,20
2023,39,Female,Cancer,545
2023,39,Female,Chronic lower respiratory disease,32
2023,39,Female,Diabetes,87
2023,39,Female,Drug overdose,774
2023,39,Female,Heart disease,311
2023,39,Female,Homicide,85
2023,39,Female,Other causes,798
2023,39,Female,Other unintentional injury,203
2023,39,Female,Stroke,85
2023,39,Female,Suicide,142
2023,39,Male,Alcohol-induced,468
2023,39,Male,COVID-19,20
2023,39,Male,Cancer,417
2023,39,Male,Chronic lower respiratory disease,31
2023,39,Male,Diabetes,170
2023,39,Male,Drug overdose,2052
2023,39,Male,Heart disease,696
2023,39,Male,Homicide,364
2023,39,Male,Other causes,1237
2023,39,Male,Other unintentional injury,640
2023,39,Male,Stroke,107
2023,39,Male,Suicide,620
2023,40,Female,Alcohol-induced,236
2023,40,Female,COVID-19,22
2023,40,Female,Cancer,663
2023,40,Female,Chronic lower respiratory disease,27
2023,40,Female,Diabetes,97
2023,40,Female,Drug overdose,831
2023,40,Female,Heart disease,389
2023,40,Female,Homicide,87
2023,40,Female,Other causes,990
2023,40,Female,Other unintentional injury,221
2023,40,Female,Stroke,93
2023,40,Female,Suicide,137
2023,40,Male,Alcohol-induced,527
2023,40,Male,Alzheimer disease,1
2023,40,Male,COVID-19,27
2023,40,Male,Cancer,535
2023,40,Male,Chronic lower respiratory disease,26
2023,40,Male,Diabetes,183
2023,40,Male,Drug overdose,1920
2023,40,Male,Heart disease,787
2023,40,Male,Homicide,377
2023,40,Male,Other causes,1378
2023,40,Male,Other unintentional injury,638
2023,40,Male,Stroke,112
2023,40,Male,Suicide,666
2023,41,Female,Alcohol-induced,240
2023,41,Female,COVID-19,23
2023,41,Female,Cancer,734
2023,41,Female,Chronic lower respiratory disease,42
2023,41,Female,Diabetes,107
2023,41,Female,Drug overdose,806
2023,41,Female,Heart disease,439
2023,41,Female,Homicide,80
2023,41,Female,Other causes,988
2023,41,Female,Other unintentional injury,233
2023,41,Female,Stroke,81
2023,41,Female,Suicide,122
2023,41,Male,Alcohol-induced,500
2023,41,Male,Alzheimer disease,1
2023,41,Male,COVID-19,46
2023,41,Male,Cancer,574
2023,41,Male,Chronic lower respiratory disease,39
2023,41,Male,Diabetes,161
2023,41,Male,Drug overdose,1974
2023,41,Male,Heart disease,911
2023,41,Male,Homicide,354
2023,41,Male,Other causes,1478
2023,41,Male,Other unintentional injury,613
2023,41,Male,Stroke,117
2023,41,Male,Suicide,601
2023,42,Female,Alcohol-induced,276
2023,42,Female,COVID-19,23
2023,42,Female,Cancer,839
2023,42,Female,Chronic lower respiratory disease,44
2023,42,Female,Diabetes,117
2023,42,Female,Drug overdose,782
2023,42,Female,Heart disease,441
2023,42,Female,Homicide,82
2023,42,Female,Other causes,987
2023,42,Female,Other unintentional injury,232
2023,42,Female,Stroke,121
2023,42,Female,Suicide,146
2023,42,Male,Alcohol-induced,562
2023,42,Male,Alzheimer disease,1
2023,42,Male,COVID-19,30
2023,42,Male,Cancer,609
2023,42,Male,Chronic lower respiratory disease,40
2023,42,Male,Diabetes,193
2023,42,Male,Drug overdose,1962
2023,42,Male,Heart disease,995
2023,42,Male,Homicide,320
2023,42,Male,Other causes,1576
2023,42,Male,Other unintentional injury,612
2023,42,Male,Stroke,162
2023,42,Male,Suicide,652
2023,43,Female,Alcohol-induced,259
2023,43,Female,Alzheimer disease,2
2023,43,Female,COVID-19,29
2023,43,Female,Cancer,865
2023,43,Female,Chronic lower respiratory disease,52
2023,43,Female,Diabetes,135
2023,43,Female,Drug overdose,785
2023,43,Female,Heart disease,488
2023,43,Female,Homicide,74
2023,43,Female,Other causes,1086
2023,43,Female,Other unintentional injury,211
2023,43,Female,Stroke,138
2023,43,Female,Suicide,133
2023,43,Male,Alcohol-induced,560
2023,43,Male,Alzheimer disease,1
2023,43,Male,COVID-19,33
2023,43,Male,Cancer,702
2023,43,Male,Chronic lower respiratory disease,50
2023,43,Male,Diabetes,236
2023,43,Male,Drug overdose,1989
2023,43,Male,Heart disease,1092
2023,43,Male,Homicide,336
2023,43,Male,Other causes,1626
2023,43,Male,Other unintentional injury,637
2023,43,Male,Stroke,158
2023,43,Male,Suicide,607
2023,44,Female,Alcohol-induced,222
2023,44,Female,Alzheimer disease,1
2023,44,Female,COVID-19,41
2023,44,Female,Cancer,995
2023,44,Female,Chronic lower respiratory disease,58
2023,44,Female,Diabetes,127
2023,44,Female,Drug overdose,766
2023,44,Female,Heart disease,574
2023,44,Female,Homicide,81
2023,44,Female,Other causes,1090
2023,44,Female,Other unintentional injury,232
2023,44,Female,Stroke,136
2023,44,Female,Suicide,154
2023,44,Male,Alcohol-induced,586
2023,44,Male,Alzheimer disease,2
2023,44,Male,COVID-19,35
2023,44,Male,Cancer,788
2023,44,Male,Chronic lower respiratory disease,45
2023,44,Male,Diabetes,240
2023,44,Male,Drug overdose,1863
2023,44,Male,Heart disease,1227
2023,44,Male,Homicide,302
2023,44,Male,Other causes,1628
2023,44,Male,Other unintentional injury,630
2023,44,Male,Stroke,188
2023,44,Male,Suicide,615
2023,45,Female,Alcohol-induced,264
2023,45,Female,Alzheimer disease,3
2023,45,Female,COVID-19,46
2023,45,Female,Cancer,1048
2023,45,Female,Chronic lower respiratory disease,60
2023,45,Female,Diabetes,143
2023,45,Female,Drug overdose,699
2023,45,Female,Heart disease,614
2023,45,Female,Homicide,74
2023,45,Female,Other causes,1127
2023,45,Female,Other unintentional injury,157
2023,45,Female,Stroke,142
2023,45,Female,Suicide,127
2023,45,Male,Alcohol-induced,584
2023,45,Male,Alzheimer disease,3
2023,45,Male,COVID-19,55
2023,45,Male,Cancer,900
2023,45,Male,Chronic lower respiratory disease,56
2023,45,Male,Diabetes,267
2023,45,Male,Drug overdose,1754
2023,45,Male,Heart disease,1317
2023,45,Male,Homicide,258
2023,45,Male,Other causes,1727
2023,45,Male,Other unintentional injury,567
2023,45,Male,Stroke,214
2023,45,Male,Suicide,582
2023,46,Female,Alcohol-induced,264
2023,46,Female,COVID-19,35
2023,46,Female,Cancer,1140
2023,46,Female,Chronic lower respiratory disease,76
2023,46,Female,Diabetes,175
2023,46,Female,Drug overdose,704
2023,46,Female,Heart disease,648
2023,46,Female,Homicide,56
2023,46,Female,Other causes,1168
2023,46,Female,Other unintentional injury,186
2023,46,Female,Stroke,167
2023,46,Female,Suicide,124
2023,46,Male,Alcohol-induced,613
2023,46,Male,Alzheimer disease,3
2023,46,Male,COVID-19,34
2023,46,Male,Cancer,923
2023,46,Male,Chronic lower respiratory disease,61
2023,46,Male,Diabetes,301
2023,46,Male,Drug overdose,1591
2023,46,Male,Heart disease,1410
2023,46,Male,Homicide,276
2023,46,Male,Other causes,1776
2023,46,Male,Other unintentional injury,581
2023,46,Male,Stroke,209
2023,46,Male,Suicide,550
2023,47,Female,Alcohol-induced,269
2023,47,Female,Alzheimer disease,3
2023,47,Female,COVID-19,33
2023,47,Female,Cancer,1243
2023,47,Female,Chronic lower respiratory disease,71
2023,47,Female,Diabetes,169
2023,47,Female,Drug overdose,625
2023,47,Female,Heart disease,679
2023,47,Female,Homicide,61
2023,47,Female,Other causes,1187
2023,47,Female,Other unintentional injury,185
2023,47,Female,Stroke,172
2023,47,Female,Suicide,120
2023,47,Male,Alcohol-induced,598
2023,47,Male,Alzheimer disease,3
2023,47,Male,COVID-19,40
2023,47,Male,Cancer,1007
2023,47,Male,Chronic lower respiratory disease,66
2023,47,Male,Diabetes,302
2023,47,Male,Drug overdose,1540
2023,47,Male,Heart disease,1538
2023,47,Male,Homicide,222
2023,47,Male,Other causes,1783
2023,47,Male,Other unintentional injury,575
2023,47,Male,Stroke,226
2023,47,Male,Suicide,514
2023,48,Female,Alcohol-induced,281
2023,48,Female,Alzheimer disease,2
2023,48,Female,COVID-19,44
2023,48,Female,Cancer,1350
2023,48,Female,Chronic lower respiratory disease,77
2023,48,Female,Diabetes,180
2023,48,Female,Drug overdose,642
2023,48,Female,Heart disease,712
2023,48,Female,Homicide,60
2023,48,Female,Other causes,1334
2023,48,Female,Other unintentional injury,180
2023,48,Female,Stroke,175
2023,48,Female,Suicide,131
2023,48,Male,Alcohol-induced,637
2023,48,Male,Alzheimer disease,1
2023,48,Male,COVID-19,49
2023,48,Male,Cancer,1186
2023,48,Male,Chronic lower respiratory disease,90
2023,48,Male,Diabetes,346
2023,48,Male,Drug overdose,1419
2023,48,Male,Heart disease,1597
2023,48,Male,Homicide,188
2023,48,Male,Other causes,1942
2023,48,Male,Other unintentional injury,500
2023,48,Male,Stroke,294
2023,48,Male,Suicide,496
2023,49,Female,Alcohol-induced,294
2023,49,Female,Alzheimer disease,7
2023,49,Female,COVID-19,55
2023,49,Female,Cancer,1493
2023,49,Female,Chronic lower respiratory disease,89
2023,49,Female,Diabetes,187
2023,49,Female,Drug overdose,632
2023,49,Female,Heart disease,693
2023,49,Female,Homicide,57
2023,49,Female,Other causes,1397
2023,49,Female,Other unintentional injury,189
2023,49,Female,Stroke,200
2023,49,Female,Suicide,116
2023,49,Male,Alcohol-induced,660
2023,49,Male,Alzheimer disease,4
2023,49,Male,COVID-19,53
2023,49,Male,Cancer,1331
2023,49,Male,Chronic lower respiratory disease,95
2023,49,Male,Diabetes,361
2023,49,Male,Drug overdose,1466
2023,49,Male,Heart disease,1940
2023,49,Male,Homicide,174
2023,49,Male,Other causes,2080
2023,49,Male,Other unintentional injury,535
2023,49,Male,Stroke,283
2023,49,Male,Suicide,574
2023,50,Female,Alcohol-induced,258
2023,50,Female,Alzheimer disease,6
2023,50,Female,COVID-19,57
2023,50,Female,Cancer,1704
2023,50,Female,Chronic lower respiratory disease,144
2023,50,Female,Diabetes,235
2023,50,Female,Drug overdose,618
2023,50,Female,Heart disease,858
2023,50,Female,Homicide,52
2023,50,Female,Other causes,1610
2023,50,Female,Other unintentional injury,189
2023,50,Female,Stroke,216
2023,50,Female,Suicide,111
2023,50,Male,Alcohol-induced,683
2023,50,Male,Alzheimer disease,5
2023,50,Male,COVID-19,48
2023,50,Male,Cancer,1494
2023,50,Male,Chronic lower respiratory disease,123
2023,50,Male,Diabetes,442
2023,50,Male,Drug overdose,1395
2023,50,Male,Heart disease,2131
2023,50,Male,Homicide,190
2023,50,Male,Other causes,2177
2023,50,Male,Other unintentional injury,583
2023,50,Male,Stroke,319
2023,50,Male,Suicide,512
2023,51,Female,Alcohol-induced,292
2023,51,Female,Alzheimer disease,9
2023,51,Female,COVID-19,51
2023,51,Female,Cancer,1971
2023,51,Female,Chronic lower respiratory disease,180
2023,51,Female,Diabetes,276
2023,51,Female,Drug overdose,649
2023,51,Female,Heart disease,1074
2023,51,Female,Homicide,52
2023,51,Female,Other causes,1776
2023,51,Female,Other unintentional injury,203
2023,51,Female,Stroke,242
2023,51,Female,Suicide,103
2023,51,Male,Alcohol-induced,718
2023,51,Male,Alzheimer disease,2
2023,51,Male,COVID-19,70
2023,51,Male,Cancer,1752
2023,51,Male,Chronic lower respiratory disease,128
2023,51,Male,Diabetes,468
2023,51,Male,Drug overdose,1577
2023,51,Male,Heart disease,2470
2023,51,Male,Homicide,192
2023,51,Male,Other causes,2548
2023,51,Male,Other unintentional injury,553
2023,51,Male,Stroke,353
2023,51,Male,Suicide,544
2023,52,Female,Alcohol-induced,366
2023,52,Female,Alzheimer disease,11
2023,52,Female,COVID-19,78
2023,52,Female,Cancer,2228
2023,52,Female,Chronic lower respiratory disease,209
2023,52,Female,Diabetes,291
2023,52,Female,Drug overdose,687
2023,52,Female,Heart disease,1140
2023,52,Female,Homicide,54
2023,52,Female,Other causes,2053
2023,52,Female,Other unintentional injury,209
2023,52,Female,Stroke,288
2023,52,Female,Suicide,128
2023,52,Male,Alcohol-induced,871
2023,52,Male,Alzheimer disease,5
2023,52,Male,COVID-19,67
2023,52,Male,Cancer,2129
2023,52,Male,Chronic lower respiratory disease,176
2023,52,Male,Diabetes,553
2023,52,Male,Drug overdose,1575
2023,52,Male,Heart disease,2830
2023,52,Male,Homicide,182
2023,52,Male,Other causes,2906
2023,52,Male,Other unintentional injury,635
2023,52,Male,Stroke,373
2023,52,Male,Suicide,565
2023,53,Female,Alcohol-induced,376
2023,53,Female,Alzheimer disease,8
2023,53,Female,COVID-19,78
2023,53,Female,Cancer,2481
2023,53,Female,Chronic lower respiratory disease,230
2023,53,Female,Diabetes,332
2023,53,Female,Drug overdose,688
2023,53,Female,Heart disease,1218
2023,53,Female,Homicide,43
2023,53,Female,Other causes,2194
2023,53,Female,Other unintentional injury,201
2023,53,Female,Stroke,301
2023,53,Female,Suicide,131
2023,53,Male,Alcohol-induced,873
2023,53,Male,Alzheimer disease,7
2023,53,Male,COVID-19,83
2023,53,Male,Cancer,2390
2023,53,Male,Chronic lower respiratory disease,217
2023,53,Male,Diabetes,663
2023,53,Male,Drug overdose,1620
2023,53,Male,Heart disease,3095
2023,53,Male,Homicide,183
2023,53,Male,Other causes,3103
2023,53,Male,Other unintentional injury,618
2023,53,Male,Stroke,427
2023,53,Male,Suicide,619
2023,54,Female,Alcohol-induced,390
2023,54,Female,Alzheimer disease,17
2023,54,Female,COVID-19,76
2023,54,Female,Cancer,2562
2023,54,Female,Chronic lower respiratory disease,280
2023,54,Female,Diabetes,353
2023,54,Female,Drug overdose,685
2023,54,Female,Heart disease,1321
2023,54,Female,Homicide,50
2023,54,Female,Other causes,2280
2023,54,Female,Other unintentional injury,182
2023,54,Female,Stroke,329
2023,54,Female,Suicide,128
2023,54,Male,Alcohol-induced,902
2023,54,Male,Alzheimer disease,10
2023,54,Male,COVID-19,93
2023,54,Male,Cancer,2642
2023,54,Male,Chronic lower respiratory disease,223
2023,54,Male,Diabetes,640
2023,54,Male,Drug overdose,1550
2023,54,Male,Heart disease,3254
2023,54,Male,Homicide,152
2023,54,Male,Other causes,3312
2023,54,Male,Other unintentional injury,595
2023,54,Male,Stroke,467
2023,54,Male,Suicide,577
2023,55,Female,Alcohol-induced,367
2023,55,Female,Alzheimer disease,27
2023,55,Female,COVID-19,89
2023,55,Female,Cancer,2853
2023,55,Female,Chronic lower respiratory disease,311
2023,55,Female,Diabetes,360
2023,55,Female,Drug overdose,649
2023,55,Female,Heart disease,1485
2023,55,Female,Homicide,44
2023,55,Female,Other causes,2398
2023,55,Female,Other unintentional injury,216
2023,55,Female,Stroke,339
2023,55,Female,Suicide,125
2023,55,Male,Alcohol-induced,918
2023,55,Male,Alzheimer disease,13
2023,55,Male,COVID-19,107
2023,55,Male,Cancer,2828
2023,55,Male,Chronic lower respiratory disease,286
2023,55,Male,Diabetes,663
2023,55,Male,Drug overdose,1538
2023,55,Male,Heart disease,3415
2023,55,Male,Homicide,139
2023,55,Male,Other causes,3428
2023,55,Male,Other unintentional injury,600
2023,55,Male,Stroke,436
2023,55,Male,Suicide,565
2023,56,Female,Alcohol-induced,373
2023,56,Female,Alzheimer disease,28
2023,56,Female,COVID-19,104
2023,56,Female,Cancer,3114
2023,56,Female,Chronic lower respiratory disease,354
2023,56,Female,Diabetes,408
2023,56,Female,Drug overdose,678
2023,56,Female,Heart disease,1615
2023,56,Female,Homicide,34
2023,56,Female,Other causes,2549
2023,56,Female,Other unintentional injury,206
2023,56,Female,Stroke,363
2023,56,Female,Suicide,124
2023,56,Male,Alcohol-induced,924
2023,56,Male,Alzheimer disease,27
2023,56,Male,COVID-19,126
2023,56,Male,Cancer,3312
2023,56,Male,Chronic lower respiratory disease,325
2023,56,Male,Diabetes,739
2023,56,Male,Drug overdose,1598
2023,56,Male,Heart disease,3861
2023,56,Male,Homicide,148
2023,56,Male,Other causes,3635
2023,56,Male,Other unintentional injury,650
2023,56,Male,Stroke,504
2023,56,Male,Suicide,520
2023,57,Female,Alcohol-induced,396
2023,57,Female,Alzheimer disease,59
2023,57,Female,COVID-19,116
2023,57,Female,Cancer,3609
2023,57,Female,Chronic lower respiratory disease,452
2023,57,Female,Diabetes,457
2023,57,Female,Drug overdose,658
2023,57,Female,Heart disease,1869
2023,57,Female,Homicide,49
2023,57,Female,Other causes,2926
2023,57,Female,Other unintentional injury,229
2023,57,Female,Stroke,387
2023,57,Female,Suicide,141
2023,57,Male,Alcohol-induced,971
2023,57,Male,Alzheimer disease,33
2023,57,Male,COVID-19,138
2023,57,Male,Cancer,3761
2023,57,Male,Chronic lower respiratory disease,431
2023,57,Male,Diabetes,897
2023,57,Male,Drug overdose,1681
2023,57,Male,Heart disease,4240
2023,57,Male,Homicide,138
2023,57,Male,Other causes,4220
2023,57,Male,Other unintentional injury,650
2023,57,Male,Stroke,635
2023,57,Male,Suicide,537
2023,58,Female,Alcohol-induced,410
2023,58,Female,Alzheimer disease,48
2023,58,Female,COVID-19,138
2023,58,Female,Cancer,3890
2023,58,Female,Chronic lower respiratory disease,615
2023,58,Female,Diabetes,504
2023,58,Female,Drug overdose,670
2023,58,Female,Heart disease,2039
2023,58,Female,Homicide,57
2023,58,Female,Other causes,3275
2023,58,Female,Other unintentional injury,230
2023,58,Female,Stroke,468
2023,58,Female,Suicide,123
2023,58,Male,Alcohol-induced,1050
2023,58,Male,Alzheimer disease,42
2023,58,Male,COVID-19,162
2023,58,Male,Cancer,4448
2023,58,Male,Chronic lower respiratory disease,496
2023,58,Male,Diabetes,925
2023,58,Male,Drug overdose,1683
2023,58,Male,Heart disease,4814
2023,58,Male,Homicide,159
2023,58,Male,Other causes,4742
2023,58,Male,Other unintentional injury,718
2023,58,Male,Stroke,679
2023,58,Male,Suicide,611
2023,59,Female,Alcohol-induced,466
2023,59,Female,Alzheimer disease,53
2023,59,Female,COVID-19,158
2023,59,Female,Cancer,4567
2023,59,Female,Chronic lower respiratory disease,696
2023,59,Female,Diabetes,510
2023,59,Female,Drug overdose,647
2023,59,Female,Heart disease,2267
2023,59,Female,Homicide,54
2023,59,Female,Other causes,3675
2023,59,Female,Other unintentional injury,249
2023,59,Female,Stroke,493
2023,59,Female,Suicide,134
2023,59,Male,Alcohol-induced,1132
2023,59,Male,Alzheimer disease,34
2023,59,Male,COVID-19,196
2023,59,Male,Cancer,4959
2023,59,Male,Chronic lower respiratory disease,698
2023,59,Male,Diabetes,1041
2023,59,Male,Drug overdose,1591
2023,59,Male,Heart disease,5293
2023,59,Male,Homicide,158
2023,59,Male,Other causes,5165
2023,59,Male,Other unintentional injury,687
2023,59,Male,Stroke,775
2023,59,Male,Suicide,639
2023,60,Female,Alcohol-induced,475
2023,60,Female,Alzheimer disease,85
2023,60,Female,COVID-19,173
2023,60,Female,Cancer,5008
2023,60,Female,Chronic lower respiratory disease,898
2023,60,Female,Diabetes,623
2023,60,Female,Drug overdose,627
2023,60,Female,Heart disease,2492
2023,60,Female,Homicide,50
2023,60,Female,Other causes,4063
2023,60,Female,Other unintentional injury,249
2023,60,Female,Stroke,534
2023,60,Female,Suicide,131
2023,60,Male,Alcohol-induced,1147
2023,60,Male,Alzheimer disease,57
2023,60,Male,COVID-19,214
2023,60,Male,Cancer,5681
2023,60,Male,Chronic lower respiratory disease,870
2023,60,Male,Diabetes,1101
2023,60,Male,Drug overdose,1508
2023,60,Male,Heart disease,5884
2023,60,Male,Homicide,126
2023,60,Male,Other causes,5498
2023,60,Male,Other unintentional injury,706
2023,60,Male,Stroke,871
2023,60,Male,Suicide,618
2023,61,Female,Alcohol-induced,457
2023,61,Female,Alzheimer disease,97
2023,61,Female,COVID-19,165
2023,61,Female,Cancer,5460
2023,61,Female,Chronic lower respiratory disease,1039
2023,61,Female,Diabetes,633
2023,61,Female,Drug overdose,621
2023,61,Female,Heart disease,2860
2023,61,Female,Homicide,36
2023,61,Female,Other causes,4423
2023,61,Female,Other unintentional injury,252
2023,61,Female,Stroke,625
2023,61,Female,Suicide,101
2023,61,Male,Alcohol-induced,1124
2023,61,Male,Alzheimer disease,63
2023,61,Male,COVID-19,241
2023,61,Male,Cancer,6384
2023,61,Male,Chronic lower respiratory disease,927
2023,61,Male,Diabetes,1096
2023,61,Male,Drug overdose,1452
2023,61,Male,Heart disease,6357
2023,61,Male,Homicide,121
2023,61,Male,Other causes,6129
2023,61,Male,Other unintentional injury,741
2023,61,Male,Stroke,902
2023,61,Male,Suicide,542
2023,62,Female,Alcohol-induced,421
2023,62,Female,Alzheimer disease,111
2023,62,Female,COVID-19,234
2023,62,Female,Cancer,6022
2023,62,Female,Chronic lower respiratory disease,1126
2023,62,Female,Diabetes,747
2023,62,Female,Drug overdose,564
2023,62,Female,Heart disease,3130
2023,62,Female,Homicide,44
2023,62,Female,Other causes,4799
2023,62,Female,Other unintentional injury,278
2023,62,Female,Stroke,700
2023,62,Female,Suicide,130
2023,62,Male,Alcohol-induced,1236
2023,62,Male,Alzheimer disease,84
2023,62,Male,COVID-19,269
2023,62,Male,Cancer,6988
2023,62,Male,Chronic lower respiratory disease,1055
2023,62,Male,Diabetes,1183
2023,62,Male,Drug overdose,1432
2023,62,Male,Heart disease,6784
2023,62,Male,Homicide,129
2023,62,Male,Other causes,6557
2023,62,Male,Other unintentional injury,690
2023,62,Male,Stroke,1020
2023,62,Male,Suicide,557
2023,63,Female,Alcohol-induced,439
2023,63,Female,Alzheimer disease,135
2023,63,Female,COVID-19,244
2023,63,Female,Cancer,6507
2023,63,Female,Chronic lower respiratory disease,1301
2023,63,Female,Diabetes,760
2023,63,Female,Drug overdose,506
2023,63,Female,Heart disease,3338
2023,63,Female,Homicide,54
2023,63,Female,Other causes,5145
2023,63,Female,Other unintentional injury,249
2023,63,Female,Stroke,804
2023,63,Female,Suicide,122
2023,63,Male,Alcohol-induced,1199
2023,63,Male,Alzheimer disease,111
2023,63,Male,COVID-19,280
2023,63,Male,Cancer,7637
2023,63,Male,Chronic lower respiratory disease,1189
2023,63,Male,Diabetes,1268
2023,63,Male,Drug overdose,1291
2023,63,Male,Heart disease,7177
2023,63,Male,Homicide,121
2023,63,Male,Other causes,7031
2023,63,Male,Other unintentional injury,736
2023,63,Male,Stroke,1010
2023,63,Male,Suicide,529
2023,64,Female,Alcohol-induced,404
2023,64,Female,Alzheimer disease,149
2023,64,Female,COVID-19,260
2023,64,Female,Cancer,6719
2023,64,Female,Chronic lower respiratory disease,1365
2023,64,Female,Diabetes,729
2023,64,Female,Drug overdose,493
2023,64,Female,Heart disease,3576
2023,64,Female,Homicide,47
2023,64,Female,Other causes,5389
2023,64,Female,Other unintentional injury,242
2023,64,Female,Stroke,806
2023,64,Female,Suicide,96
2023,64,Male,Alcohol-induced,1065
2023,64,Male,Alzheimer disease,111
2023,64,Male,COVID-19,285
2023,64,Male,Cancer,8184
2023,64,Male,Chronic lower respiratory disease,1355
2023,64,Male,Diabetes,1357
2023,64,Male,Drug overdose,1186
2023,64,Male,Heart disease,7565
2023,64,Male,Homicide,98
2023,64,Male,Other causes,7265
2023,64,Male,Other unintentional injury,707
2023,64,Male,Stroke,1136
2023,64,Male,Suicide,516
2023,65,Female,Alcohol-induced,393
2023,65,Female,Alzheimer disease,193
2023,65,Female,COVID-19,281
2023,65,Female,Cancer,7319
2023,65,Female,Chronic lower respiratory disease,1447
2023,65,Female,Diabetes,855
2023,65,Female,Drug overdose,383
2023,65,Female,Heart disease,3750
2023,65,Female,Homicide,31
2023,65,Female,Other causes,5862
2023,65,Female,Other unintentional injury,251
2023,65,Female,Stroke,915
2023,65,Female,Suicide,98
2023,65,Male,Alcohol-induced,1023
2023,65,Male,Alzheimer disease,141
2023,65,Male,COVID-19,343
2023,65,Male,Cancer,8589
2023,65,Male,Chronic lower respiratory disease,1594
2023,65,Male,Diabetes,1359
2023,65,Male,Drug overdose,1043
2023,65,Male,Heart disease,7879
2023,65,Male,Homicide,92
2023,65,Male,Other causes,7701
2023,65,Male,Other unintentional injury,647
2023,65,Male,Stroke,1162
2023,65,Male,Suicide,492
2023,66,Female,Alcohol-induced,342
2023,66,Female,Alzheimer disease,224
2023,66,Female,COVID-19,286
2023,66,Female,Cancer,7567
2023,66,Female,Chronic lower respiratory disease,1655
2023,66,Female,Diabetes,862
2023,66,Female,Drug overdose,370
2023,66,Female,Heart disease,3971
2023,66,Female,Homicide,43
2023,66,Female,Other causes,6254
2023,66,Female,Other unintentional injury,272
2023,66,Female,Stroke,943
2023,66,Female,Suicide,81
2023,66,Male,Alcohol-induced,1028
2023,66,Male,Alzheimer disease,190
2023,66,Male,COVID-19,365
2023,66,Male,Cancer,9305
2023,66,Male,Chronic lower respiratory disease,1663
2023,66,Male,Diabetes,1443
2023,66,Male,Drug overdose,922
2023,66,Male,Heart disease,8230
2023,66,Male,Homicide,89
2023,66,Male,Other causes,8142
2023,66,Male,Other unintentional injury,666
2023,66,Male,Stroke,1227
2023,66,Male,Suicide,454
2023,67,Female,Alcohol-induced,325
2023,67,Female,Alzheimer disease,241
2023,67,Female,COVID-19,286
2023,67,Female,Cancer,7731
2023,67,Female,Chronic lower respiratory disease,1643
2023,67,Female,Diabetes,942
2023,67,Female,Drug overdose,284
2023,67,Female,Heart disease,4221
2023,67,Female,Homicide,28
2023,67,Female,Other causes,6595
2023,67,Female,Other unintentional injury,250
2023,67,Female,Stroke,998
2023,67,Female,Suicide,83
2023,67,Male,Alcohol-induced,910
2023,67,Male,Alzheimer disease,216
2023,67,Male,COVID-19,393
2023,67,Male,Cancer,9384
2023,67,Male,Chronic lower respiratory disease,1784
2023,67,Male,Diabetes,1493
2023,67,Male,Drug overdose,811
2023,67,Male,Heart disease,8204
2023,67,Male,Homicide,64
2023,67,Male,Other causes,8527
2023,67,Male,Other unintentional injury,629
2023,67,Male,Stroke,1327
2023,67,Male,Suicide,466
2023,68,Female,Alcohol-induced,272
2023,68,Female,Alzheimer disease,363
2023,68,Female,COVID-19,358
2023,68,Female,Cancer,7864
2023,68,Female,Chronic lower respiratory disease,1717
2023,68,Female,Diabetes,956
2023,68,Female,Drug overdose,273
2023,68,Female,Heart disease,4427
2023,68,Female,Homicide,27
2023,68,Female,Other causes,6899
2023,68,Female,Other unintentional injury,277
2023,68,Female,Stroke,1132
2023,68,Female,Suicide,83
2023,68,Male,Alcohol-induced,840
2023,68,Male,Alzheimer disease,238
2023,68,Male,COVID-19,444
2023,68,Male,Cancer,9806
2023,68,Male,Chronic lower respiratory disease,1933
2023,68,Male,Diabetes,1535
2023,68,Male,Drug overdose,663
2023,68,Male,Heart disease,8536
2023,68,Male,Homicide,66
2023,68,Male,Other causes,8736
2023,68,Male,Other unintentional injury,587
2023,68,Male,Stroke,1450
2023,68,Male,Suicide,415
2023,69,Female,Alcohol-induced,290
2023,69,Female,Alzheimer disease,424
2023,69,Female,COVID-19,362
2023,69,Female,Cancer,8210
2023,69,Female,Chronic lower respiratory disease,1851
2023,69,Female,Diabetes,997
2023,69,Female,Drug overdose,249
2023,69,Female,Heart disease,4581
2023,69,Female,Homicide,30
2023,69,Female,Other causes,7374
2023,69,Female,Other unintentional injury,277
2023,69,Female,Stroke,1197
2023,69,Female,Suicide,67
2023,69,Male,Alcohol-induced,747
2023,69,Male,Alzheimer disease,272
2023,69,Male,COVID-19,461
2023,69,Male,Cancer,9940
2023,69,Male,Chronic lower respiratory disease,1872
2023,69,Male,Diabetes,1530
2023,69,Male,Drug overdose,516
2023,69,Male,Heart disease,8748
2023,69,Male,Homicide,68
2023,69,Male,Other causes,9364
2023,69,Male,Other unintentional injury,601
2023,69,Male,Stroke,1500
2023,69,Male,Suicide,431
2023,70,Female,Alcohol-induced,245
2023,70,Female,Alzheimer disease,480
2023,70,Female,COVID-19,436
2023,70,Female,Cancer,8139
2023,70,Female,Chronic lower respiratory disease,1895
2023,70,Female,Diabetes,1029
2023,70,Female,Drug overdose,156
2023,70,Female,Heart disease,4742
2023,70,Female,Homicide,27
2023,70,Female,Other causes,7834
2023,70,Female,Other unintentional injury,267
2023,70,Female,Stroke,1265
2023,70,Female,Suicide,64
2023,70,Male,Alcohol-induced,644
2023,70,Male,Alzheimer disease,339
2023,70,Male,COVID-19,518
2023,70,Male,Cancer,10120
2023,70,Male,Chronic lower respiratory disease,1965
2023,70,Male,Diabetes,1600
2023,70,Male,Drug overdose,462
2023,70,Male,Heart disease,8847
2023,70,Male,Homicide,46
2023,70,Male,Other causes,9503
2023,70,Male,Other unintentional injury,551
2023,70,Male,Stroke,1516
2023,70,Male,Suicide,373
2023,71,Female,Alcohol-induced,193
2023,71,Female,Alzheimer disease,639
2023,71,Female,COVID-19,412
2023,71,Female,Cancer,8473
2023,71,Female,Chronic lower respiratory disease,2005
2023,71,Female,Diabetes,1070
2023,71,Female,Drug overdose,116
2023,71,Female,Heart disease,5142
2023,71,Female,Homicide,28
2023,71,Female,Other causes,8348
2023,71,Female,Other unintentional injury,272
2023,71,Female,Stroke,1359
2023,71,Female,Suicide,74
2023,71,Male,Alcohol-induced,597
2023,71,Male,Alzheimer disease,437
2023,71,Male,COVID-19,544
2023,71,Male,Cancer,10309
2023,71,Male,Chronic lower respiratory disease,2107
2023,71,Male,Diabetes,1585
2023,71,Male,Drug overdose,349
2023,71,Male,Heart disease,9097
2023,71,Male,Homicide,54
2023,71,Male,Other causes,9976
2023,71,Male,Other unintentional injury,525
2023,71,Male,Stroke,1600
2023,71,Male,Suicide,370
2023,72,Female,Alcohol-induced,181
2023,72,Female,Alzheimer disease,775
2023,72,Female,COVID-19,485
2023,72,Female,Cancer,8549
2023,72,Female,Chronic lower respiratory disease,2165
2023,72,Female,Diabetes,1089
2023,72,Female,Drug overdose,98
2023,72,Female,Heart disease,5314
2023,72,Female,Homicide,27
2023,72,Female,Other causes,8829
2023,72,Female,Other unintentional injury,251
2023,72,Female,Stroke,1520
2023,72,Female,Suicide,90
2023,72,Male,Alcohol-induced,538
2023,72,Male,Alzheimer disease,476
2023,72,Male,COVID-19,582
2023,72,Male,Cancer,10543
2023,72,Male,Chronic lower respiratory disease,2087
2023,72,Male,Diabetes,1588
2023,72,Male,Drug overdose,265
2023,72,Male,Heart disease,9129
2023,72,Male,Homicide,55
2023,72,Male,Other causes,10264
2023,72,Male,Other unintentional injury,510
2023,72,Male,Stroke,1621
2023,72,Male,Suicide,376
2023,73,Female,Alcohol-induced,146
2023,73,Female,Alzheimer disease,947
2023,73,Female,COVID-19,529
2023,73,Female,Cancer,8561
2023,73,Female,Chronic lower respiratory disease,2240
2023,73,Female,Diabetes,1235
2023,73,Female,Drug overdose,116
2023,73,Female,Heart disease,5605
2023,73,Female,Homicide,32
2023,73,Female,Other causes,9415
2023,73,Female,Other unintentional injury,283
2023,73,Female,Stroke,1676
2023,73,Female,Suicide,49
2023,73,Male,Alcohol-induced,480
2023,73,Male,Alzheimer disease,562
2023,73,Male,COVID-19,596
2023,73,Male,Cancer,10558
2023,73,Male,Chronic lower respiratory disease,2274
2023,73,Male,Diabetes,1609
2023,73,Male,Drug overdose,200
2023,73,Male,Heart disease,9217
2023,73,Male,Homicide,40
2023,73,Male,Other causes,10697
2023,73,Male,Other unintentional injury,465
2023,73,Male,Stroke,1719
2023,73,Male,Suicide,360
2023,74,Female,Alcohol-induced,124
2023,74,Female,Alzheimer disease,1065
2023,74,Female,COVID-19,506
2023,74,Female,Cancer,9213
2023,74,Female,Chronic lower respiratory disease,2361
2023,74,Female,Diabetes,1169
2023,74,Female,Drug overdose,102
2023,74,Female,Heart disease,6204
2023,74,Female,Homicide,24
2023,74,Female,Other causes,10275
2023,74,Female,Other unintentional injury,290
2023,74,Female,Stroke,1773
2023,74,Female,Suicide,53
2023,74,Male,Alcohol-induced,450
2023,74,Male,Alzheimer disease,672
2023,74,Male,COVID-19,734
2023,74,Male,Cancer,10842
2023,74,Male,Chronic lower respiratory disease,2365
2023,74,Male,Diabetes,1604
2023,74,Male,Drug overdose,156
2023,74,Male,Heart disease,9721
2023,74,Male,Homicide,38
2023,74,Male,Other causes,11449
2023,74,Male,Other unintentional injury,488
2023,74,Male,Stroke,1854
2023,74,Male,Suicide,374
2023,75,Female,Alcohol-induced,139
2023,75,Female,Alzheimer disease,1315
2023,75,Female,COVID-19,616
2023,75,Female,Cancer,9488
2023,75,Female,Chronic lower respiratory disease,2510
2023,75,Female,Diabetes,1242
2023,75,Female,Drug overdose,79
2023,75,Female,Heart disease,6764
2023,75,Female,Homicide,18
2023,75,Female,Other causes,11328
2023,75,Female,Other unintentional injury,260
2023,75,Female,Stroke,2065
2023,75,Female,Suicide,58
2023,75,Male,Alcohol-induced,384
2023,75,Male,Alzheimer disease,823
2023,75,Male,COVID-19,754
2023,75,Male,Cancer,11326
2023,75,Male,Chronic lower respiratory disease,2536
2023,75,Male,Diabetes,1721
2023,75,Male,Drug overdose,140
2023,75,Male,Heart disease,10117
2023,75,Male,Homicide,22
2023,75,Male,Other causes,12209
2023,75,Male,Other unintentional injury,487
2023,75,Male,Stroke,1994
2023,75,Male,Suicide,378
2023,76,Female,Alcohol-induced,131
2023,76,Female,Alzheimer disease,1628
2023,76,Female,COVID-19,675
2023,76,Female,Cancer,10043
2023,76,Female,Chronic lower respiratory disease,2852
2023,76,Female,Diabetes,1354
2023,76,Female,Drug overdose,64
2023,76,Female,Heart disease,7583
2023,76,Female,Homicide,15
2023,76,Female,Other causes,12749
2023,76,Female,Other unintentional injury,288
2023,76,Female,Stroke,2227
2023,76,Female,Suicide,51
2023,76,Male,Alcohol-induced,325
2023,76,Male,Alzheimer disease,975
2023,76,Male,COVID-19,831
2023,76,Male,Cancer,11835
2023,76,Male,Chronic lower respiratory disease,2846
2023,76,Male,Diabetes,1801
2023,76,Male,Drug overdose,106
2023,76,Male,Heart disease,11036
2023,76,Male,Homicide,36
2023,76,Male,Other causes,13466
2023,76,Male,Other unintentional injury,505
2023,76,Male,Stroke,2246
2023,76,Male,Suicide,413
2023,77,Female,Alcohol-induced,98
2023,77,Female,Alzheimer disease,1531
2023,77,Female,COVID-19,597
2023,77,Female,Cancer,8215
2023,77,Female,Chronic lower respiratory disease,2419
2023,77,Female,Diabetes,1046
2023,77,Female,Drug overdose,53
2023,77,Female,Heart disease,6431
2023,77,Female,Homicide,16
2023,77,Female,Other causes,10935
2023,77,Female,Other unintentional injury,232
2023,77,Female,Stroke,1952
2023,77,Female,Suicide,48
2023,77,Male,Alcohol-induced,267
2023,77,Male,Alzheimer disease,924
2023,77,Male,COVID-19,718
2023,77,Male,Cancer,9684
2023,77,Male,Chronic lower respiratory disease,2330
2023,77,Male,Diabetes,1490
2023,77,Male,Drug overdose,83
2023,77,Male,Heart disease,9031
2023,77,Male,Homicide,16
2023,77,Male,Other causes,11468
2023,77,Male,Other unintentional injury,342
2023,77,Male,Stroke,1900
2023,77,Male,Suicide,294
2023,78,Female,Alcohol-induced,67
2023,78,Female,Alzheimer disease,1802
2023,78,Female,COVID-19,565
2023,78,Female,Cancer,8121
2023,78,Female,Chronic lower respiratory disease,2557
2023,78,Female,Diabetes,1093
2023,78,Female,Drug overdose,57
2023,78,Female,Heart disease,6743
2023,78,Female,Homicide,25
2023,78,Female,Other causes,11443
2023,78,Female,Other unintentional injury,208
2023,78,Female,Stroke,2239
2023,78,Female,Suicide,38
2023,78,Male,Alcohol-induced,218
2023,78,Male,Alzheimer disease,998
2023,78,Male,COVID-19,791
2023,78,Male,Cancer,9438
2023,78,Male,Chronic lower respiratory disease,2308
2023,78,Male,Diabetes,1425
2023,78,Male,Drug overdose,54
2023,78,Male,Heart disease,9108
2023,78,Male,Homicide,21
2023,78,Male,Other causes,11750
2023,78,Male,Other unintentional injury,410
2023,78,Male,Stroke,1905
2023,78,Male,Suicide,300
2023,79,Female,Alcohol-induced,80
2023,79,Female,Alzheimer disease,2056
2023,79,Female,COVID-19,724
2023,79,Female,Cancer,8462
2023,79,Female,Chronic lower respiratory disease,2683
2023,79,Female,Diabetes,1087
2023,79,Female,Drug overdose,35
2023,79,Female,Heart disease,7427
2023,79,Female,Homicide,18
2023,79,Female,Other causes,12708
2023,79,Female,Other unintentional injury,280
2023,79,Female,Stroke,2545
2023,79,Female,Suicide,37
2023,79,Male,Alcohol-induced,216
2023,79,Male,Alzheimer disease,1280
2023,79,Male,COVID-19,884
2023,79,Male,Cancer,9703
2023,79,Male,Chronic lower respiratory disease,2494
2023,79,Male,Diabetes,1523
2023,79,Male,Drug overdose,59
2023,79,Male,Heart disease,9959
2023,79,Male,Homicide,19
2023,79,Male,Other causes,12906
2023,79,Male,Other unintentional injury,379
2023,79,Male,Stroke,2111
2023,79,Male,Suicide,284
2023,80,Female,Alcohol-induced,71
2023,80,Female,Alzheimer disease,2528
2023,80,Female,COVID-19,760
2023,80,Female,Cancer,9041
2023,80,Female,Chronic lower respiratory disease,2970
2023,80,Female,Diabetes,1218
2023,80,Female,Drug overdose,51
2023,80,Female,Heart disease,8379
2023,80,Female,Homicide,15
2023,80,Female,Other causes,14037
2023,80,Female,Other unintentional injury,272
2023,80,Female,Stroke,2816
2023,80,Female,Suicide,31
2023,80,Male,Alcohol-induced,179
2023,80,Male,Alzheimer disease,1509
2023,80,Male,COVID-19,984
2023,80,Male,Cancer,10140
2023,80,Male,Chronic lower respiratory disease,2548
2023,80,Male,Diabetes,1439
2023,80,Male,Drug overdose,47
2023,80,Male,Heart disease,10765
2023,80,Male,Homicide,19
2023,80,Male,Other causes,13884
2023,80,Male,Other unintentional injury,367
2023,80,Male,Stroke,2401
2023,80,Male,Suicide,324
2023,81,Female,Alcohol-induced,40
2023,81,Female,Alzheimer disease,2690
2023,81,Female,COVID-19,696
2023,81,Female,Cancer,7949
2023,81,Female,Chronic lower respiratory disease,2713
2023,81,Female,Diabetes,1078
2023,81,Female,Drug overdose,30
2023,81,Female,Heart disease,8260
2023,81,Female,Homicide,17
2023,81,Female,Other causes,13799
2023,81,Female,Other unintentional injury,271
2023,81,Female,Stroke,2789
2023,81,Female,Suicide,27
2023,81,Male,Alcohol-induced,150
2023,81,Male,Alzheimer disease,1443
2023,81,Male,COVID-19,920
2023,81,Male,Cancer,8934
2023,81,Male,Chronic lower respiratory disease,2418
2023,81,Male,Diabetes,1348
2023,81,Male,Drug overdose,34
2023,81,Male,Heart disease,10190
2023,81,Male,Homicide,19
2023,81,Male,Other causes,13438
2023,81,Male,Other unintentional injury,311
2023,81,Male,Stroke,2281
2023,81,Male,Suicide,274
2023,82,Female,Alcohol-induced,43
2023,82,Female,Alzheimer disease,2833
2023,82,Female,COVID-19,725
2023,82,Female,Cancer,7575
2023,82,Female,Chronic lower respiratory disease,2731
2023,82,Female,Diabetes,1094
2023,82,Female,Drug overdose,25
2023,82,Female,Heart disease,8250
2023,82,Female,Homicide,14
2023,82,Female,Other causes,13783
2023,82,Female,Other unintentional injury,234
2023,82,Female,Stroke,2832
2023,82,Female,Suicide,31
2023,82,Male,Alcohol-induced,132
2023,82,Male,Alzheimer disease,1620
2023,82,Male,COVID-19,879
2023,82,Male,Cancer,8453
2023,82,Male,Chronic lower respiratory disease,2210
2023,82,Male,Diabetes,1273
2023,82,Male,Drug overdose,37
2023,82,Male,Heart disease,9790
2023,82,Male,Homicide,14
2023,82,Male,Other causes,13069
2023,82,Male,Other unintentional injury,319
2023,82,Male,Stroke,2212
2023,82,Male,Suicide,244
2023,83,Female,Alcohol-induced,46
2023,83,Female,Alzheimer disease,2982
2023,83,Female,COVID-19,767
2023,83,Female,Cancer,7145
2023,83,Female,Chronic lower respiratory disease,2526
2023,83,Female,Diabetes,1087
2023,83,Female,Drug overdose,30
2023,83,Female,Heart disease,8448
2023,83,Female,Homicide,13
2023,83,Female,Other causes,13962
2023,83,Female,Other unintentional injury,266
2023,83,Female,Stroke,3016
2023,83,Female,Suicide,31
2023,83,Male,Alcohol-induced,102
2023,83,Male,Alzheimer disease,1572
2023,83,Male,COVID-19,905
2023,83,Male,Cancer,7883
2023,83,Male,Chronic lower respiratory disease,2169
2023,83,Male,Diabetes,1179
2023,83,Male,Drug overdose,30
2023,83,Male,Heart disease,9804
2023,83,Male,Homicide,9
2023,83,Male,Other causes,12696
2023,83,Male,Other unintentional injury,297
2023,83,Male,Stroke,2123
2023,83,Male,Suicide,199
2023,84,Female,Alcohol-induced,29
2023,84,Female,Alzheimer disease,3154
2023,84,Female,COVID-19,717
2023,84,Female,Cancer,6994
2023,84,Female,Chronic lower respiratory disease,2620
2023,84,Female,Diabetes,1040
2023,84,Female,Drug overdose,20
2023,84,Female,Heart disease,8961
2023,84,Female,Homicide,8
2023,84,Female,Other causes,14865
2023,84,Female,Other unintentional injury,272
2023,84,Female,Stroke,3059
2023,84,Female,Suicide,12
2023,84,Male,Alcohol-induced,78
2023,84,Male,Alzheimer disease,1756
2023,84,Male,COVID-19,944
2023,84,Male,Cancer,7584
2023,84,Male,Chronic lower respiratory disease,2051
2023,84,Male,Diabetes,1109
2023,84,Male,Drug overdose,25
2023,84,Male,Heart disease,9531
2023,84,Male,Homicide,10
2023,84,Male,Other causes,12817
2023,84,Male,Other unintentional injury,286
2023,84,Male,Stroke,2228
2023,84,Male,Suicide,200
2023,85,Female,Alcohol-induced,28
2023,85,Female,Alzheimer disease,3381
2023,85,Female,COVID-19,799
2023,85,Female,Cancer,6740
2023,85,Female,Chronic lower respiratory disease,2322
2023,85,Female,Diabetes,1017
2023,85,Female,Drug overdose,20
2023,85,Female,Heart disease,9646
2023,85,Female,Homicide,10
2023,85,Female,Other causes,15519
2023,85,Female,Other unintentional injury,210
2023,85,Female,Stroke,3317
2023,85,Female,Suicide,16
2023,85,Male,Alcohol-induced,82
2023,85,Male,Alzheimer disease,1749
2023,85,Male,COVID-19,915
2023,85,Male,Cancer,7247
2023,85,Male,Chronic lower respiratory disease,1873
2023,85,Male,Diabetes,1088
2023,85,Male,Drug overdose,19
2023,85,Male,Heart disease,9962
2023,85,Male,Homicide,4
2023,85,Male,Other causes,12853
2023,85,Male,Other unintentional injury,258
2023,85,Male,Stroke,2222
2023,85,Male,Suicide,183
2023,86,Female,Alcohol-induced,18
2023,86,Female,Alzheimer disease,3503
2023,86,Female,COVID-19,818
2023,86,Female,Cancer,6001
2023,86,Female,Chronic lower respiratory disease,2316
2023,86,Female,Diabetes,1024
2023,86,Female,Drug overdose,20
2023,86,Female,Heart disease,9562
2023,86,Female,Homicide,8
2023,86,Female,Other causes,15571
2023,86,Female,Other unintentional injury,231
2023,86,Female,Stroke,3251
2023,86,Female,Suicide,14
2023,86,Male,Alcohol-induced,55
2023,86,Male,Alzheimer disease,1843
2023,86,Male,COVID-19,935
2023,86,Male,Cancer,6379
2023,86,Male,Chronic lower respiratory disease,1768
2023,86,Male,Diabetes,1007
2023,86,Male,Drug overdose,17
2023,86,Male,Heart disease,9590
2023,86,Male,Homicide,9
2023,86,Male,Other causes,12619
2023,86,Male,Other unintentional injury,244
2023,86,Male,Stroke,2162
2023,86,Male,Suicide,186
2023,87,Female,Alcohol-induced,16
2023,87,Female,Alzheimer disease,3722
2023,87,Female,COVID-19,846
2023,87,Female,Cancer,5762
2023,87,Female,Chronic lower respiratory disease,2192
2023,87,Female,Diabetes,908
2023,87,Female,Drug overdose,17
2023,87,Female,Heart disease,10053
2023,87,Female,Homicide,4
2023,87,Female,Other causes,15592
2023,87,Female,Other unintentional injury,197
2023,87,Female,Stroke,3515
2023,87,Female,Suicide,14
2023,87,Male,Alcohol-induced,49
2023,87,Male,Alzheimer disease,1908
2023,87,Male,COVID-19,885
2023,87,Male,Cancer,5880
2023,87,Male,Chronic lower respiratory disease,1531
2023,87,Male,Diabetes,960
2023,87,Male,Drug overdose,12
2023,87,Male,Heart disease,9647
2023,87,Male,Homicide,7
2023,87,Male,Other causes,12334
2023,87,Male,Other unintentional injury,219
2023,87,Male,Stroke,2190
2023,87,Male,Suicide,142
2023,88,Female,Alcohol-induced,17
2023,88,Female,Alzheimer disease,3918
2023,88,Female,COVID-19,886
2023,88,Female,Cancer,5291
2023,88,Female,Chronic lower respiratory disease,2108
2023,88,Female,Diabetes,908
2023,88,Female,Drug overdose,22
2023,88,Female,Heart disease,10712
2023,88,Female,Homicide,7
2023,88,Female,Other causes,15981
2023,88,Female,Other unintentional injury,233
2023,88,Female,Stroke,3522
2023,88,Female,Suicide,13
2023,88,Male,Alcohol-induced,37
2023,88,Male,Alzheimer disease,1834
2023,88,Male,COVID-19,906
2023,88,Male,Cancer,5496
2023,88,Male,Chronic lower respiratory disease,1452
2023,88,Male,Diabetes,852
2023,88,Male,Drug overdose,17
2023,88,Male,Heart disease,9459
2023,88,Male,Homicide,4
2023,88,Male,Other causes,12008
2023,88,Male,Other unintentional injury,218
2023,88,Male,Stroke,2126
2023,88,Male,Suicide,138
2023,89,Female,Alcohol-induced,12
2023,89,Female,Alzheimer disease,3760
2023,89,Female,COVID-19,749
2023,89,Female,Cancer,4696
2023,89,Female,Chronic lower respiratory disease,1937
2023,89,Female,Diabetes,843
2023,89,Female,Drug overdose,14
2023,89,Female,Heart disease,10395
2023,89,Female,Homicide,4
2023,89,Female,Other causes,15452
2023,89,Female,Other unintentional injury,172
2023,89,Female,Stroke,3364
2023,89,Female,Suicide,15
2023,89,Male,Alcohol-induced,26
2023,89,Male,Alzheimer disease,1832
2023,89,Male,COVID-19,850
2023,89,Male,Cancer,4824
2023,89,Male,Chronic lower respiratory disease,1372
2023,89,Male,Diabetes,735
2023,89,Male,Drug overdose,9
2023,89,Male,Heart disease,8733
2023,89,Male,Homicide,4
2023,89,Male,Other causes,10810
2023,89,Male,Other unintentional injury,174
2023,89,Male,Stroke,1945
2023,89,Male,Suicide,111
2023,90,Female,Alcohol-induced,8
2023,90,Female,Alzheimer disease,3805
2023,90,Female,COVID-19,787
2023,90,Female,Cancer,4322
2023,90,Female,Chronic lower respiratory disease,1864
2023,90,Female,Diabetes,821
2023,90,Female,Drug overdose,10
2023,90,Female,Heart disease,10719
2023,90,Female,Homicide,3
2023,90,Female,Other causes,15440
2023,90,Female,Other unintentional injury,191
2023,90,Female,Stroke,3423
2023,90,Female,Suicide,5
2023,90,Male,Alcohol-induced,30
2023,90,Male,Alzheimer disease,1670
2023,90,Male,COVID-19,708
2023,90,Male,Cancer,4184
2023,90,Male,Chronic lower respiratory disease,1235
2023,90,Male,Diabetes,656
2023,90,Male,Drug overdose,6
2023,90,Male,Heart disease,8602
2023,90,Male,Homicide,1
2023,90,Male,Other causes,10388
2023,90,Male,Other unintentional injury,172
2023,90,Male,Stroke,1885
2023,90,Male,Suicide,91
2023,91,Female,Alcohol-induced,14
2023,91,Female,Alzheimer disease,3895
2023,91,Female,COVID-19,760
2023,91,Female,Cancer,3841
2023,91,Female,Chronic lower respiratory disease,1678
2023,91,Female,Diabetes,725
2023,91,Female,Drug overdose,11
2023,91,Female,Heart disease,10870
2023,91,Female,Homicide,4
2023,91,Female,Other causes,15344
2023,91,Female,Other unintentional injury,165
2023,91,Female,Stroke,3408
2023,91,Female,Suicide,8
2023,91,Male,Alcohol-induced,18
2023,91,Male,Alzheimer disease,1531
2023,91,Male,COVID-19,719
2023,91,Male,Cancer,3672
2023,91,Male,Chronic lower respiratory disease,1071
2023,91,Male,Diabetes,585
2023,91,Male,Drug overdose,7
2023,91,Male,Heart disease,8284
2023,91,Male,Homicide,2
2023,91,Male,Other causes,9611
2023,91,Male,Other unintentional injury,144
2023,91,Male,Stroke,1773
2023,91,Male,Suicide,87
2023,92,Female,Alcohol-induced,16
2023,92,Female,Alzheimer disease,3713
2023,92,Female,COVID-19,768
2023,92,Female,Cancer,3564
2023,92,Female,Chronic lower respiratory disease,1527
2023,92,Female,Diabetes,642
2023,92,Female,Drug overdose,12
2023,92,Female,Heart disease,10755
2023,92,Female,Homicide,5
2023,92,Female,Other causes,14802
2023,92,Female,Other unintentional injury,159
2023,92,Female,Stroke,3383
2023,92,Female,Suicide,8
2023,92,Male,Alcohol-induced,13
2023,92,Male,Alzheimer disease,1423
2023,92,Male,COVID-19,669
2023,92,Male,Cancer,3095
2023,92,Male,Chronic lower respiratory disease,946
2023,92,Male,Diabetes,502
2023,92,Male,Drug overdose,5
2023,92,Male,Heart disease,7510
2023,92,Male,Homicide,1
2023,92,Male,Other causes,8783
2023,92,Male,Other unintentional injury,109
2023,92,Male,Stroke,1591
2023,92,Male,Suicide,66
2023,93,Female,Alcohol-induced,9
2023,93,Female,Alzheimer disease,3534
2023,93,Female,COVID-19,731
2023,93,Female,Cancer,2962
2023,93,Female,Chronic lower respiratory disease,1333
2023,93,Female,Diabetes,562
2023,93,Female,Drug overdose,10
2023,93,Female,Heart disease,10253
2023,93,Female,Homicide,3
2023,93,Female,Other causes,13990
2023,93,Female,Other unintentional injury,128
2023,93,Female,Stroke,3077
2023,93,Female,Suicide,5
2023,93,Male,Alcohol-induced,9
2023,93,Male,Alzheimer disease,1271
2023,93,Male,COVID-19,635
2023,93,Male,Cancer,2626
2023,93,Male,Chronic lower respiratory disease,842
2023,93,Male,Diabetes,412
2023,93,Male,Drug overdose,2
2023,93,Male,Heart disease,6786
2023,93,Male,Other causes,7568
2023,93,Male,Other unintentional injury,100
2023,93,Male,Stroke,1425
2023,93,Male,Suicide,55
2023,94,Female,Alcohol-induced,7
2023,94,Female,Alzheimer disease,3155
2023,94,Female,COVID-19,628
2023,94,Female,Cancer,2440
2023,94,Female,Chronic lower respiratory disease,1084
2023,94,Female,Diabetes,445
2023,94,Female,Drug overdose,4
2023,94,Female,Heart disease,9350
2023,94,Female,Homicide,1
2023,94,Female,Other causes,12741
2023,94,Female,Other unintentional injury,120
2023,94,Female,Stroke,2797
2023,94,Female,Suicide,3
2023,94,Male,Alcohol-induced,3
2023,94,Male,Alzheimer disease,1049
2023,94,Male,COVID-19,551
2023,94,Male,Cancer,2021
2023,94,Male,Chronic lower respiratory disease,625
2023,94,Male,Diabetes,330
2023,94,Male,Heart disease,5723
2023,94,Male,Homicide,1
2023,94,Male,Other causes,6199
2023,94,Male,Other unintentional injury,69
2023,94,Male,Stroke,1147
2023,94,Male,Suicide,45
2023,95,Female,Alcohol-induced,4
2023,95,Female,Alzheimer disease,2949
2023,95,Female,COVID-19,567
2023,95,Female,Cancer,1976
2023,95,Female,Chronic lower respiratory disease,905
2023,95,Female,Diabetes,440
2023,95,Female,Drug overdose,6
2023,95,Female,Heart disease,8545
2023,95,Female,Homicide,2
2023,95,Female,Other causes,11282
2023,95,Female,Other unintentional injury,100
2023,95,Female,Stroke,2488
2023,95,Female,Suicide,2
2023,95,Male,Alcohol-induced,5
2023,95,Male,Alzheimer disease,821
2023,95,Male,COVID-19,406
2023,95,Male,Cancer,1494
2023,95,Male,Chronic lower respiratory disease,469
2023,95,Male,Diabetes,263
2023,95,Male,Drug overdose,4
2023,95,Male,Heart disease,4829
2023,95,Male,Homicide,1
2023,95,Male,Other causes,5236
2023,95,Male,Other unintentional injury,67
2023,95,Male,Stroke,959
2023,95,Male,Suicide,36
2023,96,Female,Alcohol-induced,3
2023,96,Female,Alzheimer disease,2426
2023,96,Female,COVID-19,521
2023,96,Female,Cancer,1536
2023,96,Female,Chronic lower respiratory disease,820
2023,96,Female,Diabetes,329
2023,96,Female,Drug overdose,4
2023,96,Female,Heart disease,7359
2023,96,Female,Homicide,2
2023,96,Female,Other causes,9842
2023,96,Female,Other unintentional injury,102
2023,96,Female,Stroke,2198
2023,96,Female,Suicide,2
2023,96,Male,Alcohol-induced,2
2023,96,Male,Alzheimer disease,683
2023,96,Male,COVID-19,357
2023,96,Male,Cancer,1073
2023,96,Male,Chronic lower respiratory disease,400
2023,96,Male,Diabetes,201
2023,96,Male,Drug overdose,2
2023,96,Male,Heart disease,3762
2023,96,Male,Other causes,4102
2023,96,Male,Other unintentional injury,33
2023,96,Male,Stroke,734
2023,96,Male,Suicide,25
2023,97,Female,Alcohol-induced,1
2023,97,Female,Alzheimer disease,2038
2023,97,Female,COVID-19,419
2023,97,Female,Cancer,1187
2023,97,Female,Chronic lower respiratory disease,636
2023,97,Female,Diabetes,272
2023,97,Female,Drug overdose,2
2023,97,Female,Heart disease,6160
2023,97,Female,Homicide,3
2023,97,Female,Other causes,8126
2023,97,Female,Other unintentional injury,77
2023,97,Female,Stroke,1797
2023,97,Female,Suicide,1
2023,97,Male,Alzheimer disease,475
2023,97,Male,COVID-19,255
2023,97,Male,Cancer,801
2023,97,Male,Chronic lower respiratory disease,294
2023,97,Male,Diabetes,153
2023,97,Male,Drug overdose,1
2023,97,Male,Heart disease,2941
2023,97,Male,Other causes,3126
2023,97,Male,Other unintentional injury,30
2023,97,Male,Stroke,579
2023,97,Male,Suicide,9
2023,98,Female,Alzheimer disease,1694
2023,98,Female,COVID-19,356
2023,98,Female,Cancer,809
2023,98,Female,Chronic lower respiratory disease,451
2023,98,Female,Diabetes,172
2023,98,Female,Drug overdose,3
2023,98,Female,Heart disease,5018
2023,98,Female,Homicide,1
2023,98,Female,Other causes,6556
2023,98,Female,Other unintentional injury,67
2023,98,Female,Stroke,1403
2023,98,Female,Suicide,1
2023,98,Male,Alzheimer disease,359
2023,98,Male,COVID-19,200
2023,98,Male,Cancer,548
2023,98,Male,Chronic lower respiratory disease,234
2023,98,Male,Diabetes,91
2023,98,Male,Drug overdose,1
2023,98,Male,Heart disease,2214
2023,98,Male,Homicide,1
2023,98,Male,Other causes,2252
2023,98,Male,Other unintentional injury,14
2023,98,Male,Stroke,408
2023,98,Male,Suicide,3
2023,99,Female,Alzheimer disease,1230
2023,99,Female,COVID-19,275
2023,99,Female,Cancer,583
2023,99,Female,Chronic lower respiratory disease,354
2023,99,Female,Diabetes,139
2023,99,Female,Heart disease,3778
2023,99,Female,Other causes,5065
2023,99,Female,Other unintentional injury,43
2023,99,Female,Stroke,1175
2023,99,Female,Suicide,1
2023,99,Male,Alzheimer disease,221
2023,99,Male,COVID-19,107
2023,99,Male,Cancer,344
2023,99,Male,Chronic lower respiratory disease,153
2023,99,Male,Diabetes,58
2023,99,Male,Heart disease,1485
2023,99,Male,Homicide,1
2023,99,Male,Other causes,1496
2023,99,Male,Other unintentional injury,12
2023,99,Male,Stroke,284
2023,99,Male,Suicide,5
