year,population,sex,window,age_min,age_max,centered_age,mortality_at_center,beta,beta_se,beta_ci_low,beta_ci_high,doubling_time,doubling_ci_low,doubling_ci_high,r_squared,rmse_log,n_ages
2005,Total,Both,30–49,30,49,50,0.004319387673335316,0.07662086871696719,0.002037175761144171,0.07234092126053458,0.0809008161733998,9.046454212368548,8.567863877594009,9.58167477662591,0.987435531758173,0.049837996764048514,20
2005,Total,Male,30–49,30,49,50,0.005303721755953536,0.07234357732493424,0.0026323431326243994,0.0668132296201265,0.07787392502974198,9.581322989415431,8.90088922954911,10.374400167465412,0.9767228977940634,0.06439832587244089,20
2005,Total,Female,30–49,30,49,50,0.0033961341745654223,0.08546234834936797,0.001029959734628551,0.08329848324232604,0.0876262134564099,8.110556215075869,7.9102719747756165,8.321246120934648,0.9973924692497375,0.02519720237231179,20
2006,Total,Both,30–49,30,49,50,0.004212994227317257,0.07489140598825027,0.0021284614926924826,0.07041967432644829,0.07936313765005225,9.25536343474034,8.73386815446162,9.843089835188465,0.9856691712767801,0.052071234602571265,20
2006,Total,Male,30–49,30,49,50,0.005122790167613543,0.06955078437286506,0.002769111962132656,0.06373309601972546,0.07536847272600466,9.96605842493379,9.196778911519408,10.875780777155647,0.9722584204518319,0.06774427402893518,20
2006,Total,Female,30–49,30,49,50,0.0033711454707021186,0.08577897284412674,0.0010486453959191924,0.08357585061944281,0.08798209506881066,8.080618799428827,7.878275460681357,8.29362998309339,0.9973171190314236,0.025654333241772978,20
2007,Total,Both,30–49,30,49,50,0.004076441520650724,0.07396688096728712,0.0021962213508746604,0.06935279112598661,0.07858097080858764,9.371047845947421,8.820801950237492,9.99451023248323,0.9843788718287431,0.05372892936667893,20
2007,Total,Male,30–49,30,49,50,0.004950417065534905,0.06856950433327029,0.002768010497974098,0.06275413007045794,0.07438487859608264,10.108680050989177,9.318388275173561,11.045443220736328,0.9715035766273327,0.06771732752377006,20
2007,Total,Female,30–49,30,49,50,0.0032648304697744986,0.084803169809167,0.0010940071724100627,0.08250474602846891,0.08710159358986508,8.173599903396747,7.957916175721935,8.401300699971483,0.9970133135631799,0.026764075519824508,20
2008,Total,Both,30–49,30,49,50,0.0040225455601399455,0.07442715274467782,0.002498082063406603,0.06917887707933608,0.07967542841001955,9.313095489999263,8.69963543833018,10.019636192779288,0.9801251154280547,0.06111372821482096,20
2008,Total,Male,30–49,30,49,50,0.004816366351887817,0.0681011587409607,0.0031154777882467506,0.061555782789751705,0.07464653469216971,10.178199510473807,9.285724828598845,11.260472195235343,0.9636961290096956,0.07621785753130123,20
2008,Total,Female,30–49,30,49,50,0.0032976208177843466,0.08685921903100371,0.001377791502021669,0.08396458649754959,0.08975385156445784,7.98012218268428,7.722756945557407,8.25523246732328,0.9954913640967977,0.03370664904275285,20
2009,Total,Both,30–49,30,49,50,0.003948692640058744,0.07317566040843174,0.002376282516784794,0.06818327609507911,0.07816804472178436,9.472373418854403,8.867398219144334,10.165941272657193,0.9813718828591355,0.05813399248156693,20
2009,Total,Male,30–49,30,49,50,0.0047296543722328424,0.06761365684252658,0.0027807532545488034,0.061771511041573,0.07345580264348016,10.251585447808235,9.436248133100593,11.22114659124088,0.970453681495456,0.06802906962921243,20
2009,Total,Female,30–49,30,49,50,0.0032211771266917894,0.08371829205780495,0.0016092640889437263,0.08033735366477467,0.08709923045083524,8.279518890344157,7.958132086496503,8.627956348329008,0.9933929514223875,0.03936945451001808,20
2010,Total,Both,30–49,30,49,50,0.003732119784485225,0.07130025733824709,0.0029467325504707936,0.06510940197626731,0.07749111270022686,9.721524247404439,8.944860338260648,10.645884611451365,0.9701722429861713,0.07208963022041699,20
2010,Total,Male,30–49,30,49,50,0.00448089606789856,0.06601336056845152,0.003633942095973674,0.05837873152606071,0.07364798961084232,10.50010444236053,9.41162391835203,11.873282656895672,0.9482751549071604,0.08890170297243126,20
2010,Total,Female,30–49,30,49,50,0.003036378604309777,0.08151243673771111,0.0016445244900208332,0.07805741899091019,0.08496745448451203,8.503575752376767,8.157796238161907,8.879965409062045,0.9927266394011226,0.04023207411717114,20
2011,Total,Both,30–49,30,49,50,0.00369882060029221,0.06955926741448427,0.003030964008809583,0.06319144832519889,0.07592708650376966,9.9648430227086,9.129116004280391,10.969002909900682,0.9669531920657023,0.07415029048753206,20
2011,Total,Male,30–49,30,49,50,0.004416443019999724,0.06430845701975837,0.0035623922856267737,0.05682414855090044,0.07179276548861631,10.778476310619304,9.654833266867996,12.198109399546148,0.9476555866690405,0.08715128983452196,20
2011,Total,Female,30–49,30,49,50,0.003028248656074384,0.07942962417444191,0.0020325221021800306,0.07515945369269483,0.08369979465618899,8.726557474798923,8.281348638992057,9.222355226183824,0.9883509839779311,0.049724148442848407,20
2012,Total,Both,30–49,30,49,50,0.0035998777067648806,0.06786116370874795,0.002910339124335171,0.06174676809785638,0.07397555931963952,10.214195316998255,9.369948492919661,11.22564308890539,0.967954143898012,0.07119929199404762,20
2012,Total,Male,30–49,30,49,50,0.004273553284370061,0.06179015831913845,0.0034029247729539546,0.054640878662357256,0.06893943797591964,11.217760229386801,10.054436196623183,12.685505751895285,0.9482329260885078,0.08325003519948,20
2012,Total,Female,30–49,30,49,50,0.002978009597821935,0.07930104558898192,0.001923620295678755,0.07525966931273544,0.0833424218652284,8.740706700798546,8.31685911024786,9.210074757033924,0.9895196018714013,0.04705994637274263,20
2013,Total,Both,30–49,30,49,50,0.003587588461877986,0.06672170961416062,0.002845362214760897,0.060743825424700394,0.07269959380362084,10.388630395837996,9.534402385139911,11.41098993541637,0.9683025469128531,0.06960968000726366,20
2013,Total,Male,30–49,30,49,50,0.004262693122394237,0.06077045697327012,0.003464497036751427,0.053491818790409276,0.06804909515613096,11.40598927641479,10.185986734571523,12.958003601930654,0.9447316674019819,0.08475635504797951,20
2013,Total,Female,30–49,30,49,50,0.0029665993335655345,0.07811843450733875,0.001614052710934331,0.07472743559282602,0.08150943342185149,8.873029585543325,8.503889077139906,9.27567198126211,0.9923743581614022,0.03948660460174015,20
2014,Total,Both,30–49,30,49,50,0.0035460098354894104,0.06422645169710746,0.002448110086836773,0.05908316325873568,0.06936974013547924,10.792238435167395,9.992068288078165,11.731720888479353,0.9745144039194935,0.05989120080502029,20
2014,Total,Male,30–49,30,49,50,0.0041705181539549415,0.05752154453669489,0.0031579144895347,0.05088701238443491,0.06415607668895487,12.050218507567436,10.804076812871534,13.621298403676024,0.9485402217494601,0.07725604001010603,20
2014,Total,Female,30–49,30,49,50,0.002980751356200896,0.07689050762226776,0.001090520222560196,0.07459940965136248,0.07918160559317304,9.014730192250772,8.753891454554033,9.291590694877378,0.9963923460011531,0.026678769873326708,20
2015,Total,Both,30–49,30,49,50,0.0034532797951355066,0.058327661963554864,0.0025341538299462085,0.05300360232885963,0.0636517215982501,11.883678467911976,10.88968472738059,13.077359841682638,0.9671391874753668,0.06199619727731594,20
2015,Total,Male,30–49,30,49,50,0.004084184963954714,0.05162640085669771,0.0029039176866712244,0.045525496185724365,0.05772730552767105,13.426215445154751,12.007267171472114,15.225472287708937,0.9461181164496635,0.07104219627573975,20
2015,Total,Female,30–49,30,49,50,0.0028745138931498804,0.07093434433669081,0.0017438733795754101,0.06727060231815121,0.07459808635523041,9.771672481667173,9.29175551848919,10.303864640333652,0.9892380714113258,0.04266257114672145,20
2016,Total,Both,30–49,30,49,50,0.003464766453474632,0.05254218632919459,0.0022194545958461554,0.04787928525146714,0.057205087406922046,13.192202856141986,12.1168800185431,14.476974268088213,0.9688814470003677,0.05429731350406795,20
2016,Total,Male,30–49,30,49,50,0.004142592934419405,0.04609157765619024,0.002471715437075168,0.04089869621723501,0.05128445909514547,15.038478086610981,13.515735425306607,16.94790408178948,0.950783800828397,0.06046868822227418,20
2016,Total,Female,30–49,30,49,50,0.0028407391078159225,0.0651051687895618,0.0015932859554072564,0.06175779920944019,0.0684525383696834,10.646576814820829,10.125952916698992,11.223637976626472,0.9893347197200331,0.03897856130253221,20
2017,Total,Both,30–49,30,49,50,0.0034459380264202683,0.050288353546107306,0.0021917199828382036,0.045683720728125814,0.0548929863640888,13.783453457557075,12.627244871731097,15.172739205832674,0.9669396700254789,0.05361880673027533,20
2017,Total,Male,30–49,30,49,50,0.004157856708312186,0.04419294277803202,0.002475202327928523,0.03899273565323106,0.04939314990283298,15.684567195296701,14.033265380392137,17.77631574055792,0.9465518730674094,0.060553992425466004,20
2017,Total,Female,30–49,30,49,50,0.0027882877886462295,0.06256850605060725,0.0015215081412030967,0.05937193606234749,0.06576507603886701,11.078212096023316,10.53974574818855,11.674660227216771,0.9894679904449835,0.03722257021905877,20
2018,Total,Both,30–49,30,49,50,0.0034669676249361563,0.05154834924489457,0.0019761512161710583,0.04739660959999166,0.05570008888979748,13.446544665610135,12.444274226049004,14.624404285661548,0.9742282420475336,0.048345076451080826,20
2018,Total,Male,30–49,30,49,50,0.0042389396157686415,0.04661487599623834,0.0021593075704514496,0.042078339129817566,0.05115141286265912,14.869656214807476,13.550890225085992,16.472778985441636,0.9628127316420045,0.05282586105791038,20
2018,Total,Female,30–49,30,49,50,0.0027437250539356266,0.06181335950777277,0.0015195079027565703,0.05862099186455105,0.06500572715099448,11.213549725812669,10.662863272799207,11.824214475277435,0.98923992320716,0.03717363586635013,20
2019,Total,Both,30–49,30,49,50,0.0034980178957744177,0.051005183706686205,0.0015604723125427114,0.04772675303207932,0.05428361438129309,13.589739908516034,12.768994630519918,14.523241924587863,0.983430864786021,0.03817579982358091,20
2019,Total,Male,30–49,30,49,50,0.004303418202949401,0.0461829996439533,0.001642141205627434,0.04273298899186263,0.04963301029604397,15.008708527028265,13.96544711726246,16.22042353957353,0.9777486456009843,0.04017376882896207,20
2019,Total,Female,30–49,30,49,50,0.0027432211358502444,0.06131357392698388,0.0013306908122289493,0.058517896270825834,0.06410925158314193,11.304954778617034,10.811968061443011,11.845046126607162,0.9915928855320387,0.032554365538183944,20
2019,Hispanic,Both,30–49,30,49,50,0.0025463032634795812,0.050154349776870305,0.0022551429241836098,0.04541647030355933,0.05489222925018128,13.820280467071356,12.62741903595865,15.262022255957278,0.9648860671468019,0.0551704020348275,20
2019,Hispanic,Male,30–49,30,49,50,0.0032219270157599744,0.044120661143964256,0.001994762647249945,0.03992982033330729,0.04831150195462122,15.710262779114506,14.347456661790712,17.359135973415825,0.9645122327271438,0.0488003913333681,20
2019,Hispanic,Female,30–49,30,49,50,0.0019041895040570358,0.06694664663714214,0.0024694841330656966,0.061758452993958886,0.0721348402803254,10.353725173373894,9.609048524489484,11.22351916146196,0.9760933521625904,0.060414101021638536,20
2019,American Indian or Alaska Native non-Hispanic,Both,30–49,30,49,50,0.009336702281613573,0.046408864373733844,0.0020723844300760737,0.042054946248734654,0.05076278249873303,14.935663475365017,13.654633304966,16.481941897162706,0.9653505525469311,0.05069935078256927,20
2019,American Indian or Alaska Native non-Hispanic,Male,30–49,30,49,50,0.011140089033547055,0.04439100430729897,0.0024578152437198446,0.03922732609092755,0.04955468252367039,15.614586589697295,13.987521365490641,17.670008375112154,0.9477056806707094,0.060128630282907596,20
2019,American Indian or Alaska Native non-Hispanic,Female,30–49,30,49,50,0.007671551353633467,0.051023000093033524,0.0016355607172685773,0.04758681453397153,0.05445918565209552,13.584994596477772,12.727828597879041,14.565950407651632,0.9818400516317507,0.04001278205315714,20
2019,Asian non-Hispanic,Both,30–49,30,49,50,0.0013890022378189107,0.06183135698030671,0.004690521981689909,0.051976935968739306,0.0716857779918741,11.21028575809379,9.669242630504987,13.335668362152543,0.9061376396190991,0.11475014763275325,20
2019,Asian non-Hispanic,Male,30–49,30,49,50,0.0018737081381225856,0.0623236624617786,0.004233223305443866,0.05342999031810956,0.07121733460544764,11.121733755377958,9.732843617358915,12.972998430902017,0.923323412500621,0.10356267408154943,20
2019,Asian non-Hispanic,Female,30–49,30,49,50,0.0010700905155871948,0.07740227885294194,0.002924666159840609,0.07125778325738569,0.0835467744484982,8.955126268011679,8.29651635428763,9.727318881872492,0.9749448132582487,0.07154979231060224,20
2019,Black non-Hispanic,Both,30–49,30,49,50,0.005598330899535063,0.0540538153863085,5.518290291067756e-4,0.05289446561661326,0.05521316515600373,12.823279459668175,12.554020016810687,13.104342249791808,0.998127529789731,0.013500088647964818,20
2019,Black non-Hispanic,Male,30–49,30,49,50,0.006992795855249163,0.048637920346338216,5.997601854820234e-4,0.04737787095379998,0.04989796973887645,14.251168134332659,13.891290250631203,14.630188453083091,0.997270452058037,0.014672688902635555,20
2019,Black non-Hispanic,Female,30–49,30,49,50,0.004470463929373315,0.06634029944617152,6.41800355983708e-4,0.0649919269328508,0.06768867195949224,10.448357730467654,10.240224257535349,10.66512739768587,0.9983181528425253,0.015701170549327757,20
2019,White non-Hispanic,Both,30–49,30,49,50,0.003622615196964446,0.04949110950872695,0.0014565639686166191,0.04643098216403933,0.05255123685341456,14.005488812848702,13.189930857258357,14.928548745987671,0.9846482335046717,0.035633759118444255,20
2019,White non-Hispanic,Male,30–49,30,49,50,0.004415986623805087,0.04486105093062076,0.0014197910810769723,0.0418781805558485,0.04784392130539302,15.450979550878612,14.487674957399717,16.551511344566848,0.9822898530926611,0.034734137649761396,20
2019,White non-Hispanic,Female,30–49,30,49,50,0.002845723754154438,0.058499478048010506,0.0015011951739032686,0.05534558402045365,0.06165337207556736,11.84877547097223,11.242648329281455,12.52398349078373,0.9882854597828169,0.03672562851286623,20
2020,Total,Both,30–49,30,49,50,0.004301423415037482,0.05026650653682982,0.0013315147770431635,0.04746909779483321,0.05306391527882643,13.789444071512758,13.062495990312366,14.602071932266451,0.9875274215710568,0.0325745232273376,20
2020,Total,Male,30–49,30,49,50,0.0053921136809861265,0.045493606901354545,0.0014622297923941735,0.04242157610261655,0.04856563770009254,15.236144763437238,14.27237885437309,16.33949617721045,0.9817441795620192,0.035772369302443714,20
2020,Total,Female,30–49,30,49,50,0.0032774204465505397,0.061172988242291025,9.324315353766306e-4,0.05921402227860247,0.06313195420597958,11.330935441874464,10.97933984901569,11.705794571743192,0.9958353877246819,0.022811247183059616,20
2020,Hispanic,Both,30–49,30,49,50,0.003816646014832665,0.05560106690564243,0.0018807664278312813,0.05164972326486628,0.05955241054641857,12.466436691516154,11.639279992195556,13.420152843905848,0.9798199489755708,0.046011558222910226,20
2020,Hispanic,Male,30–49,30,49,50,0.005157644680938174,0.05234067112560928,0.0013215669518544314,0.04956416198880414,0.05511718026241442,13.242993749478343,12.575882460965028,13.984846161961089,0.9886546761928693,0.03233115704901291,20
2020,Hispanic,Female,30–49,30,49,50,0.0024761381475896936,0.06679008664781198,0.0030415074972031378,0.060400116511379554,0.07318005678424441,10.377994929321634,9.471804355161133,11.475924560995745,0.9640159138999063,0.07440822912516078,20
2020,American Indian or Alaska Native non-Hispanic,Both,30–49,30,49,50,0.013708934182632644,0.04762819549579695,0.002930713671707547,0.04147099454927083,0.05378539644232307,14.553295025025953,12.88727473271009,16.71402357463194,0.9361946375906968,0.07169774021112393,20
2020,American Indian or Alaska Native non-Hispanic,Male,30–49,30,49,50,0.017617778165339302,0.051560167717093715,0.0030056952435208047,0.0452454363337332,0.05787489910045423,13.443462487616126,11.976646030204572,15.319714798355525,0.9423566702916728,0.07353210885258744,20
2020,American Indian or Alaska Native non-Hispanic,Female,30–49,30,49,50,0.010038428509492643,0.04303980053751978,0.003055370701051469,0.036620704890574035,0.04945889618446553,16.104795373196417,14.014610798727345,18.92773999384041,0.9168331711209651,0.07474738214362416,20
2020,Asian non-Hispanic,Both,30–49,30,49,50,0.0018058802064329304,0.06830827817909264,0.0028588037634448117,0.06230215434374741,0.07431440201443787,10.147337907458766,9.327225433709067,11.125573230350243,0.9694357631993268,0.06993851754430389,20
2020,Asian non-Hispanic,Male,30–49,30,49,50,0.002595776890485806,0.07088168322608761,0.0020434711725782293,0.0665885096010208,0.07517485685115441,9.778932285637882,9.220465586417689,10.409411243968123,0.9852601718927244,0.049992009343946243,20
2020,Asian non-Hispanic,Female,30–49,30,49,50,0.00125581795537028,0.08155944833105037,0.0022865781924080344,0.07675552580988582,0.08636337085221493,8.498674215480909,8.025939396761844,9.030583443292244,0.9860493414951469,0.05593944259869419,20
2020,Black non-Hispanic,Both,30–49,30,49,50,0.0072269834705284315,0.05293417212955785,7.740173988598206e-4,0.051308021916763216,0.05456032234235249,13.0945125365038,12.704235437074926,13.509528425875294,0.9961661643866307,0.01893576261580259,20
2020,Black non-Hispanic,Male,30–49,30,49,50,0.009144017184211727,0.047554759626792516,0.0011104460066066865,0.045221799137014886,0.049887720116570146,14.575768776873888,13.894144269176921,15.32772233275857,0.9902806391809593,0.027166239427879213,20
2020,Black non-Hispanic,Female,30–49,30,49,50,0.005689690095924385,0.06624970141017829,4.820767591792473e-4,0.06523689572173064,0.06726250709862594,10.462646107163488,10.305104737526282,10.62507915024926,0.9990478106569115,0.011793651005598245,20
2020,White non-Hispanic,Both,30–49,30,49,50,0.004169151466889352,0.047873299679607066,0.0012074853664631481,0.04533646705993611,0.05041013229927802,14.478784316076926,13.750155949697291,15.288954466689802,0.9886784831973886,0.02954023552323597,20
2020,White non-Hispanic,Male,30–49,30,49,50,0.005089623223136331,0.04227978863172396,0.001297464329006776,0.03955391722648707,0.04500566003696084,16.394291527745565,15.4013335209549,17.524109599334018,0.9833314556282389,0.03174150422553151,20
2020,White non-Hispanic,Female,30–49,30,49,50,0.003278694281294704,0.059137220826965806,0.0010188157245828375,0.056996768416245576,0.061277673237686035,11.720996875860612,11.311578001196963,12.161166322587162,0.9946859218945913,0.024924572417061953,20
2021,Total,Both,30–49,30,49,50,0.0049562782681161445,0.050533153034502114,9.23918734204811e-4,0.048592071802419624,0.0524742342665846,13.716681800692127,13.209286238243191,14.26461467579224,0.9940188885535375,0.022602987804882128,20
2021,Total,Male,30–49,30,49,50,0.006119501825352522,0.04516299765576196,0.001184586759431132,0.042674273224295386,0.04765172208722854,15.347678775514417,14.54610977733626,16.24274130965918,0.987768049713427,0.02898003805528559,20
2021,Total,Female,30–49,30,49,50,0.0038358997611715783,0.06180878948668477,3.8198415712176507e-4,0.06100627055196476,0.06261130842140479,11.214378833762265,11.07063880369222,11.36190057658953,0.9993129880955288,0.00934495960027528,20
2021,Hispanic,Both,30–49,30,49,50,0.004304006421983461,0.05063212954158852,0.0014834579549189999,0.0475155000283283,0.053748759054848744,13.68986820889301,12.896059234644145,14.587811980231658,0.9847836175162901,0.03629170058224687,20
2021,Hispanic,Male,30–49,30,49,50,0.00562272185328072,0.044921711094428274,0.0011090009465760952,0.04259178656311838,0.04725163562573817,15.430115275504669,14.669273801442442,16.274198301889598,0.9891486117153502,0.02713088710408757,20
2021,Hispanic,Female,30–49,30,49,50,0.002956531639840945,0.06636130938736746,0.0024071472954760426,0.06130408058019524,0.0714185381945397,10.445049788181135,9.705423802876714,11.306705426455279,0.9768643240391353,0.05888907644136899,20
2021,American Indian or Alaska Native non-Hispanic,Both,30–49,30,49,50,0.017126274349115168,0.052048270361582674,0.0027881679186375677,0.04619054692942402,0.057905993793741325,13.3173912551677,11.970214741999005,15.006256185254236,0.9508837524341892,0.06821046389666374,20
2021,American Indian or Alaska Native non-Hispanic,Male,30–49,30,49,50,0.021003137864836582,0.05125576821782985,0.0025436644572018863,0.04591172749671665,0.05659980893894305,13.523300979787614,12.246457957264072,15.097388365739782,0.9575508966188199,0.06222886773188994,20
2021,American Indian or Alaska Native non-Hispanic,Female,30–49,30,49,50,0.013435230588865527,0.05475039380646235,0.00349996118260965,0.04739724821792965,0.06210353939499505,12.660131414034343,11.161154216208912,14.624207240321146,0.9314828442403932,0.0856239591203592,20
2021,Asian non-Hispanic,Both,30–49,30,49,50,0.0018511529238838223,0.06305751385246207,0.0032948498027466897,0.05613529128258771,0.06997973642233643,10.992301126583053,9.904969866944278,12.347796986936608,0.953158048474919,0.08060606106715519,20
2021,Asian non-Hispanic,Male,30–49,30,49,50,0.0026012622933785754,0.06469404848306909,0.0029033165626420054,0.05859440672681765,0.07079369023932053,10.714234103641651,9.791087005307071,11.829579294002883,0.9650161804442481,0.07102749022140982,20
2021,Asian non-Hispanic,Female,30–49,30,49,50,0.0013290148695270082,0.07778347161982646,0.0016046897467467192,0.07441214356313747,0.08115479967651545,8.91123996043482,8.54104973855943,9.314973972921791,0.9923973393396477,0.039257546614803365,20
2021,Black non-Hispanic,Both,30–49,30,49,50,0.00801413338731589,0.051223166686525386,4.4288889546913597e-4,0.050292691644656266,0.052153641728394505,13.531908029073152,13.29048475981244,13.782264537706325,0.9986561672251805,0.010834948932843567,20
2021,Black non-Hispanic,Male,30–49,30,49,50,0.010024313634745045,0.04628510666014058,6.569592243106998e-4,0.044904886546246574,0.04766532677403459,14.975598644495811,14.541958011657506,15.435896488594576,0.996386777111718,0.01607202104001048,20
2021,Black non-Hispanic,Female,30–49,30,49,50,0.006331133940458664,0.06261108705595973,4.920059339451497e-4,0.06157742094540499,0.06364475316651447,11.070677944633562,10.890877033436782,11.256515292748212,0.9988897309162883,0.012036560915136333,20
2021,White non-Hispanic,Both,30–49,30,49,50,0.0049315505916608104,0.050973230699097864,7.958746252770287e-4,0.049301160157584775,0.05264530124061095,13.598258753730764,13.166363649283229,14.059449683220233,0.9956310614262115,0.019470483478002565,20
2021,White non-Hispanic,Male,30–49,30,49,50,0.005954249954848002,0.04513388149757785,0.0010597360911379938,0.04290745858686715,0.04736030440828855,15.357579662124643,14.635614977986444,16.154468322952585,0.990174059465656,0.025925658889254292,20
2021,White non-Hispanic,Female,30–49,30,49,50,0.003914555419321776,0.06201006095113368,4.02159384560331e-4,0.061165155436421106,0.06285496646584625,11.177979346064053,11.02772333728924,11.332386480738137,0.999243487809886,0.009838531602738369,20
2022,Total,Both,30–49,30,49,50,0.004212379146930949,0.04674296855849457,8.128659337237972e-4,0.045035200602573135,0.04845073651441601,14.828908003404505,14.306225878603653,15.39123111001179,0.9945859769213948,0.019886163259560236,20
2022,Total,Male,30–49,30,49,50,0.00518377735745716,0.040873311334410044,0.0010042996926543952,0.03876335597510512,0.04298326669371497,16.958429790257902,16.12597724363508,17.881505951267563,0.989249580958139,0.02456944844294289,20
2022,Total,Female,30–49,30,49,50,0.0032707990291756354,0.05919363753179604,3.858298375316308e-4,0.05838303912234322,0.06000423594124886,11.709825742464622,11.551637475037882,11.872406626647798,0.9992358439215708,0.00943904132433566,20
2022,Hispanic,Both,30–49,30,49,50,0.003204154494896383,0.03994639649419613,0.0014996906016083542,0.036795663455734796,0.043097129532657465,17.35193262452731,16.08337232842162,18.83774106679179,0.9752577029162683,0.0366888202655881,20
2022,Hispanic,Male,30–49,30,49,50,0.004179286175345411,0.033096569661711296,0.0011901016156099064,0.030596258947349977,0.035596880376072615,20.943172892078668,19.472132760989428,22.654638325316586,0.9772551746066283,0.029114954928750447,20
2022,Hispanic,Female,30–49,30,49,50,0.0021979050454077275,0.05892467205703332,0.002022639233190798,0.05467526471256654,0.0631740794015001,11.763275999042415,10.972018700180474,12.67752765723021,0.9792317221788822,0.049482371369853846,20
2022,American Indian or Alaska Native non-Hispanic,Both,30–49,30,49,50,0.014423717138090297,0.046682878161418646,0.0021170559015192473,0.0422351087574945,0.051130647565342795,14.847995836143648,13.556393544089827,16.41163479748228,0.9643027061362232,0.05179220525869939,20
2022,American Indian or Alaska Native non-Hispanic,Male,30–49,30,49,50,0.01802463681330867,0.046996300469092464,0.0020382058727807044,0.042714188828418764,0.051278412109766164,14.748973294521337,13.51732926277436,16.227562774147263,0.9672522834688353,0.04986319768258846,20
2022,American Indian or Alaska Native non-Hispanic,Female,30–49,30,49,50,0.01091276217614723,0.047406885040805334,0.0028109880330949677,0.04150121832722231,0.05331255175438836,14.621234446501198,13.001575759368707,16.70185137927101,0.9404807346575184,0.06876874110188848,20
2022,Asian non-Hispanic,Both,30–49,30,49,50,0.0016134348808507849,0.05799042888157231,0.004008056884526433,0.0495698138343309,0.06641104392881372,11.952785898091667,10.43722759881523,13.983251639325054,0.9208222054281008,0.09805414429678862,20
2022,Asian non-Hispanic,Male,30–49,30,49,50,0.002198025201902745,0.05853518955285061,0.003884452338123055,0.05037425802142205,0.06669612108427916,11.841546697890376,10.392616081586878,13.759948191498502,0.9265539015837584,0.09503025058021829,20
2022,Asian non-Hispanic,Female,30–49,30,49,50,0.001212474293359684,0.07456316139944122,0.0028413679332189336,0.06859366888410744,0.080532653914775,9.296107723312543,8.607032636643014,10.105118910187665,0.9745274224903715,0.069511962866524,20
2022,Black non-Hispanic,Both,30–49,30,49,50,0.006880980020188429,0.048809830840913095,3.807525986527392e-4,0.048009899314524505,0.049609762367301684,14.200974857280993,13.971991549324693,14.437588715172465,0.9989058717834239,0.009314830434120479,20
2022,Black non-Hispanic,Male,30–49,30,49,50,0.008711421621490979,0.044003464168229374,4.048681627508515e-4,0.043152867721714214,0.044854060614744534,15.752104832246356,15.453387520774257,16.062598319767254,0.9984785252392997,0.009904799855713195,20
2022,Black non-Hispanic,Female,30–49,30,49,50,0.005347554209688244,0.06088477725558929,8.003486513157555e-4,0.05920330713416282,0.06256624737701574,11.384572824339497,11.078612025156858,11.707913191220527,0.9968992641368235,0.01957993721267448,20
2022,White non-Hispanic,Both,30–49,30,49,50,0.0043478861726235,0.049022506772533295,6.846110905491475e-4,0.04758419224340514,0.05046082130166145,14.139366307320438,13.73634361629233,14.56675311444445,0.9965017776258245,0.01674850347534912,20
2022,White non-Hispanic,Male,30–49,30,49,50,0.005224796070401586,0.0428778922565941,8.066323215360585e-4,0.041183220633908196,0.044572563879280006,16.16560759124879,15.550982941821786,16.830815314847978,0.9936700672571621,0.019733662552470353,20
2022,White non-Hispanic,Female,30–49,30,49,50,0.0034670282684112455,0.06067728203223447,5.052492962224255e-4,0.059615792649984505,0.06173877141448444,11.423504108040216,11.227097084690724,11.62690538444305,0.9987535064976042,0.012360549968466368,20
2023,Total,Both,30–49,30,49,50,0.003885076219620335,0.047014841287239484,5.695633113627777e-4,0.045818233173084755,0.04821144940139421,14.743156875190294,14.377231739892482,15.128195317822172,0.9973652415995754,0.013933944733701353,20
2023,Total,Male,30–49,30,49,50,0.004854374257163423,0.04155361204476393,6.431164700925274e-4,0.04020247447830452,0.04290474961122334,16.680792510004846,16.15548830469405,17.241405897390862,0.9957069519756397,0.01573336830660896,20
2023,Total,Female,30–49,30,49,50,0.0029484250920333516,0.05883117177559229,5.981198437717346e-4,0.05757456861310673,0.060087774938077855,11.78197135362033,11.535577432751554,12.039120696114981,0.9981429368672027,0.014632559157127788,20
2023,Hispanic,Both,30–49,30,49,50,0.002886587886126145,0.03724990793845545,0.0011577387219148141,0.03481758914074413,0.039682226736166774,18.60802399042617,17.46744670273768,19.907960248425496,0.9829094234279815,0.028323220694515604,20
2023,Hispanic,Male,30–49,30,49,50,0.003753173652303714,0.02972234644831585,9.758028046750604e-4,0.027672260829044996,0.0317724320675867,23.320742249110715,21.815993786231857,25.048447788278043,0.9809679631778186,0.023872293176329145,20
2023,Hispanic,Female,30–49,30,49,50,0.0019987120908335726,0.05731397123263932,0.0015386694491419813,0.054081346674291396,0.06054659579098725,12.09386063559333,11.44816106512011,12.816751489833852,0.9871930925270057,0.037642408912331164,20
2023,American Indian or Alaska Native non-Hispanic,Both,30–49,30,49,50,0.011957465054360988,0.042176031812571596,0.0010346516738108692,0.04000230930709006,0.04434975431805313,16.434622954579048,15.62910981623614,17.327679140691284,0.9892835683638307,0.025311987190708683,20
2023,American Indian or Alaska Native non-Hispanic,Male,30–49,30,49,50,0.014838992229523713,0.04021333180616256,0.0020958806785432065,0.03581004989489579,0.044616613717429324,17.23675083430224,15.535629506754113,19.35621934608763,0.9533841685834931,0.05127416910576322,20
2023,American Indian or Alaska Native non-Hispanic,Female,30–49,30,49,50,0.009184083988933731,0.04683429606192354,8.965797993020563e-4,0.044950651800734966,0.048717940323112115,14.799991434556365,14.227760368414254,15.420180860394375,0.993446596082779,0.02193416100299108,20
2023,Asian non-Hispanic,Both,30–49,30,49,50,0.0015292645232824632,0.06035962563704131,0.0024896976019885757,0.05512896507148825,0.06559028620259437,11.483622922514895,10.567832840658172,12.573194139616255,0.9702852512796577,0.06090860857370308,20
2023,Asian non-Hispanic,Male,30–49,30,49,50,0.002160694811570113,0.061998041577158415,0.0023273856216366627,0.05710838582852186,0.06688769732579497,11.18014638732262,10.362850094596332,12.137397520589072,0.9752614458854807,0.05693776614280669,20
2023,Asian non-Hispanic,Female,30–49,30,49,50,0.0010907556038567054,0.07590171438844674,0.0016794785226531593,0.07237326094409326,0.07943016783280023,9.132167647921422,8.726497746032889,9.577393246041327,0.9912641006578392,0.0410871986471439,20
2023,Black non-Hispanic,Both,30–49,30,49,50,0.0064393318589232576,0.049536582123788885,5.413103802215088e-4,0.04839933121537026,0.05067383303220751,13.992632330341502,13.678601737496187,14.321420630287992,0.9978552302431389,0.013242757690516329,20
2023,Black non-Hispanic,Male,30–49,30,49,50,0.008302915475170774,0.04564837118654591,3.94159774680475e-4,0.04482027222854326,0.04647647014454856,15.184488789914123,14.913937706632131,15.465037272096769,0.9986597553436819,0.009642827069575264,20
2023,Black non-Hispanic,Female,30–49,30,49,50,0.00487195519260038,0.06021555744628203,9.8450639648559e-4,0.05814718625914717,0.062283928633416884,11.511097961324996,11.128828829016006,11.920562715980187,0.9952114115440017,0.02408522010622995,20
2023,White non-Hispanic,Both,30–49,30,49,50,0.004036617824731322,0.05046804139814744,5.602179685921546e-4,0.04929106712059312,0.051645015675701754,13.734378457282258,13.421376128772504,14.06232855263866,0.997786948647556,0.013705317841685102,20
2023,White non-Hispanic,Male,30–49,30,49,50,0.00494627875266321,0.04499405284502461,6.049343547797904e-4,0.04372313292616876,0.04626497276388047,15.405306629020254,14.98211582437356,15.853099587589007,0.9967568427912186,0.014799271123785644,20
2023,White non-Hispanic,Female,30–49,30,49,50,0.0031266378926112087,0.061069466152127445,6.042102155016442e-4,0.05980006759344125,0.06233886471081364,11.350143111342696,11.119021557024093,11.591076874233638,0.9982411214945961,0.014781555592465606,20
2005,Total,Both,50–69,50,69,50,0.0043284784188513305,0.07932986552590504,9.519799797349842e-4,0.0773298298046116,0.08132990124719848,8.737531268518275,8.522661037705634,8.963516178831796,0.9974145841111715,0.02328948540150701,20
2005,Total,Male,50–69,50,69,50,0.0055717430911186834,0.07628652617175645,9.468936795613064e-4,0.07429717637060117,0.07827587597291173,9.086102295434827,8.855182672114928,9.329387931278347,0.9972344816202663,0.023165052833423457,20
2005,Total,Female,50–69,50,69,50,0.0031291244132985114,0.08559827984788504,0.0010231780607765696,0.08344866250890846,0.08774789718686161,8.097676516300597,7.899302465150463,8.306270702492675,0.9974347519590147,0.025031293742366154,20
2006,Total,Both,50–69,50,69,50,0.004312370487597726,0.07788841447469678,7.85534421202503e-4,0.07623806789582446,0.07953876105356911,8.899233412757741,8.714583573826513,9.091877584136792,0.9981724771763361,0.01921751804073642,20
2006,Total,Male,50–69,50,69,50,0.005540151904434185,0.07505124968825895,7.925911118935279e-4,0.07338607755238269,0.07671642182413521,9.235651417385812,9.035186523022626,9.445213638311431,0.9979965243274119,0.01939015475403929,20
2006,Total,Female,50–69,50,69,50,0.0031271212623079836,0.0838169015602012,8.628800428001821e-4,0.08200405786019817,0.08562974526020424,8.269778143279309,8.094700952965232,8.45259611105628,0.9980959320847447,0.021109721409940784,20
2007,Total,Both,50–69,50,69,50,0.004255869383538203,0.07704842760251408,7.350240200192617e-4,0.07550419943874905,0.07859265576627912,8.996253423052698,8.819490495667234,9.180246737431395,0.9983645504178339,0.01798181847139376,20
2007,Total,Male,50–69,50,69,50,0.005465217413408696,0.07443150275019968,6.389536498469748e-4,0.0730891109445437,0.07577389455585565,9.312551204108072,9.147572321876655,9.483590258552605,0.9986752865561064,0.01563152799126442,20
2007,Total,Female,50–69,50,69,50,0.0030903270632059365,0.08254345612611735,0.001029531623547287,0.08038049044708172,0.08470642180515299,8.39736077322583,8.182935434982317,8.623326091998367,0.9972076350095552,0.02518672895166265,20
2008,Total,Both,50–69,50,69,50,0.004248119958825027,0.07683168888329883,6.75999645676868e-4,0.07541146632850117,0.0782519114380965,9.021631447055396,8.857894559013808,9.191535641814934,0.9986085104630293,0.01653783085207119,20
2008,Total,Male,50–69,50,69,50,0.0054528331300850155,0.07426204157657942,5.157717106256765e-4,0.07317844542199312,0.07534563773116573,9.333801843370656,9.19956617837789,9.472012920783177,0.999132485281712,0.012617973046524525,20
2008,Total,Female,50–69,50,69,50,0.003087092001685423,0.08219524770200093,0.001215336555997009,0.07964192034519618,0.08474857505880568,8.432934992457861,8.178865309286694,8.703295670867815,0.9960801765434405,0.029732309062517982,20
2009,Total,Both,50–69,50,69,50,0.004279892836147542,0.07458672489373824,6.837743278690968e-4,0.07315016833776705,0.07602328144970943,9.29317088996003,9.117564611026069,9.475674442188222,0.9984895076923881,0.016728032695882737,20
2009,Total,Male,50–69,50,69,50,0.005451379910980315,0.07277970210710412,5.904005951370418e-4,0.07153931648420928,0.07402008772999896,9.523907909651726,9.364311794499882,9.689038344571578,0.9988168729025841,0.014443713454260876,20
2009,Total,Female,50–69,50,69,50,0.00314832220472474,0.07876756349619086,0.0012533934754345908,0.07613428151855602,0.08140084547382571,8.799906329379674,8.515233183699861,9.104271646551314,0.9954629076083072,0.03066334342094496,20
2010,Total,Both,50–69,50,69,50,0.004180331634517966,0.07578277280504052,6.015151682178473e-4,0.07451903633059234,0.0770465092794887,9.146500647886588,8.9964774139933,9.301612241533874,0.9988672541899248,0.014715623255958031,20
2010,Total,Male,50–69,50,69,50,0.005302974306624859,0.07430520140951716,6.912098031386918e-4,0.07285302349967242,0.0757573793193619,9.328380347693473,9.14956650807471,9.514322772932848,0.9984448298063111,0.01690993609346543,20
2010,Total,Female,50–69,50,69,50,0.0030946906748223315,0.07940848472244057,0.0012543562969126699,0.0767731799319416,0.08204378951293953,8.72888058477288,8.448502740730005,9.028506845416732,0.9955286949658994,0.030686898135576905,20
2011,Total,Both,50–69,50,69,50,0.004215109882036238,0.07436164299653421,6.680264977402542e-4,0.07295817140396668,0.07576511458910173,9.321299969021004,9.148632379415018,9.50061065431609,0.9985494539897503,0.016342773690758285,20
2011,Total,Male,50–69,50,69,50,0.005337584092695331,0.07287814215234827,6.993101392194663e-4,0.07140894606789806,0.07434733823679847,9.511043504799481,9.323093428741874,9.706727500233336,0.9983453795718303,0.017108104818560906,20
2011,Total,Female,50–69,50,69,50,0.0031300646011499203,0.07793061036271648,0.0012824973440573972,0.0752361834260357,0.08062503729939725,8.89441488182621,8.597170355233153,9.212949793517565,0.99514870948596,0.03137534801962036,20
2012,Total,Both,50–69,50,69,50,0.004233101175123292,0.07352853723358706,4.1541081113195014e-4,0.07265579150472554,0.07440128296244858,9.426913775775795,9.31633371039834,9.54015042991945,0.9994257952287777,0.010162717943059075,20
2012,Total,Male,50–69,50,69,50,0.00534825086746128,0.07246825565604366,7.748548415565517e-4,0.07084034604143002,0.0740961652706573,9.564838759881736,9.354697075456311,9.784638547002121,0.9979463577575104,0.018956250031373606,20
2012,Total,Female,50–69,50,69,50,0.003154859033867298,0.07643868593408269,8.563833946001991e-4,0.0746394911854707,0.07823788068269469,9.068015391547736,8.859483085579814,9.286601094821947,0.9977457481161748,0.020950785721551252,20
2013,Total,Both,50–69,50,69,50,0.004245466226148854,0.07349751918846834,4.690325989808169e-4,0.072512118263678,0.07448292011325867,9.430892201715281,9.306122524545845,9.559052985315272,0.9992674876375616,0.011474535283646994,20
2013,Total,Male,50–69,50,69,50,0.005338055453982286,0.07286758400263603,9.309924527652714e-4,0.07091164143932341,0.07482352656594865,9.512421607595364,9.263759840950732,9.774800956385235,0.9970703086492004,0.022776041092404067,20
2013,Total,Female,50–69,50,69,50,0.003187900787476332,0.07573015152155307,8.288051834482214e-4,0.07398889644458069,0.07747140659852546,9.15285611653204,8.947135607747416,9.368259480382003,0.9978486827527343,0.02027610520337222,20
2014,Total,Both,50–69,50,69,50,0.004278594450318812,0.07293239527410592,7.394466869320479e-4,0.07137887543194717,0.07448591511626466,9.503968407384008,9.305748334809548,9.710816769883044,0.9981531039711473,0.0180900157430735,20
2014,Total,Male,50–69,50,69,50,0.005331509157114818,0.07306554374793538,0.0012138972019327715,0.0705152403618079,0.07561584713406286,9.486649178321233,9.166691994219576,9.829749951974412,0.9950562249034413,0.029697096330968745,20
2014,Total,Female,50–69,50,69,50,0.0032564210137584182,0.0740651438895445,6.046871010735963e-4,0.07279474343144951,0.07533554434763948,9.358615188727047,9.200798727376077,9.52194001772503,0.9988016451955586,0.01479322224491901,20
2015,Total,Both,50–69,50,69,50,0.004282481953397224,0.07328339202167647,7.125442646228922e-4,0.0717863920714829,0.07478039197187004,9.458448380158488,9.269103334209385,9.655690452721577,0.9983011827503309,0.017431867898610766,20
2015,Total,Male,50–69,50,69,50,0.005329010747709561,0.07366426980590761,0.0011229386842864465,0.07130506317425093,0.07602347643756428,9.409543899454459,9.117541225955453,9.720869033746942,0.9958345874513094,0.027471863538303783,20
2015,Total,Female,50–69,50,69,50,0.0032646454946113753,0.07409517684414313,6.508584341870528e-4,0.07272777401468278,0.07546257967360348,9.354821866718241,9.185309905359695,9.530708040369943,0.9986130431954316,0.01592276972638318,20
2016,Total,Both,50–69,50,69,50,0.0043047787456795186,0.07321062508543721,8.487883604425967e-4,0.07142738691148331,0.07499386325939111,9.46784950614803,9.242718676359774,9.704221455265202,0.9975863538247671,0.020764978833903606,20
2016,Total,Male,50–69,50,69,50,0.005337207325772138,0.07389111180323463,0.0012159431587966303,0.07133651002123848,0.07644571358523078,9.380657072879533,9.067181769284453,9.716583841199686,0.9951493169392123,0.029747149150909574,20
2016,Total,Female,50–69,50,69,50,0.0032971077577351785,0.07368156795464127,5.688189637694058e-4,0.07248652365675105,0.07487661225253149,9.407334830152502,9.257192061817818,9.562428236208964,0.9989283887208089,0.013915734820910637,20
2017,Total,Both,50–69,50,69,50,0.0042469068583665575,0.07442442040764796,9.243422991393056e-4,0.07248244929865912,0.07636639151663681,9.31343740083351,9.076599886337954,9.562965756080875,0.9972311268286315,0.022613350007416315,20
2017,Total,Male,50–69,50,69,50,0.005280041782238757,0.07492247852498862,0.001147173537902575,0.07251235635522782,0.07733260069474943,9.251524965618461,8.963195008738497,9.559021598530254,0.9957977911524134,0.028064751289638225,20
2017,Total,Female,50–69,50,69,50,0.003236354740652136,0.07528780708357027,7.606277477672163e-4,0.07368978748386723,0.07688582668327332,9.206632619682289,9.015279024251436,9.406285514280995,0.998166122320171,0.018608194714911132,20
2018,Total,Both,50–69,50,69,50,0.0041734842391432155,0.07557700570345927,0.0011053780059600872,0.07325469268794003,0.0778993187189785,9.171403049224256,8.8979877097574,9.462153960739482,0.9961642901352417,0.027042254544177507,20
2018,Total,Male,50–69,50,69,50,0.0051940642137078006,0.07659341109132681,0.0013067959536429963,0.07384793467022042,0.07933888751243319,9.04969723483741,8.736537684011793,9.38614172021605,0.9947876254105479,0.03196979551354588,20
2018,Total,Female,50–69,50,69,50,0.003171109343624321,0.0758066405141279,8.701632742893632e-4,0.07397849531256508,0.07763478571569073,9.143620873566679,8.92830673994961,9.369576626712167,0.9976339130125025,0.02128790027615003,20
2019,Total,Both,50–69,50,69,50,0.004113654285009861,0.07612830496645445,0.0011729054826335238,0.07366412198687013,0.07859248794603878,9.10498638929866,8.819509328116153,9.409562781234149,0.9957454410620072,0.02869426426671853,20
2019,Total,Male,50–69,50,69,50,0.005144984273033998,0.07681691782134024,0.001255101408489802,0.07418004760950644,0.07945378803317404,9.023366209147543,8.723903513203652,9.3441188418854,0.9952177256603607,0.03070512673866469,20
2019,Total,Female,50–69,50,69,50,0.0030980522847818843,0.07696518456104001,0.0010431591956131508,0.07477358841549624,0.07915678070658379,9.00598347828582,8.756636820909689,9.269946718463173,0.9967042718911912,0.025520117413019027,20
2019,Hispanic,Both,50–69,50,69,50,0.0029819208391519323,0.07968465621942981,9.951467304582812e-4,0.0775939305201362,0.08177538191872342,8.698627984931088,8.47623287469161,8.933007722557223,0.9972005041449749,0.024345527999252173,20
2019,Hispanic,Male,50–69,50,69,50,0.0038418292453482744,0.08058323280110424,0.0010102999124736807,0.07846067144773469,0.0827057941544738,8.601630344997117,8.380878119195849,8.834326392703305,0.9971786514939547,0.024716239378531672,20
2019,Hispanic,Female,50–69,50,69,50,0.002072915650381957,0.08298158380298397,0.0010144021260691872,0.08085040401865784,0.0851127635873101,8.353024234938983,8.14386880821821,8.573206145017998,0.9973173578423273,0.02481659699705324,20
2019,American Indian or Alaska Native non-Hispanic,Both,50–69,50,69,50,0.010289140255829216,0.04728461596924695,7.126036371789097e-4,0.04578749128194185,0.048781740656552046,14.659042192724069,14.209152261294847,15.138352444160136,0.9959284760647555,0.01743332040423699,20
2019,American Indian or Alaska Native non-Hispanic,Male,50–69,50,69,50,0.012714404223030242,0.04836498087468422,6.82798029981092e-4,0.046930475444463784,0.04979948630490466,14.331592156645733,13.918761657822131,14.769660311244797,0.9964252989424989,0.016704148290859283,20
2019,American Indian or Alaska Native non-Hispanic,Female,50–69,50,69,50,0.007979236473153382,0.04778582103071907,0.0010790461162308558,0.045518829262693176,0.05005281279874497,14.505289761880542,13.848316244423438,15.22770228908419,0.9909053376432018,0.026398064356886228,20
2019,Asian non-Hispanic,Both,50–69,50,69,50,0.0017082618208632216,0.08413584365337665,7.509543883786895e-4,0.08255814702761613,0.08571354027913716,8.238429074480756,8.086787435247947,8.395866495502666,0.9985680917183367,0.01837154313918646,20
2019,Asian non-Hispanic,Male,50–69,50,69,50,0.0023921399496611637,0.08165853842446127,5.903124670996391e-4,0.08041833795170258,0.08289873889721996,8.488361338981658,8.361371834851763,8.619267672209709,0.9990602228544505,0.014441557467071814,20
2019,Asian non-Hispanic,Female,50–69,50,69,50,0.0011290119939777227,0.09021732028450878,0.0021829134871423806,0.08563118922743193,0.09480345134158563,7.683083230293702,7.3114129364602105,8.094564455002287,0.989571712891326,0.05340336233300618,20
2019,Black non-Hispanic,Both,50–69,50,69,50,0.00618654085273265,0.07601363564436552,0.0012214277412588342,0.073447511182193,0.07857976010653803,9.118721590990294,8.820937854991922,9.437313387522863,0.9953739393693207,0.02988132540031181,20
2019,Black non-Hispanic,Male,50–69,50,69,50,0.00771632841552884,0.07894429851632517,0.0011268766610316348,0.07657681850253058,0.08131177853011977,8.780205709429502,8.524560562934772,9.051658114224729,0.9963457873023466,0.027568203223875813,20
2019,Black non-Hispanic,Female,50–69,50,69,50,0.004794305578843587,0.07463237721500918,0.0011738041478532371,0.07216630620985796,0.07709844822016039,9.287486295164504,8.990416753662949,9.604858790254404,0.9955671829562719,0.028716249445987937,20
2019,White non-Hispanic,Both,50–69,50,69,50,0.004223570396419513,0.07406278459651128,0.0011293057444715915,0.0716902012677801,0.07643536792524246,9.358913310323954,9.068409028106952,9.66864603951765,0.9958324408102691,0.02762762895185138,20
2019,White non-Hispanic,Male,50–69,50,69,50,0.005228634148095229,0.0748823640603823,0.0011924089366910121,0.07237720584430778,0.07738752227645683,9.256481005340826,8.9568338689507,9.576871232788257,0.9954565457137183,0.029171401830764034,20
2019,White non-Hispanic,Female,50–69,50,69,50,0.003215514190366484,0.07445313031852786,0.0010563866460226883,0.07223374433088249,0.07667251630617324,9.309846041321565,9.04036040492044,9.595891601366153,0.9963893825454515,0.02584371719428527,20
2020,Total,Both,50–69,50,69,50,0.0048891234783377015,0.07521810766157594,9.42463298122129e-4,0.07323806574643289,0.07719814957671899,9.215163769854174,8.978805636670092,9.464302115238556,0.9971820644848444,0.023056666831567044,20
2020,Total,Male,50–69,50,69,50,0.0062150968845155604,0.0753713106068838,0.0010444901532719562,0.07317691822306001,0.0775657029907076,9.19643263436418,8.936258601858924,9.472210601259183,0.9965551492663047,0.025552678306761147,20
2020,Total,Female,50–69,50,69,50,0.0035829167332214053,0.07704374683725464,7.589404385569588e-4,0.07544927214266012,0.07863822153184916,8.996799987208991,8.814380171087857,9.186929984550902,0.998256366555443,0.018566915944289237,20
2020,Hispanic,Both,50–69,50,69,50,0.004416599376567559,0.08030478885516418,9.202104354115068e-4,0.07837149846974834,0.08223807924058002,8.631455115461286,8.42854292027184,8.84437830198567,0.9976420279093008,0.022512267020359827,20
2020,Hispanic,Male,50–69,50,69,50,0.005869273892310219,0.08112443779568644,9.231573301279692e-4,0.07918495621421051,0.08306391937716237,8.544246338022713,8.344744454118782,8.75352104362916,0.9976745369783478,0.022584360617851167,20
2020,Hispanic,Female,50–69,50,69,50,0.0028701151787427514,0.08467454468593791,0.001030698247461523,0.08250912802100818,0.08683996135086763,8.186016035053541,7.981891859202444,8.400854513738874,0.9973400522821182,0.025215269542009117,20
2020,American Indian or Alaska Native non-Hispanic,Both,50–69,50,69,50,0.014428840588753426,0.04426731705618112,7.644045749428567e-4,0.042661362637022596,0.04587327147533965,15.65821528511089,15.110044657106355,16.247656842503545,0.9946613933917285,0.018700591995571992,20
2020,American Indian or Alaska Native non-Hispanic,Male,50–69,50,69,50,0.017409119961554857,0.04764699031155804,0.001546455234890572,0.04439800842433031,0.05089597219878578,14.547554337168785,13.618900486912827,15.612123272180323,0.981391197634985,0.037832882396428534,20
2020,American Indian or Alaska Native non-Hispanic,Female,50–69,50,69,50,0.011547115607815687,0.041795717455601615,0.0016055874612905183,0.03842250337064171,0.04516893154056152,16.584167535735105,15.345662536593363,18.040135851470126,0.9741243498277066,0.03927950853649036,20
2020,Asian non-Hispanic,Both,50–69,50,69,50,0.0020651829911486844,0.08940953592442266,9.3131955744727e-4,0.08745290613967416,0.09136616570917117,7.752497240852009,7.586475531503764,7.925947931940594,0.998050806655068,0.022784043466275727,20
2020,Asian non-Hispanic,Male,50–69,50,69,50,0.002944605707011442,0.08872919982403758,7.310484378673338e-4,0.08719332404843833,0.09026507559963684,7.811939946878289,7.679018446008303,7.949544166648385,0.99877960239589,0.017884558797387175,20
2020,Asian non-Hispanic,Female,50–69,50,69,50,0.0013208868050180148,0.09305617757048355,0.0022339931081956136,0.0883627322117288,0.0977496229292383,7.448696031329406,7.091047103697983,7.844338480832314,0.9897325265672399,0.054652987445043676,20
2020,Black non-Hispanic,Both,50–69,50,69,50,0.007722315831001661,0.07672557578884096,8.456490377232565e-4,0.07494893308717954,0.07850221849050237,9.03410855420074,8.829650854310646,9.248259474937239,0.9978181549129617,0.0206881776277868,20
2020,Black non-Hispanic,Male,50–69,50,69,50,0.009844081065512258,0.07844842984760901,7.407866280161595e-4,0.07689209489369402,0.080004764801524,8.835704958103396,8.663823739492345,9.01454410259267,0.9983975158072244,0.018122796409664816,20
2020,Black non-Hispanic,Female,50–69,50,69,50,0.005800208581512051,0.07704336203303404,8.23538356101702e-4,0.0753131721497161,0.07877355191635198,8.996844923028451,8.799237354384935,9.203531875964917,0.9979475271499458,0.020147256171659213,20
2020,White non-Hispanic,Both,50–69,50,69,50,0.004713901083669835,0.07393005398002428,9.400180519593605e-4,0.07195514933643841,0.07590495862361014,9.375715872562894,9.131777332190557,9.633044847409307,0.9970983778634079,0.022996845694544035,20
2020,White non-Hispanic,Male,50–69,50,69,50,0.0058821979656712405,0.074582360554196,0.0010730125344125248,0.07232804487119382,0.07683667623719817,9.2937146988833,9.021045866431933,9.583380579336051,0.9962881125915853,0.026250457244690505,20
2020,White non-Hispanic,Female,50–69,50,69,50,0.0035398521423957753,0.07469675164169874,7.601569905897725e-4,0.07309972106612539,0.0762937822172721,9.279482244218537,9.085238146746697,9.48221375472733,0.9981393408029519,0.018596677989092193,20
2021,Total,Both,50–69,50,69,50,0.005432232078298327,0.07186549580862979,8.625266326454268e-4,0.07005339459581013,0.07367759702144945,9.645062248032392,9.407841848562898,9.894555211196035,0.9974138597163825,0.02110107549215351,20
2021,Total,Male,50–69,50,69,50,0.006844871925699208,0.07132004883231803,8.618487364618379e-4,0.06950937182653147,0.0731307258381046,9.718826499819388,9.478193640446305,9.971996039466056,0.9973783706788866,0.021084491263905533,20
2021,Total,Female,50–69,50,69,50,0.004005154117544336,0.07472417987214326,8.154920343288669e-4,0.07301089468358074,0.07643746506070578,9.27607612082132,9.068160227572376,9.493749988463374,0.9978607596490686,0.019950408866617735,20
2021,Hispanic,Both,50–69,50,69,50,0.0047513651850198645,0.07508291582628804,9.680562907227881e-4,0.07304910502891454,0.07711672662366154,9.231756291452662,8.988285822122391,9.488784021181115,0.9970167207329684,0.02368278044765365,20
2021,Hispanic,Male,50–69,50,69,50,0.0062279394464202,0.07446210513573158,8.036632295708254e-4,0.07277367134379494,0.07615053892766822,9.308723938122048,9.102327971944268,9.524697157099615,0.9979076206721824,0.01966102591572167,20
2021,Hispanic,Female,50–69,50,69,50,0.0031503974735498995,0.08120838916120832,0.0011383294178947858,0.07881684779809842,0.08359993052431822,8.535413492613007,8.291241107650407,8.794403733774654,0.9964756961610919,0.027848386441432147,20
2021,American Indian or Alaska Native non-Hispanic,Both,50–69,50,69,50,0.01689859461526885,0.038593209306344974,0.0014867331012843501,0.03546969896590077,0.04171671964678918,17.960340511147578,16.615572519333863,19.541952730591564,0.9739823641796349,0.03637182461330566,20
2021,American Indian or Alaska Native non-Hispanic,Male,50–69,50,69,50,0.020878841554054506,0.0381169193493866,0.002386869748575174,0.03310229208742044,0.04313154661135277,18.184763941871388,16.070538504118936,20.93955242523389,0.9340713177177985,0.058393001269013346,20
2021,American Indian or Alaska Native non-Hispanic,Female,50–69,50,69,50,0.01303858234559862,0.04106569280106454,5.303179446958341e-4,0.039951536142717736,0.04217984945941135,16.878984214823156,16.43313547685712,17.349700349038777,0.9970071488673343,0.012973835893680351,20
2021,Asian non-Hispanic,Both,50–69,50,69,50,0.0021541573535491455,0.08585903079555436,0.001421360536556784,0.08287286311717339,0.08884519847393534,8.073084148951693,7.80174047068278,8.363982544924376,0.995091238287127,0.03477253321612148,20
2021,Asian non-Hispanic,Male,50–69,50,69,50,0.0030673911953238734,0.08301299230226455,9.91023072711741e-4,0.08093093008641707,0.08509505451811204,8.349863814522882,8.145563622765087,8.564675826903398,0.9974412066996523,0.024244645765451846,20
2021,Asian non-Hispanic,Female,50–69,50,69,50,0.0013682618313338836,0.09264743355929822,0.0024089854888783117,0.08758634285109294,0.0977085242675035,7.4815583544071105,7.094029776381307,7.913872848171967,0.9879767791787398,0.058934046482040654,20
2021,Black non-Hispanic,Both,50–69,50,69,50,0.008362616054176994,0.07078749554669081,7.107827444952933e-4,0.06929419641295763,0.07228079468042399,9.791943834243316,9.589645266416422,10.002961524066835,0.9981884692466885,0.017388773612838502,20
2021,Black non-Hispanic,Male,50–69,50,69,50,0.010528993763364794,0.07135646570543648,5.554802412903099e-4,0.07018944502359126,0.0725234863872817,9.713866482979917,9.557554594913974,9.875376280963224,0.9989103937001059,0.013589412850843434,20
2021,Black non-Hispanic,Female,50–69,50,69,50,0.006360349121104082,0.07241793545365738,8.434114920144815e-4,0.07064599366109157,0.07418987724622318,9.571484967332616,9.34288081188639,9.81155681502853,0.9975644322721129,0.02063343772859877,20
2021,White non-Hispanic,Both,50–69,50,69,50,0.005358279045339818,0.07080242457108932,8.697704051395395e-4,0.06897510475698228,0.07262974438519636,9.789879156807539,9.543571802811204,10.049237083467839,0.9972910100008331,0.021278289023262054,20
2021,White non-Hispanic,Male,50–69,50,69,50,0.006639616377506589,0.07092298393253274,9.10991140550457e-4,0.06900906256688596,0.07283690529817952,9.773237702735672,9.516428213449505,10.044292079581911,0.9970389962449141,0.022286723797131137,20
2021,White non-Hispanic,Female,50–69,50,69,50,0.0040348152422013655,0.07243153235351787,7.914009494255975e-4,0.07076886065620196,0.07409420405083379,9.56968820122277,9.354944687500765,9.79452225361212,0.9978557370027576,0.01936103831040357,20
2022,Total,Both,50–69,50,69,50,0.004595974172461958,0.0763516687557747,9.078366542440056e-4,0.07444437471993479,0.07825896279161462,9.07835011147049,8.85709643770305,9.31094099678607,0.9974616758393651,0.022209551625082098,20
2022,Total,Male,50–69,50,69,50,0.005722264743980116,0.07618165765810299,8.94179610792057e-4,0.07430305600585581,0.07806025931035017,9.098609847408845,8.879642300496938,9.328649692487998,0.997526308410819,0.02187544216808443,20
2022,Total,Female,50–69,50,69,50,0.00344509888969892,0.07868168424620764,8.777884139909389e-4,0.07683751922058585,0.08052584927182943,8.809511224886549,8.607759953205868,9.020946896659327,0.997764714302866,0.021474443673642204,20
2022,Hispanic,Both,50–69,50,69,50,0.0034974466327959064,0.07792461696013067,7.287282094166369e-4,0.07639361580362188,0.07945561811663947,8.895098976419568,8.723702577486934,9.073365271016307,0.9984282944168147,0.017827796126132566,20
2022,Hispanic,Male,50–69,50,69,50,0.004465535947474408,0.07846069409639163,7.944506687469381e-4,0.07679161517653696,0.0801297730162463,8.83432384256492,8.650307550720377,9.026339385705885,0.9981579502572078,0.01943564743572659,20
2022,Hispanic,Female,50–69,50,69,50,0.002441302948128041,0.08138306041545333,8.498576632013365e-4,0.0795975757197659,0.08316854511114076,8.51709406136228,8.334246795271827,8.708144366108137,0.9980409513496489,0.020791138534233013,20
2022,American Indian or Alaska Native non-Hispanic,Both,50–69,50,69,50,0.014213461169573376,0.037114435434968666,0.0014557464185499087,0.03405602569923521,0.040172845170702125,18.67594569165593,17.25412222148145,20.35314357234324,0.9730539465565122,0.03561375836133909,20
2022,American Indian or Alaska Native non-Hispanic,Male,50–69,50,69,50,0.016920267755786218,0.03829493241551971,0.0016434602440439743,0.03484215056654781,0.041747714264491614,18.10023250697878,16.603236674672257,19.893926445098387,0.9679118912187477,0.040206038127266634,20
2022,American Indian or Alaska Native non-Hispanic,Female,50–69,50,69,50,0.011507480247624694,0.03749023248253408,0.0011992553921893944,0.03497069039720547,0.04000977456786269,18.48874052415834,17.324446039661176,19.820803441024864,0.9819143875079748,0.029338895295727484,20
2022,Asian non-Hispanic,Both,50–69,50,69,50,0.0018395341847452923,0.08591860472848022,0.0015024005457045214,0.08276217830873943,0.089075031148221,8.067486462919497,7.781610307904885,8.375168400887185,0.9945262395784074,0.03675511704158139,20
2022,Asian non-Hispanic,Male,50–69,50,69,50,0.0025537831579901978,0.08409558177604304,7.488633302601928e-4,0.0825222783003711,0.08566888525171498,8.242373331881836,8.091002684619028,8.399515801502396,0.9985746818128386,0.018320386950441834,20
2022,Asian non-Hispanic,Female,50–69,50,69,50,0.0012141723111796017,0.0910040485658652,0.0027612088163034535,0.08520296410598541,0.096805133025745,7.616663120853048,7.160231682917114,8.135247263202343,0.9836990899700166,0.06755092941735373,20
2022,Black non-Hispanic,Both,50–69,50,69,50,0.0070058724151476365,0.0744353670473406,8.217603990814419e-4,0.07270891251311314,0.07616182158156808,9.31206774488136,9.100979548100696,9.533180412166601,0.9978109659027588,0.02010375976947712,20
2022,Black non-Hispanic,Male,50–69,50,69,50,0.008892727253160508,0.07535830353042437,5.398285966166963e-4,0.07422416573383997,0.07649244132700878,9.198019967104239,9.061642804636193,9.338564788259095,0.9990771713088865,0.013206506951669824,20
2022,Black non-Hispanic,Female,50–69,50,69,50,0.0052541226645105915,0.07575453651789296,0.0011231618832957325,0.07339486096251832,0.0781142120732676,9.149909859143898,8.873509213788196,9.444083297792817,0.9960588322728673,0.027477323936819564,20
2022,White non-Hispanic,Both,50–69,50,69,50,0.004712802418095044,0.074571035704263,9.249731421104993e-4,0.07262773924337206,0.07651433216515395,9.295126103771148,9.05905025824191,9.543835286366859,0.9972382185103222,0.022628783113659102,20
2022,White non-Hispanic,Male,50–69,50,69,50,0.005770900572243894,0.07475379763964905,9.172961156782868e-4,0.07282663001279305,0.07668096526650506,9.272400900637367,9.039364308350958,9.517770909325119,0.9972969779037079,0.022440970345716467,20
2022,White non-Hispanic,Female,50–69,50,69,50,0.003604484577862618,0.07619838956909632,9.144299222747781e-4,0.07427724359113333,0.0781195355470593,9.096611942584468,8.872904526453471,9.33189153296324,0.9974144233251275,0.022370851046098955,20
2023,Total,Both,50–69,50,69,50,0.004143132473317524,0.07723198858464063,6.899634513134051e-4,0.07578242916281552,0.07868154800646573,8.974871594822481,8.80952647885099,9.146542123514493,0.998565479394851,0.016879445018802033,20
2023,Total,Male,50–69,50,69,50,0.00520654085085384,0.07647274198296267,7.011561284212373e-4,0.07499966761911242,0.07794581634681291,9.063977079759626,8.892679723512666,9.242003365669692,0.9984891130055273,0.01715326557769573,20
2023,Total,Female,50–69,50,69,50,0.003072613921740382,0.08024545957910219,6.42768289986783e-4,0.07889505351190092,0.08159586564630346,8.637836759806621,8.494881144647149,8.785686170494676,0.9988464426738547,0.015724850338098645,20
2023,Hispanic,Both,50–69,50,69,50,0.0031096480783322014,0.07646795785026934,7.930405295570022e-4,0.07480184152291862,0.07813407417762007,9.064544157399697,8.87125351974137,9.266445403587706,0.9980677455861071,0.019401149424447775,20
2023,Hispanic,Male,50–69,50,69,50,0.0040253863465795495,0.0760422445499783,6.736051611674442e-4,0.07462705262046149,0.0774574364794951,9.115290910493556,8.94874930108794,9.288148951629585,0.99858954097116,0.01647925156131564,20
2023,Hispanic,Female,50–69,50,69,50,0.0021296804055549504,0.08122693856690216,9.816500746527971e-4,0.07916456828925984,0.08328930884454448,8.533464301243338,8.322162714228682,8.755775412394735,0.9973779226824319,0.02401534230728154,20
2023,American Indian or Alaska Native non-Hispanic,Both,50–69,50,69,50,0.01223456643770713,0.03941957462817785,3.663843146736019e-4,0.03864982974628147,0.04018931951007423,17.583832070690857,17.247049440242314,17.934029337519487,0.9984474428609752,0.008963321004195304,20
2023,American Indian or Alaska Native non-Hispanic,Male,50–69,50,69,50,0.014925211864588893,0.04223369350896179,7.568082256610748e-4,0.040643698427434725,0.04382368859048886,16.412184750378575,15.816723850816619,17.054234909194854,0.9942532397447565,0.01851475293438495,20
2023,American Indian or Alaska Native non-Hispanic,Female,50–69,50,69,50,0.009549498164641488,0.03810770809626082,5.783460394088764e-4,0.036892648155180605,0.03932276803734104,18.189159495213982,17.627120753598277,18.788219746231768,0.9958711838675941,0.014148807673016489,20
2023,Asian non-Hispanic,Both,50–69,50,69,50,0.0016910132512816583,0.0850473861573162,0.0012573421371975774,0.08240580834915404,0.08768896396547837,8.150129144213768,7.904611358309871,8.411387430641726,0.9960812076537001,0.030759944507566722,20
2023,Asian non-Hispanic,Male,50–69,50,69,50,0.002295992371415188,0.08333936311191062,4.1615190632961175e-4,0.08246506039981441,0.08421366582400683,8.31716435880565,8.23081591066838,8.405343756487508,0.9995513775017343,0.010180848288396665,20
2023,Asian non-Hispanic,Female,50–69,50,69,50,0.001163233191453981,0.08939406545649221,0.002560554796981457,0.08401453944826895,0.09477359146471548,7.753838882037395,7.31371650949839,8.250324111896646,0.9854468672807675,0.06264207738975723,20
2023,Black non-Hispanic,Both,50–69,50,69,50,0.006380195955321506,0.074123111095368,6.303304140373718e-4,0.07279883603588262,0.07544738615485337,9.351296381342262,9.18715963383122,9.521404713370586,0.9987000195817856,0.015420566911434352,20
2023,Black non-Hispanic,Male,50–69,50,69,50,0.008255434122942686,0.07378969955775033,6.294670136622945e-4,0.07246723843514251,0.07511216068035816,9.39354929907886,9.228161915214395,9.56497302129576,0.9986918471901866,0.01539944446048048,20
2023,Black non-Hispanic,Female,50–69,50,69,50,0.0046738392733670815,0.07688218977068415,6.255338248737569e-4,0.0755679919710906,0.07819638757027769,9.015705492096277,8.864184166269713,9.17249701203013,0.9988098397934485,0.015303221908723125,20
2023,White non-Hispanic,Both,50–69,50,69,50,0.004279271420613635,0.07553037916658323,6.930996039231536e-4,0.07407423093261874,0.07698652740054772,9.177064754715452,9.003486765335175,9.357467122277155,0.9984865687266007,0.01695616867053468,20
2023,White non-Hispanic,Male,50–69,50,69,50,0.005272857317788977,0.07531188387050626,7.322075584904676e-4,0.07377357287284256,0.07685019486816996,9.20368931086315,9.019458984443448,9.395602701182252,0.9983014606814717,0.017912915825271918,20
2023,White non-Hispanic,Female,50–69,50,69,50,0.0032522021243097513,0.07758421596820408,6.663275028973409e-4,0.07618431383134829,0.07898411810505988,8.934126251195398,8.775779197002148,9.098292623523367,0.9986740565562227,0.016301209039784978,20
2005,Total,Both,70–89,70,89,50,0.002796920015532734,0.10116064151774094,9.62990281480813e-4,0.09913747401083998,0.1031838090246419,6.851945283862057,6.717596366251715,6.991777705412935,0.9983715090744931,0.023558844282191727,20
2005,Total,Male,70–89,70,89,50,0.0035198717098900005,0.10003616481106462,8.117423615428923e-4,0.09833075739270185,0.10174157222942738,6.928965958151956,6.8128215966320775,7.04913903786722,0.9988161942782356,0.019858675897996173,20
2005,Total,Female,70–89,70,89,50,0.001969312215898771,0.10766219414503633,0.0011649966679795178,0.1052146269684708,0.11010976132160187,6.438166954187996,6.295056607519503,6.587935542152876,0.9978967977019484,0.028500780971535182,20
2006,Total,Both,70–89,70,89,50,0.002672426228038601,0.10158489413795574,8.366680980783375e-4,0.0998271196903364,0.10334266858557507,6.823329260142043,6.707269998412806,6.943475707904695,0.9987804750110337,0.02046846558845339,20
2006,Total,Male,70–89,70,89,50,0.0032995396285572074,0.10099459305940889,6.562632327804363e-4,0.09961583516946064,0.10237335094935714,6.863210787454825,6.770777493674471,6.958202773492826,0.9992405442890957,0.01605499412250308,20
2006,Total,Female,70–89,70,89,50,0.0019198837715135976,0.10747450918387758,0.0011347114143976482,0.10509056896405647,0.10985844940369868,6.449410058472967,6.309457163488862,6.59571251152916,0.9979975490535378,0.027759874664480034,20
2007,Total,Both,70–89,70,89,50,0.002581695189377892,0.10196666588652528,8.660954502756241e-4,0.10014706686608874,0.10378626490696183,6.797782143149818,6.678602232976687,6.92129287707232,0.9987030478397584,0.021188383973285915,20
2007,Total,Male,70–89,70,89,50,0.003152850596067979,0.1017401385143148,8.243416789600898e-4,0.10000826091229825,0.10347201611633136,6.812917602450676,6.698885424061467,6.930899250090922,0.9988197079664929,0.020166908870645938,20
2007,Total,Female,70–89,70,89,50,0.0018583595337748969,0.10781462645613937,0.0010215121739458768,0.10566850901552194,0.10996074389675681,6.429064435352174,6.303587589501466,6.559638126985656,0.9983867449251159,0.024990539054400154,20
2008,Total,Both,70–89,70,89,50,0.002541645072511259,0.10253860033121495,9.143401156699822e-4,0.10061764302992734,0.10445955763250256,6.759865829267969,6.635555388799318,6.888922853756156,0.9985708028300915,0.022368653994001356,20
2008,Total,Male,70–89,70,89,50,0.0031173899795961077,0.10199008859644482,8.367365887755585e-4,0.10023217025521014,0.1037480069376795,6.796220986752894,6.681065024953324,6.915416266005824,0.9987899362659416,0.020470141162653503,20
2008,Total,Female,70–89,70,89,50,0.0018348588056957753,0.10836147172965348,0.0010803568093490949,0.10609172629756748,0.11063121716173947,6.396620214694475,6.265385108676742,6.533470655532524,0.9982140026904941,0.026430129493646325,20
2009,Total,Both,70–89,70,89,50,0.0024682159609077737,0.10220343873896237,8.685551615452316e-4,0.10037867205690688,0.10402820542101786,6.782033844578471,6.66306967187095,6.905323275914478,0.9987017088626048,0.021248558988438436,20
2009,Total,Male,70–89,70,89,50,0.003004347347488397,0.10188578130858758,8.43470737921498e-4,0.10011371504498993,0.10365784757218523,6.803178732668976,6.68687607156083,6.923598632299811,0.9987678886547968,0.020634887135850953,20
2009,Total,Female,70–89,70,89,50,0.001796557954355032,0.10771007439438532,0.0010083451533485206,0.10559161983754518,0.10982852895122545,6.435305002408182,6.311176041224862,6.5644146914912955,0.998424952303152,0.024668417643749437,20
2010,Total,Both,70–89,70,89,50,0.0023981510948696775,0.10308026749802873,9.800538466330677e-4,0.10102125077101431,0.10513928422504315,6.724344022227152,6.5926564525236175,6.861399708177318,0.9983755167836003,0.023976291770553538,20
2010,Total,Male,70–89,70,89,50,0.0029646390495421246,0.10215123274682127,9.411180736909903e-4,0.10017401704333467,0.10412844845030786,6.785499909510535,6.6566552260761735,6.919430816676684,0.99847450605054755,0.02302375691180226,20
2010,Total,Female,70–89,70,89,50,0.001734360245253317,0.10876414213410372,0.0011010868065695091,0.10645084459396321,0.11107743967424423,6.372938424001088,6.240215678293734,6.511429601181891,0.9981586187929374,0.026937273528096002,20
2011,Total,Both,70–89,70,89,50,0.002323657191847198,0.10389105239374569,9.613808068206855e-4,0.10187126626763139,0.10591083851985998,6.67186600375292,6.544629333946488,6.8041480778195265,0.9984610014325904,0.02351946967621359,20
2011,Total,Male,70–89,70,89,50,0.00290150189076134,0.10243263344565459,9.821196069790489e-4,0.10036927671719945,0.10449599017410974,6.766858931999371,6.633241901483811,6.905969667520444,0.9983480132885975,0.0240268290680229,20
2011,Total,Female,70–89,70,89,50,0.001670896911648493,0.10987334537649492,0.0010367411173240674,0.10769523311308467,0.11205145763990516,6.308601764921136,6.185972009284179,6.436191839912827,0.9983999520163883,0.025363103879330072,20
2012,Total,Both,70–89,70,89,50,0.0022698803117199295,0.10422520873593825,9.280844875238433e-4,0.1022753755808936,0.10617504189098291,6.650475340529962,6.528343838768119,6.777263604490096,0.9985747778025935,0.022704899875697824,20
2012,Total,Male,70–89,70,89,50,0.0028413570733174594,0.10257649919279883,0.0010052792338619606,0.10046448589378161,0.10468851249181606,6.757368266752139,6.6210433605514405,6.899424949954864,0.9982741620589213,0.024593412193378197,20
2012,Total,Female,70–89,70,89,50,0.0016307021341497815,0.11029017200255618,9.582060629255457e-4,0.10827705576586331,0.11230328823924905,6.284759267071234,6.172100491690645,6.40160720715196,0.9986431649934723,0.02344180191725508,20
2013,Total,Both,70–89,70,89,50,0.002254794957066218,0.1044079247415727,9.669161787596199e-4,0.10237650923055097,0.10643934025259444,6.638836872542021,6.512133379585185,6.770568617445083,0.9984586073023719,0.023654888452561817,20
2013,Total,Male,70–89,70,89,50,0.0028007316721970895,0.10308610319218017,0.0010759119222423156,0.10082569612138319,0.10534651026297716,6.723963357774159,6.579688105753457,6.874707611494904,0.9980430713873877,0.026321388621371372,20
2013,Total,Female,70–89,70,89,50,0.0016236981105283706,0.1103093709606472,0.0010030655015671813,0.10820200854059928,0.11241673338069513,6.283665426822396,6.165871927737197,6.406047262051188,0.9985138577756283,0.024539254871733196,20
2014,Total,Both,70–89,70,89,50,0.002278884445044613,0.10361232714103567,9.540004663540453e-4,0.10160804653487224,0.10561660774719911,6.689813844412962,6.562861611869248,6.82177449718074,0.9984763521385739,0.023338915110765884,20
2014,Total,Male,70–89,70,89,50,0.0028559336686861665,0.10195738726223068,0.0010921234549930942,0.0996629210249715,0.10425185349948986,6.798400774798162,6.6487756072685755,6.954915363019218,0.9979389783011716,0.026717991767837134,20
2014,Total,Female,70–89,70,89,50,0.001633738104208491,0.10962000913870164,9.480747202605789e-4,0.10762817806311083,0.11161184021429245,6.323181196627248,6.210337355150823,6.4402017485931875,0.9986553983979356,0.02319394611974231,20
2015,Total,Both,70–89,70,89,50,0.0022554849739614704,0.10422491604898386,0.0010532140204257746,0.10201219550038047,0.10643763659758725,6.650494016557216,6.512237613660596,6.7947481882924485,0.9981652997137421,0.025766101257924574,20
2015,Total,Male,70–89,70,89,50,0.002852089657917553,0.10210602627204593,0.0011413212057392289,0.09970819939591391,0.10450385314817795,6.788504125242915,6.632742809751895,6.951757074738136,0.9977560668951462,0.02792157831606271,20
2015,Total,Female,70–89,70,89,50,0.0016153623708811142,0.11036026071159577,0.0010721964259465882,0.10810765960885692,0.11261286181433462,6.280767878678225,6.15513334260824,6.411638019616863,0.9983038723433757,0.026230491755280985,20
2016,Total,Both,70–89,70,89,50,0.002284422982902427,0.10323604172635513,0.0011220316539607708,0.10087874069470085,0.10559334275800941,6.714197570624133,6.564307582803264,6.871092717718236,0.9978782335208322,0.02744967371291016,20
2016,Total,Male,70–89,70,89,50,0.002891991951447418,0.10110387880683025,0.0012565586106260884,0.09846394712691124,0.10374381048674926,6.855792168807657,6.681335274922044,7.03960384267899,0.9972273404403006,0.030740776110082708,20
2016,Total,Female,70–89,70,89,50,0.0016324148333633267,0.1093899298117454,0.0011078140402233348,0.10706249887815172,0.11171736074533908,6.336480714018347,6.20447149785414,6.474229425083932,0.9981573173672291,0.027101850318898803,20
2017,Total,Both,70–89,70,89,50,0.0021767196436814247,0.10489217831421611,0.0010275575502264598,0.10273336000932926,0.10705099661910297,6.608187490239227,6.474925058626264,6.7470506220861495,0.9982755562109779,0.025138434709382786,20
2017,Total,Male,70–89,70,89,50,0.002751902891942457,0.102782596760363,0.0011356453737442556,0.10039669436476592,0.10516849915596008,6.743818529668148,6.590825067609263,6.904083694644077,0.997807369187942,0.02778272328843373,20
2017,Total,Female,70–89,70,89,50,0.0015639661320381196,0.11083244920385917,0.0010189162328256825,0.10869178563315632,0.11297311277456201,6.254009412757884,6.135505728191462,6.377180911346638,0.9984810082492483,0.024927031276811423,20
2018,Total,Both,70–89,70,89,50,0.002146433226613117,0.10496702474804472,0.0010914889207602081,0.1026738916177407,0.10726015787834874,6.60347554123522,6.462298716230607,6.750958492355213,0.9980575003182257,0.026702468357609883,20
2018,Total,Male,70–89,70,89,50,0.002738886042830158,0.10255492470122722,0.0012498865730544053,0.09992901045209587,0.10518083895035857,6.758789815109198,6.590051833367529,6.936395921705111,0.9973335031273173,0.030577549650564854,20
2018,Total,Female,70–89,70,89,50,0.0015234478589480878,0.11127886202959271,0.0010434301014882379,0.10908669673192513,0.11347102732726029,6.22892046088335,6.108582929815632,6.354094507631103,0.9984198908033208,0.025526744924686633,20
2019,Total,Both,70–89,70,89,50,0.0020790343225251715,0.10553838514165559,0.00118187038670478,0.10305536759751932,0.10802140268579186,6.567725852822082,6.416757821374926,6.725968736213894,0.9977477733920734,0.028913584007614297,20
2019,Total,Male,70–89,70,89,50,0.002671636993750877,0.10288357547478619,0.0013003221981090413,0.10015169990936423,0.10561545104020814,6.737199571080379,6.562933488737949,6.920972696292054,0.9971329489367802,0.03181141987728204,20
2019,Total,Female,70–89,70,89,50,0.0014734131057141454,0.11185239249999603,0.0011562853471193204,0.10942312712942528,0.11428165787056677,6.196981263140795,6.065253107764595,6.334558321844461,0.9980801053769821,0.028287664956156495,20
2019,Hispanic,Both,70–89,70,89,50,0.0016291886814602814,0.10501556920217371,0.0015778693116497262,0.10170058878870884,0.10833054961563858,6.600423021328516,6.39844608025401,6.815567036686625,0.995952880993407,0.03860140452678658,20
2019,Hispanic,Male,70–89,70,89,50,0.0022191169924427215,0.10176280046294943,0.0017931326668859113,0.09799556852201263,0.10553003240388623,6.811400407679539,6.56824569054543,7.07325026033442,0.9944422524154403,0.043867663141435385,20
2019,Hispanic,Female,70–89,70,89,50,0.0010342259009706305,0.11441446514409656,0.0014464628131059334,0.11137555953965325,0.11745337074853987,6.058212829007046,5.901466906760207,6.223512442271168,0.9971313500761546,0.03538664182731177,20
2019,American Indian or Alaska Native non-Hispanic,Both,70–89,70,89,50,0.005317112837759003,0.07876866806927332,0.0010598868762663396,0.07654192837076314,0.08099540776778351,8.799782928287616,8.55785778061913,9.055784134447128,0.9967515853102494,0.025929347735784817,20
2019,American Indian or Alaska Native non-Hispanic,Male,70–89,70,89,50,0.0067011965500159915,0.07605718006606389,0.0019130458804911777,0.07203801981174765,0.08007634032038013,9.113500920726642,8.656079658319914,9.62196326844217,0.9887403447407495,0.04680125113399494,20
2019,American Indian or Alaska Native non-Hispanic,Female,70–89,70,89,50,0.0038965549017361913,0.0847367172906189,3.964917411319162e-4,0.08390371905290131,0.08556971552833648,8.180009831897074,8.100379629407662,8.261221175701591,0.9996060633321859,0.009699876902327799,20
2019,Asian non-Hispanic,Both,70–89,70,89,50,7.773679661366341e-4,0.12063322252129709,0.0015883954290674257,0.11729612755575121,0.12397031748684297,5.745906194602189,5.59123501989506,5.909378212255902,0.9968889807461276,0.03885891819635168,20
2019,Asian non-Hispanic,Male,70–89,70,89,50,0.0011065304803460506,0.11525991881446318,0.0015680306888473394,0.11196560858048947,0.11855422904843689,6.013774672839411,5.846667690586988,6.190715071777222,0.9966796749278717,0.03836070990399535,20
2019,Asian non-Hispanic,Female,70–89,70,89,50,5.115800566323943e-4,0.1289135540769204,0.00181000375567249,0.125110877293709,0.1327162308601318,5.3768371023760375,5.222776265326926,5.540263129421754,0.9964641326446413,0.044280401838011685,20
2019,Black non-Hispanic,Both,70–89,70,89,50,0.004379909706556171,0.08559883137524678,0.001062073878462152,0.08336749695562136,0.0878301657948722,8.097624341637772,7.891903360159812,8.314357583854594,0.9972365952715984,0.025982851125348334,20
2019,Black non-Hispanic,Male,70–89,70,89,50,0.006100998352454374,0.08179913401508097,0.0011683551009353315,0.07934451103269789,0.08425375699746405,8.473771622474054,8.226899372342627,8.735918484320852,0.996341248431311,0.028582942547368054,20
2019,Black non-Hispanic,Female,70–89,70,89,50,0.002899601489268686,0.09384099816226811,9.608507323351518e-4,0.09182232568132345,0.09585967064321277,7.38640033816955,7.230852932301648,7.548787023382164,0.9981164362392657,0.023506501796368064,20
2019,White non-Hispanic,Both,70–89,70,89,50,0.0020648702174345893,0.10632513551693515,0.0010743690903211357,0.10406796981572576,0.10858230121814454,6.519128117636331,6.383611074583835,6.660523711448472,0.9981655317716392,0.02628364438066234,20
2019,White non-Hispanic,Male,70–89,70,89,50,0.0026131934468402113,0.10401380347445763,0.0011799281307197987,0.10153486645872799,0.10649274049018727,6.663992253010529,6.508867903759271,6.826691211946357,0.9976890164625556,0.028866068152899785,20
2019,White non-Hispanic,Female,70–89,70,89,50,0.0014841455897797557,0.1122374278421897,0.0010589808738921435,0.11001259158403598,0.11446226410034341,6.175722251355741,6.055682945012318,6.3006167801298165,0.9984001547841126,0.025907183058463085,20
2020,Total,Both,70–89,70,89,50,0.0025055958271900827,0.10410383254863685,0.001120577696468685,0.10174958616832326,0.10645807892895044,6.658229227402459,6.510987118436995,6.812285009329465,0.997918778937776,0.027414103719310322,20
2020,Total,Male,70–89,70,89,50,0.0033220865961053597,0.10063614037854471,0.001185900167907304,0.09814465657826271,0.1031276241788267,6.88765664057325,6.72125617242966,7.062505537499278,0.9975066879390078,0.0290121696212672,20
2020,Total,Female,70–89,70,89,50,0.0017109336147835828,0.11136658319194524,0.001123263601378881,0.10900669393480783,0.11372647244908266,6.224014068612264,6.094862221900706,6.358757939897585,0.9981721878856294,0.027479812394416346,20
2020,Hispanic,Both,70–89,70,89,50,0.002569830277469058,0.10145079784978121,0.0015401754149100553,0.0982150093747593,0.10468658632480313,6.832348244183278,6.62116518356392,7.057446565169093,0.9958685361593776,0.037679251249898495,20
2020,Hispanic,Male,70–89,70,89,50,0.003777909787366489,0.09652905202143428,0.001772879213880446,0.09280437100630765,0.1002537330365609,7.1807105326801715,6.913928883896681,7.468906615538982,0.9939648820872262,0.043372177408392755,20
2020,Hispanic,Female,70–89,70,89,50,0.0014401108227843054,0.11403804312501974,0.0013594330873679182,0.11118198018953555,0.11689410606050392,6.078210056621623,5.929701709692489,6.234348222421607,0.9974485962581667,0.03325752401998464,20
2020,American Indian or Alaska Native non-Hispanic,Both,70–89,70,89,50,0.008587941733545915,0.0709792378684861,5.074228802068332e-4,0.06991318195573698,0.07204529378123523,9.765492013935726,9.62099179808579,9.914398989861262,0.9990809257443103,0.012413725091422108,20
2020,American Indian or Alaska Native non-Hispanic,Male,70–89,70,89,50,0.01250528435882971,0.0628200325517615,8.352141240651714e-4,0.061065312790192366,0.06457475231333062,11.033855800517397,10.734027707867089,11.350915092197331,0.9968282992157188,0.020432895190677553,20
2020,American Indian or Alaska Native non-Hispanic,Female,70–89,70,89,50,0.005471011211899377,0.08215839834047843,3.650186903056812e-4,0.08139152252891531,0.08292527415204155,8.436717299276271,8.358696279846795,8.516208556163775,0.9996448232712078,0.008929912015080338,20
2020,Asian non-Hispanic,Both,70–89,70,89,50,0.001097939406383846,0.11606765443629075,0.002029576110516631,0.11180367325335967,0.12033163561922182,5.971923736430911,5.7603071461053235,6.199681641847276,0.9945263494501119,0.049652076937881665,20
2020,Asian non-Hispanic,Male,70–89,70,89,50,0.0016618674638614612,0.10947822153630081,0.0019455761609518802,0.10539071769878947,0.11356572537381215,6.331370484769077,6.103489219818628,6.576928174462056,0.9943473560170704,0.047597080361524886,20
2020,Asian non-Hispanic,Female,70–89,70,89,50,6.599529737976354e-4,0.12650430257077253,0.0023298052990249262,0.12160956326858069,0.13139904187296436,5.479237990124216,5.275131162905091,5.699775263801381,0.9939318295979723,0.05699696175869139,20
2020,Black non-Hispanic,Both,70–89,70,89,50,0.0057966464576333305,0.08428775064664107,0.0011261438067435834,0.08192181030257253,0.0866536909907096,8.223581424848092,7.999049695808798,8.461082317393307,0.9967971391920452,0.027550274486290646,20
2020,Black non-Hispanic,Male,70–89,70,89,50,0.008389275992498408,0.07944599775858906,0.0011531263763519001,0.07702336913932807,0.08186862637785004,8.724758957225228,8.466578849886258,8.999180226797233,0.9962222041313409,0.028210383075089936,20
2020,Black non-Hispanic,Female,70–89,70,89,50,0.0037046302687016846,0.09336275216112892,0.0010663773963540105,0.09112237638591393,0.09560312793634392,7.42423680231369,7.250256299369914,7.606772431223543,0.9976572365862275,0.0260881335044436,20
2020,White non-Hispanic,Both,70–89,70,89,50,0.0023066861136326884,0.10659744692033117,9.763502186132123e-4,0.10454621122705252,0.10864868261360983,6.502474501832955,6.379710861520548,6.630055479051025,0.9984922308799516,0.023885685253045633,20
2020,White non-Hispanic,Male,70–89,70,89,50,0.0029887106863687057,0.10369341895391467,0.0010195215562981339,0.10155148364578707,0.10583535426204226,6.684582180360033,6.549297117140579,6.825574139100241,0.9982629676658649,0.024941840067410955,20
2020,White non-Hispanic,Female,70–89,70,89,50,0.001613912951679884,0.11316395077183598,0.001023083175658337,0.11101453277909559,0.11531336876457637,6.125158902922063,6.010987173352586,6.243751725183743,0.9985309393884121,0.025028972448197226,20
2021,Total,Both,70–89,70,89,50,0.002797229204930861,0.10043707074110954,0.0010442401137827414,0.09824320367075956,0.10263093781145952,6.901308206674289,6.753783949955782,7.055421186007688,0.9980580369155252,0.02554656127577538,20
2021,Total,Male,70–89,70,89,50,0.0035610293067227304,0.0982747425719549,0.0011942563360142924,0.09576570311392496,0.10078378202998484,7.053156919260675,6.8775666739091275,7.237948012926531,0.9973488708568341,0.0292165970874776,20
2021,Total,Female,70–89,70,89,50,0.001989688153696378,0.10639978025481496,9.597239104044943e-4,0.10438347513889984,0.10841608537073008,6.514554625018391,6.393397974015759,6.6403918784807265,0.9985376607994599,0.02347893493208227,20
2021,Hispanic,Both,70–89,70,89,50,0.002704644711998115,0.09758050121287017,0.001232381105527016,0.09499136458629184,0.10016963783944849,7.103336957122784,6.919733319500655,7.296949397229451,0.9971371974448646,0.030149291347759805,20
2021,Hispanic,Male,70–89,70,89,50,0.0036565154076890604,0.09423239404781222,0.001406067495241991,0.09127835585699182,0.09718643223863263,7.355720796059282,7.132139379887762,7.59377372710259,0.9960083965241675,0.03439840028262779,20
2021,Hispanic,Female,70–89,70,89,50,0.0016975899225002125,0.10768377295616519,0.00118029257382434,0.10520407027388481,0.11016347563844556,6.436876806332785,6.291987217567837,6.588596608053555,0.9978421900591153,0.028874983983635277,20
2021,American Indian or Alaska Native non-Hispanic,Both,70–89,70,89,50,0.010191686882781638,0.06372475669858535,3.820031122315068e-4,0.06292219794065751,0.06452731545651319,10.877204032939568,10.741918761940083,11.015940371530865,0.9993535884441119,0.00934542332300161,20
2021,American Indian or Alaska Native non-Hispanic,Male,70–89,70,89,50,0.013227831246997567,0.0590055476962641,4.8218208936488116e-4,0.05799252071730795,0.06001857467522025,11.747152727536355,11.548877731781984,11.952354751723606,0.9987994306593824,0.011796227830608092,20
2021,American Indian or Alaska Native non-Hispanic,Female,70–89,70,89,50,0.007374896825084389,0.07108540501909529,4.1244238614093943e-4,0.07021889571972217,0.0719519143184684,9.750907100743802,9.633477957125463,9.871234422805983,0.9993944149848142,0.010090097623340948,20
2021,Asian non-Hispanic,Both,70–89,70,89,50,0.0010800763860425318,0.11670258550114447,0.0017525189314461936,0.11302067985212949,0.12038449115015945,5.93943294043942,5.757778048796672,6.132923474419228,0.9959572426079275,0.04287407817246651,20
2021,Asian non-Hispanic,Male,70–89,70,89,50,0.0015661764816994525,0.11061304450034636,0.0017877969415103126,0.10685702250245183,0.11436906649824088,6.266414451306192,6.0606176283742474,6.486678781865189,0.9953198598034279,0.04373712857044992,20
2021,Asian non-Hispanic,Female,70–89,70,89,50,6.839640090563997e-4,0.12650288016297534,0.0019243527056965208,0.12245996515038005,0.13054579517557063,5.479299599083867,5.309609395137804,5.660194168018625,0.9958520277731863,0.04707786424158418,20
2021,Black non-Hispanic,Both,70–89,70,89,50,0.006049429564362354,0.08048573792124927,0.001145553804681598,0.07807901868471173,0.08289245715778681,8.61204976760169,8.362005474642054,8.877508865203849,0.996366836914378,0.028025125715563887,20
2021,Black non-Hispanic,Male,70–89,70,89,50,0.008243105587804226,0.07692271773385514,0.0013288159005168556,0.07413097912103654,0.07971445634667375,9.010955423574147,8.695376125322698,9.35030386457215,0.9946572316755471,0.032508497211246996,20
2021,Black non-Hispanic,Female,70–89,70,89,50,0.004160798513758109,0.08779142495904994,0.0010115139037701227,0.08566631310460904,0.08991653681349085,7.8953859204730055,7.708784225060893,8.09124561849099,0.9976161687894419,0.024745938776815146,20
2021,White non-Hispanic,Both,70–89,70,89,50,0.002668429770059476,0.1022687670638472,9.043844767643497e-4,0.10036872578376112,0.10416880834393329,6.777701545254848,6.654076124893231,6.9060075750417775,0.9985943352262939,0.022125096658877616,20
2021,White non-Hispanic,Male,70–89,70,89,50,0.003368228608034362,0.10030523630164086,0.0010371284431967426,0.09812631029676794,0.10248416230651378,6.910378820857295,6.763456566945951,7.0638259857486565,0.9980793181139108,0.025372579520046592,20
2021,White non-Hispanic,Female,70–89,70,89,50,0.0019089846908780074,0.10801033842731772,8.355771090328536e-4,0.10625485606262972,0.10976582079200572,6.4174151350000415,6.314781555484231,6.523440021897767,0.998923913138769,0.02044177534917433,20
2022,Total,Both,70–89,70,89,50,0.002413445475194254,0.1032527453324503,0.0011828928769379628,0.1007675796160472,0.1057379110488534,6.713111388255774,6.555332649230181,6.878672517500479,0.9976431315662103,0.028938598474163822,20
2022,Total,Male,70–89,70,89,50,0.003057988261672799,0.10112805531236473,0.001416239890262498,0.09815264571264369,0.10410346491208576,6.854153166685047,6.658252740629724,7.0619306848766525,0.9964821899945915,0.03464726039562556,20
2022,Total,Female,70–89,70,89,50,0.0017293187220234246,0.10912852874776663,0.001039506753111608,0.10694460609917505,0.1113124513963582,6.351658805572699,6.22704083743342,6.4813664367247785,0.998369421147513,0.02543076311132121,20
2022,Hispanic,Both,70–89,70,89,50,0.001971768026130792,0.10302761503460824,0.001537238163378938,0.09979799749606577,0.1062572325731507,6.727780511342601,6.523294121016767,6.9455018933347885,0.9960087339850344,0.03760739356579724,20
2022,Hispanic,Male,70–89,70,89,50,0.0027059130996283354,0.09909362275641574,0.0018472211398035667,0.09521275515060326,0.10297449036222822,6.994871731188857,6.731251381984956,7.279982387481133,0.9937840018829242,0.0451908975867188,20
2022,Hispanic,Female,70–89,70,89,50,0.001218276759020703,0.11372954882956393,0.0013584135425364343,0.11087562787828723,0.11658346978084064,6.094697356082029,5.94550138079573,6.251573892513526,0.9974386079798773,0.03323258161050705,20
2022,American Indian or Alaska Native non-Hispanic,Both,70–89,70,89,50,0.008222690862068498,0.06539786940388859,0.0012401706269907573,0.06279236759998416,0.06800337120779301,10.598926033494456,10.192835564606721,11.038717077457678,0.9935685922841367,0.030339856223362577,20
2022,American Indian or Alaska Native non-Hispanic,Male,70–89,70,89,50,0.011092573025083726,0.058434158965618196,0.0020179840866869346,0.05419453172104193,0.06267378621019445,11.86202031191692,11.05960278568903,12.789983759391344,0.9789840038707461,0.04936848665709573,20
2022,American Indian or Alaska Native non-Hispanic,Female,70–89,70,89,50,0.005764802696804304,0.0746748541960573,4.978373815993837e-4,0.07362893666859927,0.07572077172351532,9.282203333669747,9.153989912977686,9.414059362011045,0.9992006233792285,0.012179222964658364,20
2022,Asian non-Hispanic,Both,70–89,70,89,50,9.294771602370973e-4,0.11867530606564645,0.002116407410354319,0.1142288990911036,0.1231217130401893,5.840702699991554,5.6297720641174696,6.068054459731102,0.9943079169422423,0.051776340402462796,20
2022,Asian non-Hispanic,Male,70–89,70,89,50,0.0013983363587279725,0.11124263038531912,0.0024988279140524647,0.10599278774591675,0.11649247302472149,6.230949215773139,5.950145640850536,6.539569298069037,0.9909993048287091,0.06113197489867806,20
2022,Asian non-Hispanic,Female,70–89,70,89,50,5.597742028924659e-4,0.13037365052302813,0.0019232402623289336,0.12633307266722232,0.13441422837883393,5.3166201742392225,5.156799164195436,5.486664465019265,0.9960982260585016,0.04705064913819866,20
2022,Black non-Hispanic,Both,70–89,70,89,50,0.0052582372508672625,0.08216499149352972,0.0013042718494193667,0.07942481801861864,0.0849051649684408,8.436040313039268,8.163781094089948,8.7270855363805655,0.9954848749449661,0.03190804517244684,20
2022,Black non-Hispanic,Male,70–89,70,89,50,0.007274865153266022,0.07862017399889361,0.0014512823626988255,0.07557114289648656,0.08166920510130066,8.816403542552573,8.487252688454369,9.172114566394509,0.9939038909215234,0.035504548539926406,20
2022,Black non-Hispanic,Female,70–89,70,89,50,0.0035124391852328187,0.09006329941304195,0.0011834890004291734,0.08757688128765746,0.09254971753842643,7.696222380007228,7.489457547746185,7.914727841052192,0.9969014573266474,0.028953182194033547,20
2022,White non-Hispanic,Both,70–89,70,89,50,0.002370683824477275,0.10442286484086466,0.0010112478810411728,0.1022983118794382,0.10654741780229111,6.6378870338049785,6.50552772518754,6.775744074612308,0.9983147511679425,0.024739430727702523,20
2022,White non-Hispanic,Male,70–89,70,89,50,0.0029553951800095953,0.1026822517530816,0.0012067971667065879,0.10014686498744729,0.1052176385187159,6.750408845987771,6.587746981573338,6.921306829193569,0.997519884749801,0.029523399225703545,20
2022,White non-Hispanic,Female,70–89,70,89,50,0.001727443424854878,0.10979245954519644,9.056389059201674e-4,0.10788978280724898,0.1116951362831439,6.313249411036365,6.205706028262838,6.424585929497057,0.9987767758270676,0.022155785339452363,20
2023,Total,Both,70–89,70,89,50,0.0021079534051348385,0.10514779353741176,0.0013501495900430163,0.10231123450606798,0.10798435256875553,6.592122927556463,6.41895945172803,6.774888250603949,0.9970409727735043,0.03303041013101041,20
2023,Total,Male,70–89,70,89,50,0.0027276326143455746,0.10203945397192321,0.0016076492575080787,0.09866190821384735,0.10541699972999907,6.792933062447287,6.575288448118228,7.0254791652474955,0.9955518161326822,0.039329948854492765,20
2023,Total,Female,70–89,70,89,50,0.0014935432263871067,0.11164056715032296,0.0011261920523221946,0.10927452544605497,0.11400660885459095,6.208739334211992,6.079885960330736,6.343172644589776,0.9981716531601019,0.02755145477865253,20
2023,Hispanic,Both,70–89,70,89,50,0.0016420881423421312,0.10464811281296194,0.0016872649697730203,0.10110330065023916,0.10819292497568471,6.623599431733762,6.406585095242811,6.855831373476585,0.9953425430367615,0.041277688311199746,20
2023,Hispanic,Male,70–89,70,89,50,0.0022727688588999933,0.09971814107318297,0.0020615029501591716,0.09538708408917164,0.1040491980571943,6.951063999992196,6.661725352067899,7.266677529548589,0.9923657941734694,0.05043314343255543,20
2023,Hispanic,Female,70–89,70,89,50,0.0010227602562714617,0.11573022147903342,0.0014077611990898583,0.11277262494846939,0.11868781800959745,5.989335989351072,5.840086979304779,6.146413465827134,0.9973436716655312,0.034439835493324515,20
2023,American Indian or Alaska Native non-Hispanic,Both,70–89,70,89,50,0.00635938394382484,0.06971136262366932,0.0014049953060745494,0.0667595770187021,0.07266314822863655,9.943101877119222,9.53918454481134,10.382737751105978,0.9927414269253881,0.03437216996844646,20
2023,American Indian or Alaska Native non-Hispanic,Male,70–89,70,89,50,0.009704562651936737,0.058701107877617544,0.0018025905788741558,0.054914005600929974,0.06248821015430511,11.808076638094237,11.09244734083956,12.62241158652988,0.9833096892824534,0.044099043956019615,20
2023,American Indian or Alaska Native non-Hispanic,Female,70–89,70,89,50,0.003922276700425412,0.08316251444548271,0.001082382748890208,0.08088851267236259,0.08543651621860283,8.334851166799902,8.11300847972802,8.569167087637338,0.99696011755005,0.026479692604606104,20
2023,Asian non-Hispanic,Both,70–89,70,89,50,7.660497687926983e-4,0.12186899710377075,0.0020054012887520374,0.1176558053367038,0.1260821888708377,5.687641623650472,5.497582067440356,5.891313042958805,0.9951496063613827,0.049060657821350176,20
2023,Asian non-Hispanic,Male,70–89,70,89,50,0.0011269585301001315,0.11517167802186769,0.0023299455625974065,0.11027664403684499,0.12006671200689038,6.0183822313358775,5.773017091699546,6.285530237285377,0.9926871767549774,0.05700039320314735,20
2023,Asian non-Hispanic,Female,70–89,70,89,50,4.869424877534305e-4,0.13161214055683684,0.0017844965055814235,0.12786305251752772,0.13536122859614597,5.266589978913146,5.120721699623231,5.421012301148741,0.99670179804082,0.04365638584894241,20
2023,Black non-Hispanic,Both,70–89,70,89,50,0.0047236628687018665,0.08268634397063158,0.00157212229087006,0.07938343759978844,0.08598925034147473,8.382849540501347,8.06085851205082,8.731634727818747,0.9935351150887002,0.038460807918245035,20
2023,Black non-Hispanic,Male,70–89,70,89,50,0.006821371162027129,0.07734651879672878,0.0015910305579200767,0.07400388763089749,0.080689149962560075,8.96158212862271,8.590339356426075,9.366361724360926,0.9924412011367872,0.03892338467280215,20
2023,Black non-Hispanic,Female,70–89,70,89,50,0.0030817825858264632,0.09155455599423101,0.0015158700937822774,0.08836983110406157,0.09473928088440045,7.570864967152716,7.31636522981121,7.843708332357416,0.9950898039822738,0.03708463956306249,20
2023,White non-Hispanic,Both,70–89,70,89,50,0.0020699420782293457,0.10659915535479135,0.0012101985125647203,0.10405662262667721,0.10914168808290549,6.502370288516457,6.3508929789817925,6.661250029676071,0.9976854219296954,0.029606610633920866,20
2023,White non-Hispanic,Male,70–89,70,89,50,0.002637044009493536,0.10380745411788131,0.0014404397915916013,0.10078120241208631,0.10683370582367631,6.677238994541024,6.488094513017737,6.877742713623535,0.996546153261761,0.03523929306513501,20
2023,White non-Hispanic,Female,70–89,70,89,50,0.0014915423693628983,0.11262029206929439,9.93411926334013e-4,0.11053321105822095,0.11470737308036782,6.1547272505158945,6.042743042108576,6.270940416223366,0.99860141095864,0.024303087300722077,20
2005,Total,Both,30–80,30,80,50,0.004444794892694796,0.08070412131482982,5.302040051289769e-4,0.07963863647549588,0.08176960615416376,8.588745769945898,8.47683159012806,8.703654548043659,0.9978895593660843,0.0546307414761312,51
2005,Total,Male,30–80,30,80,50,0.005636115580559526,0.07908750966430296,6.290242573874038e-4,0.07782343809310363,0.08035158123550229,8.764306570052554,8.626428626568051,8.906663564910902,0.9969099110571703,0.06481290457092509,51
2005,Total,Female,30–80,30,80,50,0.0033016578069710555,0.0850919783187185,4.895819727167643e-4,0.084108126509802,0.08607583012763499,8.145858096796266,8.052750458893426,8.241143981243782,0.9983805565440473,0.050445160587494244,51
2006,Total,Both,30–80,30,80,50,0.004387812124057201,0.07987492264611726,5.403853012979498e-4,0.07878897772612027,0.08096086756611424,8.677907378150548,8.561508805397962,8.797514583440925,0.9977622616360738,0.05567979382865686,51
2006,Total,Male,30–80,30,80,50,0.005565364709286946,0.07805489469250508,6.62169295857306e-4,0.07672421567276293,0.07938557371224723,8.88025258749727,8.731399776392998,9.034268704893549,0.9964859732452837,0.06822807686375823,51
2006,Total,Female,30–80,30,80,50,0.0032527673282535976,0.08456389608968466,4.733228916138602e-4,0.08361271812753104,0.08551507405183828,8.196727121286187,8.105555520419326,8.289973057719717,0.9984672372083662,0.04876987023174499,51
2007,Total,Both,30–80,30,80,50,0.004291614237080537,0.07976136005127647,5.555016120946111e-4,0.07864503776742576,0.08087768233512718,8.690262805377682,8.570314585521874,8.813616220895785,0.9976288957686494,0.05723733632025754,51
2007,Total,Male,30–80,30,80,50,0.005442645805983526,0.0779137107107452,6.624573477482788e-4,0.07658245282905594,0.07924496859243445,8.89634409960598,8.746891984081376,9.050992165361412,0.9964702132607964,0.06825775692697017,51
2007,Total,Female,30–80,30,80,50,0.0031816106639034674,0.084393660769431,4.97489246574367e-4,0.08339391869877708,0.08539340284008493,8.213261212280727,8.117104571391687,8.31172334116624,0.998300172035027,0.05125990402533489,51
2008,Total,Both,30–80,30,80,50,0.004243819192743711,0.08024620835778169,5.774526489080501e-4,0.07908577381392139,0.081406642901642,8.637756160010879,8.5146267657472,8.764498937455315,0.9974690752450619,0.05949910991247382,51
2008,Total,Male,30–80,30,80,50,0.005368831917747907,0.07840287855209467,7.037474273256563e-4,0.07698864514894763,0.07981711195524172,8.840838415127637,8.684192694777467,9.003239103882581,0.9960676285851049,0.0725121715317257,51
2008,Total,Female,30–80,30,80,50,0.003156029756035915,0.08481789866143173,5.304254990428975e-4,0.0837519687134132,0.08588382860945026,8.172180536171808,8.070753153215557,8.276189696886911,0.998087337268818,0.05465356359107727,51
2009,Total,Both,30–80,30,80,50,0.004197009174369421,0.07931724098980121,5.685697695165227e-4,0.07817465726040053,0.08045982471920189,8.7389219785024,8.614823397626969,8.866648154926544,0.9974884819654121,0.05858384280225247,51
2009,Total,Male,30–80,30,80,50,0.005283556682253002,0.07773800912628322,6.622809002026125e-4,0.07640710582921238,0.07906891242335405,8.916451403250463,8.766367960756408,9.071763326689668,0.996456177863262,0.06823957626413446,51
2009,Total,Female,30–80,30,80,50,0.003150276963548586,0.08330386547660214,5.531029206771408e-4,0.0821923635436255,0.08441536740957878,8.320708488066884,8.211149247231642,8.433230907054297,0.9978445370635678,0.05699018184869344,51
2010,Total,Both,30–80,30,80,50,0.004095487498318475,0.08005725125800722,6.432993172464244e-4,0.07876449288000666,0.08135000963600779,8.658143636809134,8.520554375609304,8.800249391764849,0.9968460919888574,0.06628376691291125,51
2010,Total,Male,30–80,30,80,50,0.005152056803840161,0.07852304946904415,7.782489389972032e-4,0.07695909967291327,0.08008699926517503,8.827308481354919,8.65492760272956,9.006695550050818,0.9952098017822302,0.08018859944312778,51
2010,Total,Female,30–80,30,80,50,0.003076643807104224,0.08394369140785567,5.335256591355813e-4,0.08287153145488375,0.08501585136082758,8.257287342680272,8.153152258842448,8.364116945724634,0.9980245238603443,0.054972995437912966,51
2011,Total,Both,30–80,30,80,50,0.004106443414840215,0.07933650297892099,6.905636198221304e-4,0.0779487634288641,0.08072424252897788,8.736800268901547,8.586604950936811,8.892343509624885,0.9963013088846341,0.07115374878797258,51
2011,Total,Male,30–80,30,80,50,0.005144350808506966,0.0778710928407191,8.03081954902613e-4,0.07625723923076146,0.07948494645067673,8.901212956876547,8.72048370807003,9.08959185451781,0.9948155125849998,0.08274732412056791,51
2011,Total,Female,30–80,30,80,50,0.003104996561511406,0.0830006799283265,6.097308751636917e-4,0.08177537986028441,0.0842259799963686,8.35110243866072,8.22961253273432,8.476233088054219,0.9973626833957399,0.06282496829306276,51
2012,Total,Both,30–80,30,80,50,0.0040769965850353095,0.07913158731133141,7.058118411665201e-4,0.07771320531325057,0.08054996930941224,8.759424701451536,8.605182429026092,8.91929727728988,0.9961168471052614,0.07272488297439492,51
2012,Total,Male,30–80,30,80,50,0.005117879778037407,0.07753221833882455,8.381275683165229e-4,0.07584793793198032,0.07921649874566879,8.940117997537666,8.750035554908232,9.138642387108176,0.9943065929998618,0.08635832635323117,51
2012,Total,Female,30–80,30,80,50,0.0030693776194024363,0.08302414236170223,5.927589886788025e-4,0.08183294857646754,0.08421533614693692,8.34874243614811,8.230652661061146,8.470270137122634,0.9975085040381613,0.06107623245940438,51
2013,Total,Both,30–80,30,80,50,0.004099656707228396,0.078790310569974,7.151699464916537e-4,0.07735312275516533,0.08022749838478267,8.797365761673936,8.63977058384036,8.96081704101157,0.9959791376237992,0.0736891160389856,51
2013,Total,Male,30–80,30,80,50,0.005143338732957498,0.07723886318627031,8.601352398791922e-4,0.07551035670762686,0.07896736966491376,8.974072791417735,8.777640479874306,9.17949816134208,0.9939601412089754,0.08862593543200328,51
2013,Total,Female,30–80,30,80,50,0.0030877008809049237,0.08260850678435076,5.778492317856632e-4,0.08144727527736013,0.08376973829134139,8.390748211554092,8.274434117834534,8.510378993029606,0.9976081408536928,0.05953997270575934,51
2014,Total,Both,30–80,30,80,50,0.004134281392740734,0.07801133074956947,7.240621851322005e-4,0.0765562733121861,0.07946638818695283,8.885211595544673,8.722520255095091,9.054087282088368,0.9957965772563248,0.07460534750011462,51
2014,Total,Male,30–80,30,80,50,0.005177967462087575,0.07652665946553402,9.003933379918012e-4,0.07471725130982956,0.07833606762123849,9.057590980723836,8.84837855164457,9.2769362952830825,0.993262494218951,0.09277401754574674,51
2014,Total,Female,30–80,30,80,50,0.0031212958714015135,0.0817372156107579,5.529779569782465e-4,0.0806259648017361,0.0828484664197797,8.480190759871153,8.366445518108703,8.597071455385795,0.9977623140396104,0.056977305937794674,51
2015,Total,Both,30–80,30,80,50,0.004228617914984572,0.07680335345586192,8.607689794827602e-4,0.07507357342980436,0.07853313348191948,9.024959840565941,8.826175014645596,9.232905120841956,0.9938829200577118,0.0886912341926893,51
2015,Total,Male,30–80,30,80,50,0.005311612114003694,0.0751353452430803,0.0010124854268841505,0.07310067960125968,0.07717001088490091,9.225314375244475,8.982079600763235,9.482089418878683,0.9911806237070775,0.10432367366029796,51
2015,Total,Female,30–80,30,80,50,0.0031765361660410223,0.08079553061280244,6.829683904893256e-4,0.07942305424753307,0.0821680069780718,8.579028756946029,8.435730718708141,8.727279341331485,0.9965109700547355,0.07037115754739633,51
2016,Total,Both,30–80,30,80,50,0.004384397707534539,0.07444477109266155,9.584651831586095e-4,0.07251866319493547,0.07637087899038764,9.310891421738454,9.076066554729424,9.558190264714547,0.9919431155914322,0.09875757845750953,51
2016,Total,Male,30–80,30,80,50,0.005530009135062796,0.07260171043439123,0.0010995535066764329,0.07039207493547565,0.07481134593330681,9.547256895363768,9.26526814766674,9.846949123112413,0.9888857229646693,0.11329492569148217,51
2016,Total,Female,30–80,30,80,50,0.0032690481069317595,0.07878913275983557,7.58116937481692e-4,0.07726563973542411,0.08031262578424703,8.797497272533652,8.630612855592913,8.970962810033615,0.9954838324091042,0.07811425417309643,51
2017,Total,Both,30–80,30,80,50,0.004421380592251377,0.07374617428274566,0.0010237932300133355,0.0716887847597703,0.07580356380572102,9.39909340791554,9.143991994049657,9.668837083550617,0.9906446616393754,0.1054887981471702,51
2017,Total,Male,30–80,30,80,50,0.0055937646006505365,0.07175334323702778,0.001153055761620794,0.06943619093144544,0.07407049554261012,9.66013776208621,9.357939021228802,9.982505826742305,0.9875045607267592,0.1188076487753911,51
2017,Total,Female,30–80,30,80,50,0.0032772698083316375,0.07837768304075872,8.171334216854027e-4,0.07673559195110904,0.0800197741304084,8.843680416011892,8.662198663924269,9.032929347851697,0.9947022642417505,0.08419514805577993,51
2018,Total,Both,30–80,30,80,50,0.004385157399770728,0.07378588766324358,9.736028527795163e-4,0.07182935947949948,0.07574241584698768,9.394034584546123,9.151374072358852,9.649914541668348,0.99154090739762,0.10031732170277165,51
2018,Total,Male,30–80,30,80,50,0.005561181193035645,0.07194824632499773,0.001064812040634778,0.06980842641594102,0.07408806623405444,9.633969081455122,9.355719696748428,9.92927668115525,0.9893814473824686,0.10971526195551749,51
2018,Total,Female,30–80,30,80,50,0.003239739180535288,0.07815666093481662,8.360098594203168e-4,0.07647663622332965,0.07983668564630358,8.86868978624914,8.682063577022223,9.063515536114762,0.9944248206803011,0.08614012353674698,51
2019,Total,Both,30–80,30,80,50,0.004396140916153152,0.07295259142970786,9.660981522271086e-4,0.07101114450635596,0.07489403835305977,9.501337333956322,9.255038128567238,9.76110419538308,0.9914799708393692,0.0995440582951619,51
2019,Total,Male,30–80,30,80,50,0.005594488942060982,0.07099241835610078,0.0010448798225947181,0.06889265373883843,0.07309218297336312,9.763678947843298,9.483191667877096,10.061264052732833,0.9894968578433851,0.10766150181742216,51
2019,Total,Female,30–80,30,80,50,0.003226794640839444,0.07758101978980776,8.378925192634373e-4,0.07589721173172012,0.0792648278478954,8.934494318815435,8.744700510673592,9.132709420341651,0.9943168835915022,0.08633410755456289,51
2019,Hispanic,Both,30–80,30,80,50,0.0032688712605449485,0.07421389297586792,0.0010514592363608454,0.07210090653162635,0.07632687942010949,9.33985744131945,9.081298565146435,9.613570950816037,0.9902599819357566,0.10833942625602458,51
2019,Hispanic,Male,30–80,30,80,50,0.00432186693011171,0.07213093689761658,0.0011658672459183045,0.0697880389504391,0.07447383484479407,9.609568520422876,9.307257804093034,9.932177361398463,0.9873605864647804,0.12012770837473823,51
2019,Hispanic,Female,30–80,30,80,50,0.002196984033209302,0.08156203507414096,8.217037004229558e-4,0.07991075966551353,0.0832133104827684,8.498404679700124,8.32976330996326,8.674015657732276,0.9950512455378279,0.0846660568263095,51
2019,American Indian or Alaska Native non-Hispanic,Both,30–80,30,80,50,0.009947342338502632,0.052340241258325385,5.403612874335501e-4,0.05125434459599565,0.05342613792065512,13.243102513397211,12.973933874639423,13.52367659802441,0.9948044584993186,0.05567731950706522,51
2019,American Indian or Alaska Native non-Hispanic,Male,30–80,30,80,50,0.01217663012773549,0.05157248802590512,5.411292574284139e-4,0.05048504807009084,0.052659927981719395,13.440250937898789,13.162706580240055,13.729751818748701,0.9946343124290773,0.05575644899278198,51
2019,American Indian or Alaska Native non-Hispanic,Female,30–80,30,80,50,0.007839353425301374,0.054533505274116774,6.986015941671869e-4,0.05312961280985939,0.05593739773837416,12.710482795407865,12.391480629861919,13.046343534265628,0.9920228078337544,0.0719819592394001,51
2019,Asian non-Hispanic,Both,30–80,30,80,50,0.0017672537899799789,0.08465305905250521,0.001192973917314503,0.08225568820972892,0.0870504298952815,8.188093712361034,7.962593423074144,8.426738571472583,0.9903624459264925,0.12292070417069402,51
2019,Asian non-Hispanic,Male,30–80,30,80,50,0.0023689965212906885,0.08315953245365507,0.0010333700532875157,0.08108289758377756,0.08523616732353258,8.335150043637357,8.132078228352913,8.548623707530464,0.9924905157484787,0.1064755672990311,51
2019,Asian non-Hispanic,Female,30–80,30,80,50,0.0012052321399012864,0.09077358986476917,0.0010006288868132523,0.08876275083227307,0.09278442889726528,7.636000532672201,7.470511903753013,7.8089871490094165,0.9940810465572366,0.10310200884986892,51
2019,Black non-Hispanic,Both,30–80,30,80,50,0.006590654117128755,0.06883970188497222,6.29094439211681e-4,0.06757548927811673,0.07010391449182772,10.06900322895297,9.887424769136794,10.257375684061977,0.9959245436488863,0.06482013591029885,51
2019,Black non-Hispanic,Male,30–80,30,80,50,0.008585696690624168,0.06752076340013909,8.071424868987328e-4,0.06589874984563249,0.06914277695464568,10.265689332513048,10.024867543497946,10.518366162994583,0.9930466918176201,0.08316571000899894,51
2019,Black non-Hispanic,Female,30–80,30,80,50,0.004832465501876582,0.07323970060636328,3.7737769829741607e-4,0.07248133172881997,0.0739980694839066,9.464090852655978,9.367098160725583,9.563113204835565,0.9987007557586852,0.03888394518922663,51
2019,White non-Hispanic,Both,30–80,30,80,50,0.0045391363633242535,0.07164669049332915,0.0010210336068772737,0.06959484664067184,0.07369853434598647,9.674517773078193,9.405169135465897,9.959748659821948,0.9901466612716939,0.10520445427828323,51
2019,White non-Hispanic,Male,30–80,30,80,50,0.005718838479070045,0.06981714971050797,0.0010836201623057578,0.06763953346588435,0.07199476595513159,9.928036068989247,9.627744063949411,10.247663534071403,0.9883337937529658,0.11165319833985128,51
2019,White non-Hispanic,Female,30–80,30,80,50,0.003370258740684403,0.07586567205733784,9.50140726175137e-4,0.07395629278222829,0.07777505133244739,9.13650616626816,8.912204732557568,9.372389481460173,0.9923729560442524,0.09789984963427546,51
2020,Total,Both,30–80,30,80,50,0.005316065692064949,0.07119264572165691,9.609885636604326e-4,0.06926146690096051,0.07312382454235332,9.736218868307754,9.479088175406833,10.007688424374576,0.991150840832424,0.09901758054445618,51
2020,Total,Male,30–80,30,80,50,0.006868108246886146,0.06899960855972695,0.0010298738224136593,0.06692999962883682,0.07106921749061708,10.045668302015773,9.753128077587995,10.356300379558085,0.9892016918886427,0.10611532542389839,51
2020,Total,Female,30–80,30,80,50,0.003797756201530368,0.07648717806041226,8.272882970844542e-4,0.07482467998462453,0.0781496761362,9.062266358061652,8.869482444839846,9.263617040559048,0.9943003242960018,0.08524147808588403,51
2020,Hispanic,Both,30–80,30,80,50,0.004713897589672109,0.07534747593951738,8.348566375503539e-4,0.0736697687141432,0.07702518316489156,9.199341741936328,8.99896828646407,9.40884154597426,0.9940203228641226,0.08602129877263144,51
2020,Hispanic,Male,30–80,30,80,50,0.006443772514977704,0.07329740147572503,8.611509271383886e-4,0.07156685389711684,0.07502794905433322,9.456640571214587,9.238519635635873,9.685310207381766,0.9932818457951791,0.08873058901353224,51
2020,Hispanic,Female,30–80,30,80,50,0.002958767316372086,0.08345228034425098,8.393787533994744e-4,0.08176548558684699,0.08513907510165497,8.30591060784232,8.141352014129074,8.477258779607208,0.9950672620367547,0.08648724497350617,51
2020,American Indian or Alaska Native non-Hispanic,Both,30–80,30,80,50,0.013989771980933843,0.05011235927731158,6.078081640919154e-4,0.04889092304182748,0.051333795512795675,13.831860853411634,13.502745581849068,14.177420621961657,0.9928431799748956,0.06262685750838479,51
2020,American Indian or Alaska Native non-Hispanic,Male,30–80,30,80,50,0.01721143918863647,0.049834440409306506,5.390507232331384e-4,0.04875117742434058,0.05091770339427243,13.9089989747432,13.6130880686562,14.218060305018795,0.9942994941884209,0.05554228262818847,51
2020,American Indian or Alaska Native non-Hispanic,Female,30–80,30,80,50,0.010946390658559174,0.051758968772932644,8.946421318916187e-4,0.04996111809859074,0.05355681944727455,13.391827484059664,12.942276776579922,13.873732353069517,0.9855718111843913,0.09218142931443266,51
2020,Asian non-Hispanic,Both,30–80,30,80,50,0.002182836447787523,0.08632805767028806,8.615720261023575e-4,0.08459666386162949,0.08805945147894663,8.029222471415675,7.871354737267059,8.19355219129789,0.9951430811432104,0.08877397787595859,51
2020,Asian non-Hispanic,Male,30–80,30,80,50,0.003036240676294093,0.08478646521008501,6.369028475499979e-4,0.08350656101919143,0.08606636940097859,8.175210263129335,8.053635646353454,8.300511625675096,0.9972426604480972,0.06562469252085651,51
2020,Asian non-Hispanic,Female,30–80,30,80,50,0.001396219684532077,0.09318647446909055,8.367495158436367e-4,0.0915049633623713,0.0948679855758098,7.43828097917642,7.306439325688491,7.57496812293115,0.9960647815873632,0.08621633567104373,51
2020,Black non-Hispanic,Both,30–80,30,80,50,0.00847681614809963,0.0681451315624079,6.607751137893997e-4,0.06681725425642546,0.06947300886839033,10.171631702334526,9.977215494913187,10.373775281154852,0.9954139636112862,0.06808442423309975,51
2020,Black non-Hispanic,Male,30–80,30,80,50,0.0111781408038696,0.06674410437286687,8.325756149373355e-4,0.06507098103405115,0.0684172277116826,10.385144681658605,10.131178998964128,10.652170438266893,0.9924330847797587,0.08578626856639472,51
2020,Black non-Hispanic,Female,30–80,30,80,50,0.006084943703845745,0.07300036293940934,3.8159223970786954e-4,0.07223352462381172,0.07376720125500696,9.495119649408604,9.396414243286717,9.595920788440246,0.998662899578975,0.03931819977804084,51
2020,White non-Hispanic,Both,30–80,30,80,50,0.005201688404846404,0.0703895472508928,0.0010968144415095928,0.06818541610950939,0.07259367839227622,9.847302726487612,9.54831324036742,10.165622212332242,0.9882426445738203,0.11301270005838929,51
2020,White non-Hispanic,Male,30–80,30,80,50,0.006617806293184531,0.06839329881102793,0.0011871998905167522,0.06600753130952292,0.07077906631253295,10.13472361488404,9.79310997829889,10.501031727874132,0.9854503871562862,0.12232576455836981,51
2020,White non-Hispanic,Female,30–80,30,80,50,0.0037947100444416086,0.07510442818971273,9.705804845804662e-4,0.07315397368225893,0.07705488269716654,9.22911201466131,8.99549978272089,9.475181533823434,0.9918831297209729,0.10000590531562492,51
2021,Total,Both,30–80,30,80,50,0.00589369530915604,0.06808836046009505,8.594705220975428e-4,0.06636118978184528,0.06981553113834481,10.180112663546689,9.928266236153403,10.445068613727184,0.9922529794101674,0.08855744476627352,51
2021,Total,Male,30–80,30,80,50,0.007532394782957661,0.06576368516076014,9.451606282265044e-4,0.06386431376716664,0.06766305655435365,10.539968659991276,10.244100929776074,10.853435035519007,0.9899801429606859,0.09738671423558798,51
2021,Total,Female,30–80,30,80,50,0.004263395639706123,0.07344853617159056,7.248913549660035e-4,0.07199181245504181,0.0749052598881393,9.437181687877537,9.25365163401162,9.628139046961888,0.9952498453387608,0.07469078284649469,51
2021,Hispanic,Both,30–80,30,80,50,0.005200134742390465,0.06924138262870601,8.486553048872818e-4,0.06753594594314616,0.07094681931426586,10.010591271361776,9.769954273631102,10.263381535270979,0.992692947722681,0.08744307495822526,51
2021,Hispanic,Male,30–80,30,80,50,0.006981509952035271,0.06610665399603624,9.238773447060463e-4,0.06425005296197026,0.06796325503010223,10.485286104504796,10.198852015739051,10.788274073022485,0.9905202318876672,0.0951937440797203,51
2021,Hispanic,Female,30–80,30,80,50,0.0033369907457629117,0.07872567655205842,7.278410628253127e-4,0.07726302517563885,0.08018832792847799,8.804588425500445,8.643990945642125,8.971266384978357,0.9958291820587077,0.07499471251494907,51
2021,American Indian or Alaska Native non-Hispanic,Both,30–80,30,80,50,0.015931635881486605,0.04572328740398027,6.361874073874051e-4,0.04444482094392108,0.04700175386403945,15.159609466304603,14.74726203973135,15.595679447882896,0.9906029628395452,0.06555097556250432,51
2021,American Indian or Alaska Native non-Hispanic,Male,30–80,30,80,50,0.019519843762337178,0.04420998503877443,6.61682650458541e-4,0.042880283969574905,0.04553968610797395,15.678521038901497,15.220728112102115,16.164705929927095,0.98914289903282,0.06817793427955803,51
2021,American Indian or Alaska Native non-Hispanic,Female,30–80,30,80,50,0.012464765792894943,0.04898351236707406,7.373369729392955e-4,0.04750177824483542,0.0504652464893127,14.150622261744298,13.735139106211179,14.592025944529919,0.9890192250451217,0.07597314460052224,51
2021,Asian non-Hispanic,Both,30–80,30,80,50,0.002290828074992996,0.08371689130856844,0.0010347813037625794,0.08163742042468285,0.08579636219245403,8.279657423077314,8.078981006270556,8.490557111605822,0.9925693314006424,0.10662097861074399,51
2021,Asian non-Hispanic,Male,30–80,30,80,50,0.0031321464365796532,0.08154123168776607,8.066337720921195e-4,0.0799202404339376,0.08316222294159455,8.500572853916562,8.334880382487464,8.672986677672768,0.9952278195740953,0.08311329345458529,51
2021,Asian non-Hispanic,Female,30–80,30,80,50,0.0014944245213223254,0.09131987683551107,9.601028270618363e-4,0.08939047796914983,0.09324927570187232,7.590321018593455,7.433271468788769,7.754150065056842,0.9946129000843926,0.09892631671644699,51
2021,Black non-Hispanic,Both,30–80,30,80,50,0.009083400709013359,0.06337200433034355,5.479847214769966e-4,0.062270787803738216,0.06447322085694888,10.937750634282134,10.750931492904288,11.131177314547072,0.9963495213731528,0.05646281688233788,51
2021,Black non-Hispanic,Male,30–80,30,80,50,0.011743380590698509,0.061653593062263146,6.786040400332413e-4,0.06028988718759649,0.06301729893692981,11.242608031943007,10.999315937893089,11.496906245705288,0.9940987811646004,0.0699214670524715,51
2021,Black non-Hispanic,Female,30–80,30,80,50,0.0066850151988825535,0.0682747348174593,3.5787975773009446e-4,0.06755554851845509,0.0689939211164635,10.152323292256755,10.04649640639927,10.260403412616634,0.9986554839324971,0.036874931790334624,51
2021,White non-Hispanic,Both,30–80,30,80,50,0.005814563895660604,0.06815177835868959,9.074389469179018e-4,0.06632821152175673,0.06997534519562244,10.170639670058831,9.90559144256008,10.450261881892922,0.9913876822807508,0.09349997743299823,51
2021,White non-Hispanic,Male,30–80,30,80,50,0.007331918785176554,0.06616954779657896,0.001006175797799328,0.06414756182912268,0.06819153376403525,10.475319896258709,10.164710225736506,10.805510931286243,0.9887969927485812,0.1036735470825869,51
2021,White non-Hispanic,Female,30–80,30,80,50,0.004285165952387161,0.07272739543312409,8.005505893957626e-4,0.07111862879260515,0.07433616207364303,9.530757652352934,9.324495120870797,9.746351867684183,0.9940978977449869,0.08248649928098054,51
2022,Total,Both,30–80,30,80,50,0.005233843165936192,0.06895769431050827,0.0010542035227970828,0.06683919301620084,0.0710761956048157,10.051774315985483,9.752170535601678,10.370370276492366,0.9886777097107083,0.10862218987414939,51
2022,Total,Male,30–80,30,80,50,0.006673111806614586,0.06639998451165506,0.001167078623031392,0.06405465221102828,0.06874531681228184,10.438965997624269,10.082827641229368,10.821184045717233,0.9850880173790962,0.1202525252928584,51
2022,Total,Female,30–80,30,80,50,0.0037848890403495987,0.07483458119289164,8.535693943721465e-4,0.07311926927478998,0.0765498931109933,9.262391390596646,9.054841912776004,9.479678714444267,0.9936655441294883,0.08794940902896266,51
2022,Hispanic,Both,30–80,30,80,50,0.004195555750328222,0.06797594367158206,0.0013506639474340145,0.06526168284913544,0.07069020449402869,10.196948260237562,9.805420503748811,10.621043624668465,0.9810216352210666,0.13916864493592224,51
2022,Hispanic,Male,30–80,30,80,50,0.0056337079077516585,0.06438834153649595,0.0015108379950200897,0.06135219891438959,0.0674244841586023,10.765103806363186,10.280348292015974,11.297837613402542,0.9737302429097033,0.15567253193076258,51
2022,Hispanic,Female,30–80,30,80,50,0.0026655837138279998,0.07873371806749066,0.0010130806152865877,0.07669785634979508,0.08076957978518624,8.80368916359035,8.581785152323818,9.03737357923951,0.99195263858387694,0.10438500021277325,51
2022,American Indian or Alaska Native non-Hispanic,Both,30–80,30,80,50,0.013765702987150182,0.04328651915059244,5.474555741177284e-4,0.04218636598541708,0.044386672315767796,16.013003451455823,15.616110521394361,16.430597051178843,0.9922232539444009,0.056408295014703326,51
2022,American Indian or Alaska Native non-Hispanic,Male,30–80,30,80,50,0.016749857217960105,0.0409732644300053,4.982539621203324e-4,0.03997198560592675,0.04197454325408385,16.91706019040904,16.513513354132964,17.340824331157833,0.9928061574086383,0.05133869818171673,51
2022,American Indian or Alaska Native non-Hispanic,Female,30–80,30,80,50,0.01082597683021328,0.04752222546260718,7.342797267463853e-4,0.046046635106611625,0.04899781581860274,14.5857474857811,14.146491409455475,15.053155978826767,0.9884368925557464,0.07565813448219404,51
2022,Asian non-Hispanic,Both,30–80,30,80,50,0.0020505272583852324,0.0823608632794177,0.00129975384928222,0.07974891012953675,0.08497281642929866,8.4159776010163,8.157281465851801,8.6916194771071,0.98794384605786,0.13392301045607974,51
2022,Asian non-Hispanic,Male,30–80,30,80,50,0.002760290594378614,0.08057323416830714,0.0010903047782053672,0.07838218468510194,0.08276428365151234,8.602697753351315,8.37495535487885,8.843172505903517,0.9911073537469405,0.11234196251278494,51
2022,Asian non-Hispanic,Female,30–80,30,80,50,0.0013667381272318064,0.08947303644732364,0.0012322013803435278,0.08699683506622882,0.09194923782841846,7.746995162816775,7.538367874820127,7.967498818000301,0.9907921619598022,0.12696259252078643,51
2022,Black non-Hispanic,Both,30–80,30,80,50,0.007979514997017058,0.06388478275983298,7.201441419616423e-4,0.06243759892498318,0.06533196659468278,10.849957542561384,10.60961756838281,11.10143875636121,0.9938120845174538,0.07420164326274092,51
2022,Black non-Hispanic,Male,30–80,30,80,50,0.01043261442257158,0.06226056735175066,8.552080573085123e-4,0.06054196241719007,0.06397917228631125,11.133004565215469,10.833950421522545,11.449037211306774,0.9908395494796224,0.08811825228623178,51
2022,Black non-Hispanic,Female,30–80,30,80,50,0.005754916917956045,0.06907473091541347,5.163669621322478e-4,0.06803705265504086,0.07011240917578608,10.034743116245352,9.886226827865581,10.18778964565553,0.9972692182847307,0.05320501116961542,51
2022,White non-Hispanic,Both,30–80,30,80,50,0.005276312868772984,0.06909814683960681,9.997696227058597e-4,0.06708903456298307,0.07110725911623056,10.031342550602757,9.747910258036248,10.331750711201842,0.9898461474896164,0.10301347267349797,51
2022,White non-Hispanic,Male,30–80,30,80,50,0.006616276261453898,0.06689437929596681,0.0011218433657997884,0.06463995064811784,0.06914880794381578,10.36181496644422,10.023993199176124,10.72320095560172,0.9864063176750927,0.11559161058923434,51
2022,White non-Hispanic,Female,30–80,30,80,50,0.003909514969487295,0.07409114419827824,8.345858577126973e-4,0.07241398112536053,0.07576830727119595,9.355331032612842,9.14824687951623,9.572007639795322,0.9938210637245327,0.08599339837360603,51
2023,Total,Both,30–80,30,80,50,0.004788883640442987,0.06881940557022734,0.001065872094533954,0.06667745540310482,0.07096135573734985,10.071972793380459,9.767952899962898,10.395525389645703,0.988382584702718,0.10982448695185182,51
2023,Total,Male,30–80,30,80,50,0.006147429140489584,0.06588679876318247,0.0011480130829436234,0.06357978009979857,0.06819381742656637,10.520274069640728,10.164369831713143,10.90200657303219,0.9853418264570911,0.11828806523302857,51
2023,Total,Female,30–80,30,80,50,0.003429791755211276,0.07522093165383241,9.030336498210041e-4,0.07340621759285769,0.07703564571480713,9.214817808290604,8.997746096995646,9.442622209530484,0.9929875410683734,0.09304606791044076,51
2023,Hispanic,Both,30–80,30,80,50,0.003788585320453506,0.06595020227537307,0.0014210126738536048,0.06309457039435006,0.06880583415639609,10.510160039627024,10.073959411412954,10.985845156368871,0.977757135660634,0.1464171814407886,51
2023,Hispanic,Male,30–80,30,80,50,0.005099115877988374,0.061840340778808615,0.0015481469830207317,0.05872922293829381,0.06495145861932342,11.20865719416398,10.671772355759385,11.802423834012378,0.9702052108686199,0.15951674596627025,51
2023,Hispanic,Female,30–80,30,80,50,0.0024019390722497835,0.07722142393999742,0.001107409399262286,0.07499600143387576,0.07944684644611909,8.976099444870822,8.724665755361835,9.242455161707463,0.9900234050263959,0.11410437494643003,51
2023,American Indian or Alaska Native non-Hispanic,Both,30–80,30,80,50,0.01200727240210544,0.04307692553598474,3.6735100992075646e-4,0.042338706043113565,0.04381514502885591,16.09091577301444,15.819807970587576,16.371477669962623,0.9964492154063371,0.03785082319228174,51
2023,American Indian or Alaska Native non-Hispanic,Male,30–80,30,80,50,0.01500045497474876,0.04106009340944232,3.6559077153765966e-4,0.04032541124803726,0.041794775570847376,16.88128601286978,16.584541275618864,17.188843439102744,0.9961304285555582,0.037669453140163914,51
2023,American Indian or Alaska Native non-Hispanic,Female,30–80,30,80,50,0.009105519298449511,0.04725192045922244,6.665111893274797e-4,0.045912516077880376,0.048591324840564505,14.669185375399056,14.264833956148884,15.09712905701302,0.9903448618182659,0.06867545345350744,51
2023,Asian non-Hispanic,Both,30–80,30,80,50,0.0018778453846582356,0.0817005385087323,0.001131676862085862,0.07942634871025242,0.08397472830721217,8.483997697100374,8.254235465033524,8.72691734941195,0.9906861931912576,0.1166048266121505,51
2023,Asian non-Hispanic,Male,30–80,30,80,50,0.002540573660506464,0.07904820516461508,9.205019847586316e-4,0.07719838717031582,0.08089802315891434,8.768664375319982,8.568159684178461,8.978778002585951,0.9933993699564837,0.09484595640763127,51
2023,Asian non-Hispanic,Female,30–80,30,80,50,0.0012406773881991052,0.09023157900729402,0.0010039834376630778,0.08821399875247841,0.09224915926210962,7.681869121495852,7.513859054156694,7.857564449661353,0.9939701652379689,0.10344765241059753,51
2023,Black non-Hispanic,Both,30–80,30,80,50,0.007331292781244212,0.06321138535940503,7.03143933016774e-4,0.061798364723476856,0.0646244059953332,10.965543258051914,10.725780297462236,11.21627058679471,0.9939734506803812,0.07244998916182292,51
2023,Black non-Hispanic,Male,30–80,30,80,50,0.009653069221675694,0.06133933112980892,7.855050667518733e-4,0.059760799599024805,0.06291786266059303,11.300207677404854,11.016699411724932,11.598693210444532,0.9920284983914637,0.08093625060315011,51
2023,Black non-Hispanic,Female,30–80,30,80,50,0.00523562601083244,0.06868915871577551,5.615532543095532e-4,0.0675606752015857,0.06981764222996532,10.091071044094088,9.92796603295278,10.259624826006426,0.9967357634484688,0.05786088065065189,51
2023,White non-Hispanic,Both,30–80,30,80,50,0.0048287887105846914,0.06940695141977701,9.746632632409631e-4,0.0674482922614284,0.07136561057812563,9.986711221009456,9.712621736783722,10.276719503487486,0.9904297558948526,0.10042658343828756,51
2023,White non-Hispanic,Male,30–80,30,80,50,0.006097162283193911,0.06677973101459476,0.0010628168131899482,0.06464392066520364,0.0689155413639859,10.379604260587055,10.057922593961838,10.722542405028518,0.9877406760819816,0.109509679286073,51
2023,White non-Hispanic,Female,30–80,30,80,50,0.003543578297235132,0.07497143485066382,8.477774141670405e-4,0.07326776235255628,0.07667510734877137,9.245483722442161,9.040054908655465,9.460466080901973,0.9937733356029391,0.08735261954763263,51
2005,Total,Both,40–85,40,85,50,0.004320931812713371,0.08425792617346552,6.942489604927348e-4,0.08285875932989717,0.08565709301703386,8.226492296201696,8.092116556209831,8.365406218553447,0.9970217151061842,0.0611372836857458,46
2005,Total,Male,40–85,40,85,50,0.0054429200898697405,0.08313500604651299,7.043889558860958e-4,0.08171540338502385,0.08455460870800212,8.337609071347613,8.197627440434799,8.482454370248876,0.9968512350793489,0.062030236805180175,46
2005,Total,Female,40–85,40,85,50,0.0032333509145329206,0.08834294006235342,8.269917187310505e-4,0.08667624776808934,0.0900096323566175,7.846095908407784,7.700811151118819,7.996968009212021,0.9961590382659979,0.07282693988902535,46
2006,Total,Both,40–85,40,85,50,0.004254156526534711,0.08370042800989935,7.05168964312921e-4,0.082279253344719,0.0851216026750797,8.281285974761872,8.143023143088351,8.424325117000276,0.9968866390475546,0.0620989262799678,46
2006,Total,Male,40–85,40,85,50,0.005343332531438336,0.08261205653884506,7.218803554349041e-4,0.08115720227787361,0.0840669107998165,8.39038766979515,8.24518438902192,8.5407968868454,0.9966515823929529,0.06357057279000793,46
2006,Total,Female,40–85,40,85,50,0.003197691588218593,0.08761511954002248,8.32448081355834e-4,0.08593743066945,0.08929280841059495,7.911273581534252,7.762631648594229,8.065719153578941,0.9960437176844634,0.07330744070165449,46
2007,Total,Both,40–85,40,85,50,0.004149265675272424,0.08376035386350894,7.008364077431368e-4,0.08234791089235377,0.08517279683466411,8.275361177311382,8.1381286786375,8.417301338294253,0.9969290465794824,0.0617173906131323,46
2007,Total,Male,40–85,40,85,50,0.0052133793088400245,0.08266389043389526,7.241383980787757e-4,0.08120448538699764,0.08412329548079288,8.385126527697627,8.239657952037856,8.535823818802639,0.9966348825055135,0.06376942162025309,46
2007,Total,Female,40–85,40,85,50,0.003115120776786195,0.08773608810110989,8.47119688423881e-4,0.0860288305493875,0.08944334565283228,7.900365694001996,7.7495667844351965,8.057149866311653,0.9959148509847067,0.07459945877368496,46
2008,Total,Both,40–85,40,85,50,0.004105424176239382,0.08417723514286243,6.965643357825258e-4,0.08277340196701237,0.0855810683187125,8.23437808789469,8.099305070352658,8.374032770045924,0.9969961426123986,0.06134118137085066,46
2008,Total,Male,40–85,40,85,50,0.005130930238795701,0.08318577069571317,6.980513792814274e-4,0.08177894058061363,0.08459260081081271,8.33252099202665,8.193945734215403,8.475864026101867,0.9969112279852902,0.06147213410599176,46
2008,Total,Female,40–85,40,85,50,0.003109169302789848,0.08780566786574402,8.882349607520017e-4,0.0860155479273571,0.08959578780413094,7.89410521448087,7.736381336087619,8.058394060865954,0.9955175832092596,0.0782201715311905,46
2009,Total,Both,40–85,40,85,50,0.004061833410791694,0.08325708304259956,7.147851569960349e-4,0.08181652821449606,0.08469763787070306,8.325383922053666,8.18378408165389,8.47197009805575,0.996767376240531,0.06294575203484837,46
2009,Total,Male,40–85,40,85,50,0.005063108724365289,0.08234941155985107,7.103124006687222e-4,0.08091787097981802,0.08378095213988411,8.41714794836354,8.273326607731056,8.566058055739322,0.996737045114554,0.06255187002997502,46
2009,Total,Female,40–85,40,85,50,0.003089155875819841,0.0866659407893307,9.054031027029367e-4,0.08484122073434242,0.08849066084431897,7.997919070016921,7.832998125976192,8.169934078746348,0.9952207566231498,0.07973204065097501,46
2010,Total,Both,40–85,40,85,50,0.003927678855816895,0.08449409059485313,6.786697624226308e-4,0.0831263215619111,0.08586185962779516,8.203498915487087,8.072818170543792,8.338480129229595,0.9971693516128888,0.059765340901226004,46
2010,Total,Male,40–85,40,85,50,0.004898406643885423,0.0835116579794312,6.78886406310298e-4,0.08214345232942277,0.08487986362943964,8.300005021223102,8.166214587549536,8.43825236100612,0.9971007096150707,0.05978441909877878,46
2010,Total,Female,40–85,40,85,50,0.0029856980625693713,0.08787506889802416,8.421378510288012e-4,0.08617785157984896,0.08957228621619935,7.887870692474991,7.738411174265507,8.043217228706412,0.9959752746238701,0.07416074582857218,46
2011,Total,Both,40–85,40,85,50,0.003923320395239823,0.08416681011957808,7.353938860270527e-4,0.08268472112723496,0.0856488991119212,8.235398009918306,8.092890717184575,8.38301406971347,0.9966522376832342,0.06476060777806442,46
2011,Total,Male,40–85,40,85,50,0.004872241928424387,0.08319396096155912,7.191109414207113e-4,0.08174468808779209,0.08464323383532615,8.331700673324391,8.189044169891556,8.479415565394532,0.9967233090594869,0.06332669132980549,46
2011,Total,Female,40–85,40,85,50,0.003002972789982877,0.08735854020471351,9.142188392596077e-4,0.08551605320012408,0.08920102720930294,7.934509653385279,7.770618817354333,8.105462712806062,0.995204272422252,0.08050837625597394,46
2012,Total,Both,40–85,40,85,50,0.0038839895547932448,0.08412278588796601,7.35459951503282e-4,0.08264056374940432,0.085605008026527707,8.239707865631942,8.09704007439786,8.387493370226938,0.9966481443818435,0.0647664256675996,46
2012,Total,Male,40–85,40,85,50,0.004826189492011988,0.08305839712863448,7.189619701429744e-4,0.08160942448675013,0.08450736977051884,8.345299265605282,8.202209847995482,8.493469779001844,0.9967139968188984,0.0633135725499638,46
2012,Total,Female,40–85,40,85,50,0.0029709907408898384,0.08733899672013866,9.143448020334501e-4,0.08549625585425924,0.08918173758601808,7.936285125658183,7.772299568523063,8.107339597906078,0.9952008203777868,0.08051946884995172,46
2013,Total,Both,40–85,40,85,50,0.0038966927480386837,0.08396059278667463,7.355532959789209e-4,0.08247818252468347,0.08544300304866578,8.255625139773365,8.112392540383317,8.40400648198698,0.9966343741249098,0.06477464581341526,46
2013,Total,Male,40–85,40,85,50,0.004840756943368165,0.08294055533081732,7.1891323177054e-4,0.0814916809146684,0.08438942974696624,8.357156252393697,8.213672999548425,8.505741601842203,0.9967051287734151,0.06330928052812228,46
2013,Total,Female,40–85,40,85,50,0.002981757019953825,0.08709074881952707,9.147255192430911e-4,0.0852472406685283,0.08893425697052583,7.958907116487339,7.793927831315495,8.131021897296932,0.9951695532573085,0.08055299575078186,46
2014,Total,Both,40–85,40,85,50,0.003907847122409827,0.08350593257907418,7.334698936952019e-4,0.08202772113849016,0.0849841440196582,8.30057409278777,8.15619417664087,8.450157714240062,0.9966169309582059,0.06459117624601274,46
2014,Total,Male,40–85,40,85,50,0.004829625167715426,0.08269140876957691,7.037156884347868e-4,0.08127316298947806,0.08410965454967576,8.38233609601971,8.240994262443055,8.528610860754647,0.9968235308451262,0.06197094720518158,46
2014,Total,Female,40–85,40,85,50,0.0030158522493935877,0.08622986869726916,9.264535331331958e-4,0.08436272428736366,0.08809701310717466,8.038365255934766,7.86799865412798,8.216273080500423,0.994946592973891,0.08158579371386532,46
2015,Total,Both,40–85,40,85,50,0.00392773473637153,0.08351037350074386,7.356957115131853e-4,0.08202767621910285,0.08499307078238487,8.300132684160143,8.15533753727607,8.45016234165272,0.9965967977423881,0.06478718727824283,46
2015,Total,Male,40–85,40,85,50,0.004869465245594347,0.08246452579738686,6.900833998067693e-4,0.08107375408975438,0.08385529750501934,8.40539824679268,8.265991549531567,8.549587820894322,0.996928253234597,0.06077045409022533,46
2015,Total,Female,40–85,40,85,50,0.003017056941975648,0.08649426490836676,9.359895198036712e-4,0.08460790198013525,0.08838062783659827,8.013793530637843,7.842750131187846,8.192463875569052,0.9948738884013789,0.08242555632853679,46
2016,Total,Both,40–85,40,85,50,0.004006538413960215,0.08220300442756903,7.246398996999345e-4,0.08074258867056561,0.08366342018457246,8.432139255575425,8.284949133453686,8.584653922702746,0.9965924723873381,0.06381358509564365,46
2016,Total,Male,40–85,40,85,50,0.0049924272228371435,0.0809222923960987,6.69302072988967e-4,0.07957340270068874,0.08227118209150866,8.565590025145681,8.42515158939823,8.710789749273168,0.9969990730964519,0.0589403989582386,46
2016,Total,Female,40–85,40,85,50,0.0030530687865121596,0.08553728103371293,9.080230947851394e-4,0.08370728073163688,0.08736728133578897,8.103451175713127,7.933715802554174,8.280608024792432,0.995066131980527,0.07996276364560558,46
2017,Total,Both,40–85,40,85,50,0.0040076236784419616,0.08219513303295453,7.66599662109238e-4,0.08065015293136003,0.08374011313454903,8.432946757103508,8.27736140559345,8.594493071201873,0.9961872467876394,0.06750866574219354,46
2017,Total,Male,40–85,40,85,50,0.005009883445853094,0.08077610125923586,7.079162430925288e-4,0.07934938981748513,0.08220281270098659,8.581092300251264,8.432158922362838,8.735381357743044,0.9966318964271941,0.0623408584565655,46
2017,Total,Female,40–85,40,85,50,0.003038701671480243,0.08571620319702043,9.3009609658383e-4,0.08384171768284866,0.0875906887111922,8.086536205607853,7.913480197026651,8.26733039012798,0.9948460718713518,0.08190656687694889,46
2018,Total,Both,40–85,40,85,50,0.003983486416887612,0.08205238179719412,7.51435971279558e-4,0.08053796210640665,0.0835668014879816,8.447618038354717,8.294528068776598,8.60646535411661,0.9963233308227788,0.06617331355481812,46
2018,Total,Male,40–85,40,85,50,0.0050137938290277795,0.08043775621704462,6.792647512066295e-4,0.07906878806300016,0.08180672437108907,8.617186917666267,8.472985391955225,8.766381748606818,0.996872117808671,0.059817737087820726,46
2018,Total,Female,40–85,40,85,50,0.0029880898302212227,0.08585714180049156,9.340915811173182e-4,0.08397460391634681,0.08773967968463631,8.073261769773667,7.900042296157586,8.254247691962195,0.9948188906025889,0.08225841914506395,46
2019,Total,Both,40–85,40,85,50,0.00399274434889879,0.08130346131360387,7.864662141274593e-4,0.07971844280725585,0.0828884798199519,8.525432612104135,8.362406718829694,8.694941297785311,0.9958997496871962,0.06925816353868082,46
2019,Total,Male,40–85,40,85,50,0.005050473042543687,0.07951396062407048,7.285853866668442e-4,0.07804559326056855,0.08098232798757242,8.717301655202867,8.559239994512332,8.881310931236758,0.996319342739896,0.06416103445416076,46
2019,Total,Female,40–85,40,85,50,0.00296972746601325,0.08540390029217931,9.294304078928151e-4,0.08353075638541009,0.08727704419894854,8.116106854471361,7.941918598662808,8.29810731464912,0.9948158956245801,0.08184794468136063,46
2019,Hispanic,Both,40–85,40,85,50,0.0029484320941459,0.08291218528611075,6.880177164831508e-4,0.08152557668966776,0.08429879388255374,8.360015818761198,8.22250412651986,8.502205181552455,0.9969793433989137,0.06058854489835365,46
2019,Hispanic,Male,40–85,40,85,50,0.0038590392428791784,0.08125943608533728,6.518713358145805e-4,0.07994567573242724,0.08257319643824733,8.530051572496932,8.394336303528203,8.670227303848954,0.9971764151981344,0.057405405052412956,46
2019,Hispanic,Female,40–85,40,85,50,0.0020307049860962736,0.08904514295671574,8.595057639261163e-4,0.08731292291005154,0.09077736300337995,7.784222221945105,7.635683144201237,7.9386550977570085,0.9959172475688053,0.07569020727289158,46
2019,American Indian or Alaska Native non-Hispanic,Both,40–85,40,85,50,0.009551453712422118,0.0570648163506136,8.285721458207099e-4,0.05539493891483925,0.058734693786387945,12.146664527949403,11.801324496231315,12.51282507280217,0.9908089231636705,0.07296611621455641,46
2019,American Indian or Alaska Native non-Hispanic,Male,40–85,40,85,50,0.011736578875922648,0.05586349077676255,7.784673095477079e-4,0.054294593003335626,0.05743238855018948,12.407874461870769,12.0689248359262,12.766412679755447,0.9915280709591202,0.06855376018153297,46
2019,American Indian or Alaska Native non-Hispanic,Female,40–85,40,85,50,0.007504150966475064,0.059804469401371206,0.001081124918867596,0.05762560529596231,0.061983333506780106,11.59022373240975,11.182799332406423,12.028458130721145,0.985824552474391,0.09520653918966701,46
2019,Asian non-Hispanic,Both,40–85,40,85,50,0.0015998675507689335,0.09366499913332038,8.916647299937512e-4,0.09186796694921583,0.09546203131742494,7.400279581205538,7.2609724619742435,7.545036682297691,0.9960283325404413,0.07852220550897372,46
2019,Asian non-Hispanic,Male,40–85,40,85,50,0.002179785255597565,0.09056501313528958,7.897963004579012e-4,0.08897328328093108,0.09215674298964809,7.65358670598871,7.521394073549302,7.790509184328391,0.9966648826933817,0.06955141919229786,46
2019,Asian non-Hispanic,Female,40–85,40,85,50,0.0011106222547378306,0.09913277897558263,0.001207982511032216,0.09669825019235315,0.10156730775881212,6.992108843540785,6.824510719590348,7.168146054154339,0.9935090058705905,0.10637793308610796,46
2019,Black non-Hispanic,Both,40–85,40,85,50,0.0062433300107960325,0.07315449842395555,5.091690358881056e-4,0.07212833565911587,0.07418066118879522,9.475113567766105,9.344041552768516,9.609915080195567,0.9978729884929122,0.04483868693011109,46
2019,Black non-Hispanic,Male,40–85,40,85,50,0.008021406978276907,0.07247217610580634,5.762467596500545e-4,0.07131082707152933,0.07363352514008334,9.564321341034102,9.41347272511094,9.72008331728749,0.9972259095405372,0.05074571749119075,46
2019,Black non-Hispanic,Female,40–85,40,85,50,0.004686661602499537,0.07650209270165927,5.485089344940505e-4,0.07539664558078726,0.07760753982253127,9.060499603103164,8.931441225234002,9.193342425522635,0.9977432043484208,0.04830305587858328,46
2019,White non-Hispanic,Both,40–85,40,85,50,0.004096324688443971,0.08065126684795819,8.933500414369812e-4,0.0788508381418181,0.08245169555409827,8.59437436818754,8.40670620418178,8.790612717562713,0.9946304810740884,0.0786706182105649,46
2019,White non-Hispanic,Male,40–85,40,85,50,0.005130038295241253,0.0790169666009052,8.29510428940535e-4,0.0773451981797555,0.08068873502205488,8.772130978665091,8.590383532106252,8.961735141579494,0.9951743607843607,0.07304874375098598,46
2019,White non-Hispanic,Female,40–85,40,85,50,0.0030720160891057877,0.08456415946491827,0.001054983502012277,0.0824379799233896,0.08669033900644695,8.196701592564162,7.995668127545304,8.40810487112971,0.993198458122304,0.09290446124763212,46
2020,Total,Both,40–85,40,85,50,0.004830468564836823,0.07959691458809431,8.260568475207517e-4,0.07793210640295375,0.08126172277323487,8.708216695922314,8.529811538628206,8.894244138301309,0.9952834238379563,0.07274461281380279,46
2020,Total,Male,40–85,40,85,50,0.006202638847931847,0.07756029175224821,7.498573055062285e-4,0.07604905365327119,0.07907152985122523,8.936882068134475,8.766077776212455,9.114474766776143,0.9959041071605179,0.06603429233516726,46
2020,Total,Female,40–85,40,85,50,0.003502430377419217,0.08427741183801818,9.749355104186321e-4,0.08231255842314669,0.08624226525288967,8.224590260225117,8.037209812699354,8.420916490004627,0.9941462743508994,0.08585523676328939,46
2020,Hispanic,Both,40–85,40,85,50,0.004348359684301425,0.08220115911722915,5.717754671682189e-4,0.08104882138083588,0.08335349685362242,8.432328546260893,8.315754068208863,8.552217894729818,0.9978756588723877,0.05035196439617723,46
2020,Hispanic,Male,40–85,40,85,50,0.0059275523440836244,0.08006425307356908,5.39303377784128e-4,0.07897735853319496,0.08115114761394321,8.657386460884476,8.54143411326016,8.77653030480386,0.99800760476231265,0.04749239174498442,46
2020,Hispanic,Female,40–85,40,85,50,0.0027483106754789175,0.09030100477841348,7.333393455648338e-4,0.0888230564402983,0.09177895311652866,7.675963099866222,7.552354401775313,7.803685308057808,0.9971065295955623,0.06457967985417759,46
2020,American Indian or Alaska Native non-Hispanic,Both,40–85,40,85,50,0.013463269836526568,0.054070560316380925,7.947379183150937e-4,0.05246887128562775,0.0556722493471341,12.819308261356285,12.45049712717647,13.21063639403678,0.9905839212999349,0.06998659030524747,46
2020,American Indian or Alaska Native non-Hispanic,Male,40–85,40,85,50,0.016892678360907888,0.05171460491999645,6.632722163125034e-4,0.05037786760221078,0.05305134223778212,13.403315787334316,13.065591770575402,13.758962289414711,0.9928141553184021,0.05840939483840282,46
2020,American Indian or Alaska Native non-Hispanic,Female,40–85,40,85,50,0.010254766396813653,0.05833468070607158,0.0011493400076811424,0.056018338122580065,0.0606510232895631,11.882248641292405,11.428449891944739,12.37357629287737,0.9832065153004036,0.10121372893537749,46
2020,Asian non-Hispanic,Both,40–85,40,85,50,0.0020155720922564228,0.09352733348705623,0.00068333886674942345,0.09215015449265229,0.09490451248146017,7.411172271428799,7.303627218941283,7.521931833714009,0.9976566943556526,0.060176513797448816,46
2020,Asian non-Hispanic,Male,40–85,40,85,50,0.0028653894597254455,0.08995004973013153,5.788426542015408e-4,0.08878346901414878,0.09111663044611427,7.705912143901288,7.607252124735535,7.807164872657582,0.9981812194222102,0.05097431839755703,46
2020,Asian non-Hispanic,Female,40–85,40,85,50,0.0013031597223903042,0.10032846976959105,0.0010491625648556464,0.09821402155606072,0.10244291798312137,6.908778556593056,6.766179587681689,7.057517547678217,0.9952114367272601,0.09239185509837804,46
2020,Black non-Hispanic,Both,40–85,40,85,50,0.00798757694044465,0.07274079303819105,4.24677054149162e-4,0.07188491267364852,0.07359667340273357,9.529002250443197,9.418186291748889,9.642457016074783,0.9985025119428864,0.0373981136621606,46
2020,Black non-Hispanic,Male,40–85,40,85,50,0.0103754861791879,0.07195628330533102,0.00043431315300753663,0.0710809826596052,0.07283158395105684,9.632893038940383,9.517123519182878,9.751513761132282,0.9983996108531709,0.0382466924041586,46
2020,Black non-Hispanic,Female,40–85,40,85,50,0.005901136015923699,0.07626333612511647,5.360536743087795e-4,0.07518299093175312,0.07734368131847982,9.088865184481026,8.961910898781214,9.21946802022209,0.9978308252122684,0.04720621480476124,46
2020,White non-Hispanic,Both,40–85,40,85,50,0.004663250972994288,0.0800092766775867,9.977281590497422e-4,0.07799848769772838,0.08202006565744502,8.663335169909356,8.450946423950196,8.8866746140788635,0.9932042869469092,0.08786241387785172,46
2020,White non-Hispanic,Male,40–85,40,85,50,0.005879497656730694,0.07839407032378215,9.246824058993362e-4,0.07653049538627398,0.08025764526129033,8.841831757135687,8.636525259410549,9.057136989136279,0.9939155556331353,0.08142982386111514,46
2020,White non-Hispanic,Female,40–85,40,85,50,0.0034579838495994953,0.08400731255545349,0.0011627312150301547,0.08166398176688812,0.08635064334401886,8.251033862110477,8.027122366633261,8.487795544167211,0.9916414331292754,0.10239299183554829,46
2021,Total,Both,40–85,40,85,50,0.00542230858812073,0.07564469562464311,8.414701967893377e-4,0.07394882387517307,0.07734056737411316,9.163196108282516,8.962271730009963,9.373336102410365,0.9945847936611389,0.07410195054191723,46
2021,Total,Male,40–85,40,85,50,0.006869033193922561,0.07380230084825994,7.966688191859878e-4,0.07219672034250209,0.07540788135401778,9.391945408112408,9.191972617634269,9.60081257530324,0.9948990913389195,0.07015663022036539,46
2021,Total,Female,40–85,40,85,50,0.003988178338446093,0.08013122757259653,9.509479455860913e-4,0.07821471791807841,0.08204773722711464,8.650150528793215,8.448096242328523,8.862106762130667,0.9938414329795194,0.08374283236724044,46
2021,Hispanic,Both,40–85,40,85,50,0.004793102737032754,0.0763294705464306,6.644639713676491e-4,0.07499033140415011,0.0776686096887111,9.080990285898936,8.92441854357916,9.243153985069403,0.9966767319579181,0.05851434374151485,46
2021,Hispanic,Male,40–85,40,85,50,0.0063914629444071485,0.07354933599876917,6.798113148701585e-4,0.07217926631803988,0.07491940567949847,9.42424797106999,9.251904420133748,9.60313419515468,0.9962550804660857,0.05986586883831809,46
2021,Hispanic,Female,40–85,40,85,50,0.003127720977873229,0.0849065132690401,7.345734384095417e-4,0.08342607778022185,0.08638694875785835,8.16365145467222,8.023748847789832,8.308519338353367,0.9967174363200232,0.06468835712794395,46
2021,American Indian or Alaska Native non-Hispanic,Both,40–85,40,85,50,0.01584809432736687,0.04733873079404188,8.53445989820764e-4,0.045618723419618055,0.04905873816846571,14.642284846538086,14.128923947854224,15.194357241962223,0.9859004706810951,0.07515656855013786,46
2021,American Indian or Alaska Native non-Hispanic,Male,40–85,40,85,50,0.01965781001355229,0.04467682809062619,8.453109008583738e-4,0.042973215910712376,0.04638044027054,15.514690952408438,14.944816748542587,16.1297488649705,0.9844927962154993,0.07444017245881432,46
2021,American Indian or Alaska Native non-Hispanic,Female,40–85,40,85,50,0.012212245468776268,0.05195953242814601,9.551766332551529e-4,0.05003450041361721,0.0538845644426748,13.3401350660437,12.863557267821125,13.853384661182723,0.9853485878400222,0.08411522108130974,46
2021,Asian non-Hispanic,Both,40–85,40,85,50,0.002095688177746154,0.09178226467618168,8.055311312650283e-4,0.09015882335402514,0.09340570599833822,7.552081908258069,7.420822669787187,7.68806817540393,0.9966222277377647,0.07093706738127,46
2021,Asian non-Hispanic,Male,40–85,40,85,50,0.0029382777528047716,0.08753972411427582,6.529156461946093e-4,0.08622385909208821,0.08885558913646344,7.918087332044814,7.800828144816163,8.038925511553073,0.9975582861776757,0.057497369612092626,46
2021,Asian non-Hispanic,Female,40–85,40,85,50,0.0013729698742777855,0.09948697557828817,0.0011363565202323852,0.09719679949440407,0.10177715166217227,6.967215321713089,6.810439958672657,7.13137864791373,0.994292268978957,0.10007037085988017,46
2021,Black non-Hispanic,Both,40–85,40,85,50,0.008636342249923308,0.06755534906368228,4.475692669983152e-4,0.06665333247565632,0.06845736565170825,10.26043370609391,10.125238883518866,10.399287699727576,0.9980724051606469,0.03941405864846614,46
2021,Black non-Hispanic,Male,40–85,40,85,50,0.011026762614167799,0.06637258189898608,4.336221238593393e-4,0.06549867393099854,0.06724648986697362,10.44327583360945,10.307559278277907,10.582613951698642,0.9981255093780301,0.038185838665121714,46
2021,Black non-Hispanic,Female,40–85,40,85,50,0.006499008766999399,0.07142829174212731,5.436903732325647e-4,0.07033255579337717,0.07252402769087744,9.704098525306573,9.557483259401684,9.85528213415522,0.9974572145867069,0.04787872143436386,46
2021,White non-Hispanic,Both,40–85,40,85,50,0.00532932106627444,0.07615722526696328,9.531450475691369e-4,0.07423628764435078,0.07807816288957578,9.101528819231154,8.877606169349143,9.337039910732825,0.9931551248525623,0.08393631461189319,46
2021,White non-Hispanic,Male,40–85,40,85,50,0.006643107918388358,0.07481481880080249,8.922816665347846e-4,0.07301654326279763,0.07661309433880734,9.264838058426339,9.047372208915478,9.49301554943793,0.9937802671948222,0.07857653446943554,46
2021,White non-Hispanic,Female,40–85,40,85,50,0.003997578979395326,0.0798556623040438,0.0011043498225349647,0.07762999148086411,0.08208133312722349,8.680000397728154,8.444638435459972,8.9288581299253,0.9916552126299921,0.09725178175377297,46
2022,Total,Both,40–85,40,85,50,0.004714509926235509,0.07809090865762708,9.295545765531904e-4,0.07621751450536597,0.07996430280988819,8.876157192624063,8.668207640200077,9.094329368496336,0.9938041298430408,0.081858879281261,46
2022,Total,Male,40–85,40,85,50,0.005942722359743674,0.07622122794275675,9.097482469662306e-4,0.07438775082491395,0.07805470506059956,9.093886300027977,8.880274161843346,9.318028477449225,0.9937708398267895,0.08011468482129103,46
2022,Total,Female,40–85,40,85,50,0.003485257225814364,0.0826653149580691,9.89887349935649e-4,0.08067032809065673,0.08466030182548147,8.384982031599773,8.1873932128047109,8.592343640662914,0.9937303093671459,0.08717193279914207,46
2022,Hispanic,Both,40–85,40,85,50,0.003673314988932572,0.07912551302163877,0.0010011284928081745,0.07710787111938142,0.08114315492389612,8.760097143008572,8.542275453919009,8.989318087731768,0.9930055924060968,0.08816185569403816,46
2022,Hispanic,Male,40–85,40,85,50,0.004862375886327454,0.07641035034700225,0.0010666067278155217,0.07426074573307928,0.07855995496092522,9.071378123672469,8.823161633744679,9.333964717394219,0.9914994037440342,0.09392803131214054,46
2022,Hispanic,Female,40–85,40,85,50,0.00241843611769096,0.08766515105036439,9.561832713449866e-4,0.08573809029007014,0.08959221181065864,7.906758526677565,7.736690126869741,8.084471886589512,0.9947926883201405,0.08420386812576965,46
2022,American Indian or Alaska Native non-Hispanic,Both,40–85,40,85,50,0.01350493075302544,0.046553285485907835,9.185918705038077e-4,0.044701985215946816,0.048404585755868854,14.889328934039858,14.319865974184152,15.505959684150104,0.983156976148943,0.08089347622292749,46
2022,American Indian or Alaska Native non-Hispanic,Male,40–85,40,85,50,0.016641672832507975,0.04307427727523818,7.706412891767859e-4,0.04152115180950375,0.04462740274097261,16.091905062755636,15.531873646851597,16.693833151355193,0.9861117552508508,0.06786458143619081,46
2022,American Indian or Alaska Native non-Hispanic,Female,40–85,40,85,50,0.01046823444298246,0.05205678165293847,0.0011323619800128616,0.04977465603588761,0.05433890726998933,13.315213859764588,12.756001461640754,13.925705082927845,0.9796051891420651,0.09971860175039271,46
2022,Asian non-Hispanic,Both,40–85,40,85,50,0.0018317506144135303,0.09256069977777595,0.0010219768740175469,0.09050104072404959,0.09462035883150231,7.4885689307026135,7.325560683978015,7.658996791798766,0.9946647071416725,0.08999781580189534,46
2022,Asian non-Hispanic,Male,40–85,40,85,50,0.002494701878425742,0.08937447071732454,7.368580023083622e-4,0.08788943099250286,0.09085951044214623,7.755538857983795,7.628779609167045,7.886581728115546,0.9970180774984392,0.06488954148561481,46
2022,Asian non-Hispanic,Female,40–85,40,85,50,0.0012548174193879318,0.09862329738243983,0.00156057213205681,0.09547817090991197,0.10176842385496769,7.028229626840303,6.81102403185259,7.259745070042884,0.9891031017087962,0.13742784876755287,46
2022,Black non-Hispanic,Both,40–85,40,85,50,0.007469529119661587,0.0691900754735031,5.757004413881843e-4,0.06802982747133639,0.07035032347566982,10.018014517492347,9.852793083455623,10.188871651217918,0.9969630526951553,0.0506976073513715,46
2022,Black non-Hispanic,Male,40–85,40,85,50,0.009650469497870936,0.06810935254814789,5.758513458712925e-4,0.06694880041797908,0.06926990467831669,10.176975035402744,10.006469386364245,10.353392088169526,0.9968645772215335,0.05071089637406834,46
2022,Black non-Hispanic,Female,40–85,40,85,50,0.005508757997302558,0.07332296841566627,6.636761087055598e-4,0.07198541710624806,0.07466051972508447,9.45334314113566,9.283985473343302,9.628994432815237,0.9964081166526869,0.05844496260330849,46
2022,White non-Hispanic,Both,40–85,40,85,50,0.004777173302553629,0.07806067632017073,9.961904784877584e-4,0.07605298633185689,0.08006836630848457,8.879594864345767,8.656941717649294,9.11400345984312,0.9928850508283233,0.087727001917466,46
2022,White non-Hispanic,Male,40–85,40,85,50,0.0059136892142359595,0.07666400866795131,9.859112597706571e-4,0.07467703508373053,0.0786509822521721,9.041363641211591,8.812950082906342,9.281932253774727,0.9927756893117368,0.08682178844717256,46
2022,White non-Hispanic,Female,40–85,40,85,50,0.003611788235480893,0.0818879238309456,0.0010683288383338207,0.07973484853132445,0.08404099913056676,8.464583642283083,8.247726558831914,8.693152283190669,0.992566684715969,0.09407968463146378,46
2023,Total,Both,40–85,40,85,50,0.004312611365937434,0.07815319876122126,0.001018106134623919,0.07610134067015793,0.08020505685228459,8.869082667718997,8.642188008625562,9.108212476363812,0.9925883577925093,0.08965694889989254,46
2023,Total,Male,40–85,40,85,50,0.005485468284046371,0.07573567329525141,9.86984351602692e-4,0.07374653703654795,0.07772480955395487,9.152188795598986,8.917965634625036,9.39904717446501,0.992582817207697,0.08691628757283121,46
2023,Total,Female,40–85,40,85,50,0.0031500636015452665,0.08340645729858845,0.0010758603525542877,0.08123820322942091,0.08557471136775599,8.31047382912493,8.099906730402584,8.532281032883773,0.9927322951189347,0.09474292843546332,46
2023,Hispanic,Both,40–85,40,85,50,0.0032972415596750366,0.07775696861589595,0.0011441008501863405,0.07545118486053687,0.08006275237125504,8.914277303992588,8.657548735594133,9.186697092181532,0.9905640589901032,0.10075235574469,46
2023,Hispanic,Male,40–85,40,85,50,0.004389020782570549,0.07427763285913856,0.0011685582323598845,0.07192255848879113,0.076632707229486,9.331842627166674,9.045056681662459,9.637409946532557,0.9892270837470742,0.10290613341991105,46
2023,Hispanic,Female,40–85,40,85,50,0.002156639622775424,0.08708767977070023,0.0011158597136141195,0.08483881228625423,0.08933654725514623,7.959187595593145,7.758831092725229,8.170166011061077,0.9928281283944485,0.09826537128165481,46
2023,American Indian or Alaska Native non-Hispanic,Both,40–85,40,85,50,0.0117101914299003,0.04701313209475199,8.446376296916147e-4,0.04531087680371647,0.04871538738578751,14.743692872088399,14.228505976371805,15.297589220411915,0.9859966928310876,0.07438088253162398,46
2023,American Indian or Alaska Native non-Hispanic,Male,40–85,40,85,50,0.01468587431142461,0.04376070472996265,5.845391761581785e-4,0.04258264342834139,0.044938766031583914,15.839488528285795,15.424259314837146,16.277692617330864,0.9922104013178062,0.051475968236021116,46
2023,American Indian or Alaska Native non-Hispanic,Female,40–85,40,85,50,0.008894108368697978,0.05213696068661722,0.0013375748464031457,0.04944125571278472,0.05483266566044972,13.294737004833998,12.641135939883839,14.019611164137737,0.9718551472439241,0.11779015524550109,46
2023,Asian non-Hispanic,Both,40–85,40,85,50,0.001700576297303194,0.0912752982285893,0.0011719416266468218,0.08891340507510442,0.09363719138207419,7.594028110694656,7.402477267089845,7.795755656579,0.9927985615147203,0.10320408350426463,46
2023,Asian non-Hispanic,Male,40–85,40,85,50,0.002341217244590688,0.08719961500044131,0.0010021283449678107,0.08517995802856218,0.08921927197232044,7.948970652639204,7.769029776156307,8.137444495188905,0.9942223165851964,0.08824990515267055,46
2023,Asian non-Hispanic,Female,40–85,40,85,50,0.0011451535398130704,0.09868655156337017,0.0014052125237382397,0.09585453180782583,0.10151857131891451,7.023724809300391,6.827786990642973,7.231240583904817,0.9911577349807467,0.12374649670569672,46
2023,Black non-Hispanic,Both,40–85,40,85,50,0.006886853215641185,0.06856710209243841,6.54165049564982e-4,0.06724871906321074,0.06988548512166608,10.1090342074758,9.918328238735429,10.307217597831395,0.9960110378794192,0.05760739516868573,46
2023,Black non-Hispanic,Male,40–85,40,85,50,0.00899892486976926,0.06695700272312746,6.368889260236056e-4,0.06567343743309717,0.06824056801315775,10.352123786456872,10.157406374845776,10.554452570966276,0.9960348229409174,0.0560860169224879,46
2023,Black non-Hispanic,Female,40–85,40,85,50,0.005003442337278189,0.07330279294282846,7.393812723386922e-4,0.07181266790140609,0.07479291798425083,9.455945029278164,9.267550982646531,9.65215749276422,0.9955433482448351,0.06511174689669752,46
2023,White non-Hispanic,Both,40–85,40,85,50,0.004386486637599299,0.0782740242943844,0.0010548286553126935,0.07614815682587309,0.08039989176289572,8.855392153507477,8.621245195255728,9.102612715169917,0.9920727109655436,0.09289082506358437,46
2023,White non-Hispanic,Male,40–85,40,85,50,0.005479763549920464,0.07627520764003451,0.0010329827500136259,0.0741933677006973,0.07835704757937172,9.087450588546595,8.846009414249846,9.342441272596806,0.9919946312878142,0.09096702051270232,46
2023,White non-Hispanic,Female,40–85,40,85,50,0.003277547215006545,0.08282966028849459,0.0011244905143127065,0.08056339856817916,0.08509592200881001,8.368345084909476,8.145480584700445,8.603748015587364,0.9919557638038086,0.09902542097675285,46
2005,Total,Both,50–90,50,90,50,0.003884058807901076,0.09038547361156658,9.534944573034526e-4,0.08845684903047352,0.09231409819265965,7.668789605935567,7.508573382944674,7.835992217190046,0.9956786160300778,0.07045543395219343,41
2005,Total,Male,50–90,50,90,50,0.004937157981665141,0.08886052429563268,0.0010118802555954013,0.08681380329047539,0.09090724530078997,7.8003949003709865,7.624773781963031,7.984296900813153,0.9949683044679661,0.07476966643020702,41
2005,Total,Female,50–90,50,90,50,0.002817172935904893,0.0960002356012633,9.921062730921988e-4,0.0939935112509682,0.0980069599515584,7.220265411003052,7.072428130640365,7.374415226485172,0.9958520717841771,0.07330853101661874,41
2006,Total,Both,50–90,50,90,50,0.0038396357108934783,0.08968641949608239,0.001007077622750865,0.087649412732772,0.09172342625939277,7.7285634152250084,7.556926390862605,7.908178263250114,0.9951066446731905,0.0744147911830747,41
2006,Total,Male,50–90,50,90,50,0.004875879525589805,0.08812517717110004,0.0010791592116933854,0.0859423716323338,0.09030798270986627,7.865484108067785,7.67536999233865,8.065255442626917,0.9941856238518689,0.07974103046009301,41
2006,Total,Female,50–90,50,90,50,0.0027895296753828723,0.09526672554740359,0.0010365419426417262,0.0931701215717849,0.09736332952302228,7.275858140154544,7.119181153270293,7.4395865205123215,0.9954042606841884,0.07659196319295476,41
2007,Total,Both,50–90,50,90,50,0.0037640043736761335,0.08957540880861391,0.0010535311127757832,0.08744444099282611,0.0917063766244017,7.738141413799383,7.558331340456745,7.926715211282678,0.9946340691509812,0.07784732377225773,41
2007,Total,Male,50–90,50,90,50,0.004783903901120532,0.0880034468635765,0.0011315291049196633,0.08571471321729818,0.09029218050985482,7.876363997815522,7.6767132729095255,8.086676773948076,0.9935937255459262,0.08361073680712547,41
2007,Total,Female,50–90,50,90,50,0.002728296751612257,0.09521875679616672,0.001094131671924068,0.09300566659804127,0.097431846994292165,7.2795235296313985,7.114174696909439,7.452741385701151,0.994876955314054,0.08084737268872849,41
2008,Total,Both,50–90,50,90,50,0.0037398860787892915,0.0898499907880031,0.001088323252859678,0.08764864922637895,0.09205133234962724,7.714493618540196,7.5300070391947145,7.908247151301609,0.9943106006425079,0.08041817807451425,41
2008,Total,Male,50–90,50,90,50,0.00476222911841833,0.08804823464385675,0.0011502876873526354,0.08572155818321849,0.09037491110449501,7.872357502267164,7.669685890573119,8.086031043421247,0.9933876626016916,0.08499684246879942,41
2008,Total,Female,50–90,50,90,50,0.002708967114191397,0.09557115181641461,0.0011439190323759383,0.09325735717637056,0.09788494645645866,7.252682084353569,7.081243905754928,7.432627318068307,0.9944437502209007,0.08452625100742482,41
2009,Total,Both,50–90,50,90,50,0.0037331459082367686,0.08858339594285329,0.001155066211526128,0.08624705400475813,0.09091973788094845,7.824798013017098,7.623726120587388,8.03676355741618,0.9934127605557562,0.08534993628252392,41
2009,Total,Male,50–90,50,90,50,0.004738624612829485,0.08692011135354162,0.0012097159707554735,0.08447322984367107,0.08936699286341217,7.974531667827903,7.756187808840632,8.205524778000157,0.992502396809186,0.08938810606148159,41
2009,Total,Female,50–90,50,90,50,0.0027178906003803307,0.09403903240331712,0.0012384695438179957,0.09153399130229439,0.09654407350433986,7.370845518562517,7.179593271758798,7.5725658927163035,0.99328120818663,0.0915127596997684,41
2010,Total,Both,50–90,50,90,50,0.0036606549466469507,0.08920805323756864,0.0011516371391493416,0.08687864725303415,0.09153745922210313,7.770006803242699,7.572279004141008,7.978337629281374,0.9935423546102525,0.08509655590835458,41
2010,Total,Male,50–90,50,90,50,0.004647357404290674,0.0874464371190303,0.0011780758041712185,0.08506355388681817,0.08982932035124243,7.926534269388786,7.716268784508936,8.14858007792875,0.9929714843267482,0.08705015679503512,41
2010,Total,Female,50–90,50,90,50,0.00267146538016879,0.09454228229343176,0.0012628102573495606,0.09198800745216151,0.097096557134702,7.331610404841063,7.138741073984144,7.535190724947678,0.9930900125492907,0.0933113391476473,41
2011,Total,Both,50–90,50,90,50,0.0036470168880678023,0.08908433054165868,0.001238941241435504,0.08657833534214801,0.09159032574116935,7.780797996071907,7.56790823649598,8.006011871453802,0.9925131410550488,0.09154761429182315,41
2011,Total,Male,50–90,50,90,50,0.004632095346085067,0.08710687447938632,0.0012449976805434363,0.08458862897548429,0.08962511998328836,7.957433723832867,7.733849401698883,8.194330478637207,0.9920959350544981,0.09199513555666737,41
2011,Total,Female,50–90,50,90,50,0.0026663273461641794,0.09447058447795272,0.001359497649861266,0.09172074092576701,0.09722042803013842,7.337174681307387,7.129645431565772,7.557147637096989,0.9919881134126086,0.10045574585598148,41
2012,Total,Both,50–90,50,90,50,0.0036451244027824194,0.08867913254087678,0.0012796110442769952,0.08609087490043894,0.09126739018131462,7.8163504840379225,7.594686110591282,8.051343204045093,0.9919450047437792,0.09455277975031043,41
2012,Total,Male,50–90,50,90,50,0.004639256946047137,0.08656701196272114,0.0012812887772756896,0.08397536078698059,0.08915866313846169,8.007059096118962,7.774311055825288,8.254173296358255,0.9915285254587044,0.09467675048299116,41
2012,Total,Female,50–90,50,90,50,0.0026594909518155266,0.09413814245887782,0.0014094697315423634,0.09128722083082043,0.09698906408693521,7.363085381281359,7.14665294572437,7.5930362897620896,0.9913330864049474,0.10414827356116949,41
2013,Total,Both,50–90,50,90,50,0.003656040254806256,0.08856452660072461,0.0012934411973040704,0.0859482948353362,0.09118075836611303,7.826465145405905,7.6019019032150394,8.064699618391609,0.9917502517775809,0.09557471482888814,41
2013,Total,Male,50–90,50,90,50,0.004639480630532926,0.08662695032406544,0.0012969753919480262,0.08400356997526104,0.08925033067286983,8.001518903377407,7.766326189877603,8.251401467390926,0.9913335381906716,0.09583586287794513,41
2013,Total,Female,50–90,50,90,50,0.0026774979078367065,0.09379945500154951,0.0014409354250413185,0.09088488800095913,0.0967140220021399,7.389671726221596,7.166977096088597,7.626649444213766,0.9908804319998081,0.106473330695057,41
2014,Total,Both,50–90,50,90,50,0.003690080923333079,0.08782108134666117,0.001291674743505562,0.08520842257133165,0.09043374012199068,7.892719719811304,7.66469660134507,8.134726117945462,0.991633867607397,0.09544418835547541,41
2014,Total,Male,50–90,50,90,50,0.004668195497902588,0.08597633813618032,0.0012689213321316075,0.08340970247943677,0.08854297379292386,8.062069117924633,7.82837023501169,8.310150497549477,0.9915763122595064,0.09376289754149583,41
2014,Total,Female,50–90,50,90,50,0.002719763523021878,0.09277414375811306,0.001468884477867355,0.08980304446214782,0.0957452430540783,7.471340100612137,7.23949470960605,7.718526523364232,0.9903180976926131,0.10853853687462946,41
2015,Total,Both,50–90,50,90,50,0.00369246913936931,0.08810666042124851,0.001312493008208538,0.08545189273093337,0.09076142811156365,7.867137140891795,7.637023733341118,8.111548596617892,0.9914197745206856,0.09698248767388772,41
2015,Total,Male,50–90,50,90,50,0.004684765161842837,0.08601566772587148,0.001262800709182055,0.08346141219759295,0.08856992325415,8.058382837519531,7.825988271108358,8.305001824303373,0.9916642673768306,0.09331063361624133,41
2015,Total,Female,50–90,50,90,50,0.0027162263698114857,0.09319422701376105,0.0015061756929333826,0.09014769911568463,0.09624075491183748,7.437662211175326,7.2022209426236445,7.689016884063166,0.9899159227244081,0.11129405235765799,41
2016,Total,Both,50–90,50,90,50,0.0037365974421181935,0.08719310524404313,0.0012926857687633913,0.08457840147710467,0.08980780901098158,7.949564115418402,7.71811703451298,8.195321364019629,0.9915007752988501,0.09551889484457074,41
2016,Total,Male,50–90,50,90,50,0.00473200514088668,0.08519481779207039,0.0012411564386744347,0.08268434193321844,0.08770529365092233,8.136025154155101,7.903139613428065,8.383052514583458,0.9917906024343204,0.09171129923153422,41
2016,Total,Female,50–90,50,90,50,0.0027568060411432512,0.09212416590194199,0.0014872215148986868,0.08911597644767309,0.09513235535621088,7.524053800364815,7.286134963909436,7.778034962866011,0.9899381726775769,0.10989349378239546,41
2017,Total,Both,50–90,50,90,50,0.0036990619131373093,0.08768710009557658,0.0013280657126421183,0.08500083363740321,0.09037336655374995,7.904779378089064,7.669816971438073,8.154592736310969,0.9911332519694589,0.09813318303480259,41
2017,Total,Male,50–90,50,90,50,0.004692706246197214,0.08560914944644922,0.0012840870126699685,0.08301183830538454,0.0882064605875139,8.0966483727715,7.8582359607575505,8.34997989094026,0.9913020053867557,0.09488351716893693,41
2017,Total,Female,50–90,50,90,50,0.0027241730213487646,0.09265337399078391,0.0014933004726929585,0.08963288868378126,0.09567385929778656,7.48107867748984,7.244896209345048,7.733179090158763,0.9899709685481097,0.11034267899379537,41
2018,Total,Both,50–90,50,90,50,0.003668062973209249,0.0876539645947975,0.001317029840826253,0.08499002029434079,0.09031790889525422,7.907767592306777,7.674526448168984,8.15563025116844,0.9912721830623632,0.0973177224604155,41
2018,Total,Male,50–90,50,90,50,0.004684995874935379,0.08538878271720238,0.0012672939315221655,0.08282543878889481,0.08795212664550994,8.117543762809776,7.880959869835407,8.368771608039848,0.9914826831013135,0.09364264596029989,41
2018,Total,Female,50–90,50,90,50,0.0026742218454945147,0.09287569734982652,0.0014995258488147663,0.08984262003106848,0.09590877466858456,7.463170671538866,7.227150831142767,7.715126521468854,0.9899358890897879,0.11080268332084517,41
2019,Total,Both,50–90,50,90,50,0.003629555575606403,0.08757270271152688,0.001338905077810051,0.08486451156784938,0.09028089385520438,7.9151054963239,7.6776729932652055,8.16769186264358,0.9909658898085452,0.09893412337674518,41
2019,Total,Male,50–90,50,90,50,0.004652775247546966,0.0851646708196058,0.0012865922402250998,0.08256229237751274,0.08776704926169886,8.138905180860226,7.897578719926631,8.395444949500165,0.9911777559948697,0.09506863297448125,41
2019,Total,Female,50–90,50,90,50,0.002633107767520285,0.09293095841860688,0.0014969659280612392,0.08990305902831301,0.09595885780890075,7.458732723251044,7.223378814494932,7.709939884711305,0.9899816830997362,0.11061352613572314,41
2019,Hispanic,Both,50–90,50,90,50,0.0026839095550617613,0.08901658602653578,0.0012231942556855102,0.08654244211211957,0.09149072994095199,7.786719436233137,7.576146577989942,8.009332341950119,0.9926898350063121,0.09038404096849995,41
2019,Hispanic,Male,50–90,50,90,50,0.003547205177882695,0.08689593613752324,0.001150041170197969,0.08456975830489535,0.08922211397015112,7.976750252888199,7.768782308742816,8.19615893971193,0.9932152192813534,0.08497862686935294,41
2019,Hispanic,Female,50–90,50,90,50,0.0017990549532070437,0.09649001039472462,0.0014034316786031605,0.09365130188152206,0.09932871890792717,7.183615979772364,6.978315920921708,7.401361931271852,0.9918169729395061,0.10370211088366325,41
2019,American Indian or Alaska Native non-Hispanic,Both,50–90,50,90,50,0.00887281790585389,0.062004380871343176,0.001323759676868293,0.059326824192630884,0.06468193755005547,11.1790033352353,10.716240218121772,11.68353759016891,0.9825343048863037,0.09781500224546008,41
2019,American Indian or Alaska Native non-Hispanic,Male,50–90,50,90,50,0.011301141869397763,0.059177882436674316,0.0012855822663142501,0.0565775468596402,0.06177821801370843,11.71294328251227,11.219928363847233,12.251276681888172,0.9819272261742285,0.09499400417132015,41
2019,American Indian or Alaska Native non-Hispanic,Female,50–90,50,90,50,0.006624548903656217,0.06714703485294288,0.0015109776901713642,0.06409079399865514,0.07020327570723062,10.322826347849766,9.87343074204377,10.815081813068037,0.9806342601206889,0.11164888063866975,41
2019,Asian non-Hispanic,Both,50–90,50,90,50,0.001442874589756115,0.10054688912423934,0.001593906743017893,0.09732290842775168,0.103770869820727,6.893770524351756,6.679593047233929,7.122137960709505,0.9902945088649974,0.11777665868792073,41
2019,Asian non-Hispanic,Male,50–90,50,90,50,0.002067110047524757,0.0951355042464109,0.0015239640572084186,0.09205299598543305,0.09821801250738875,7.285893800117163,7.057230775340737,7.529870952485159,0.9900915852714124,0.11260846684082314,41
2019,Asian non-Hispanic,Female,50–90,50,90,50,9.350191896070459e-4,0.10919958503899906,0.0017373251220900558,0.10568551328939574,0.11271365678860237,6.347525774135477,6.149629071656882,6.558582713809786,0.9902249565181543,0.12837410270749677,41
2019,Black non-Hispanic,Both,50–90,50,90,50,0.0060963371279028,0.0753126224426232,7.901289010629982e-4,0.07371443588878444,0.07691080899646195,9.20359905257606,9.012350664414821,9.403140269644345,0.9957257031619164,0.05838405685125704,41
2019,Black non-Hispanic,Male,50–90,50,90,50,0.00790275911798937,0.07396165569571994,7.375930229646339e-4,0.07246973298548691,0.07545357840595297,9.371709895348607,9.18640567092387,9.564643776164566,0.9961362971091571,0.05450208558112747,41
2019,Black non-Hispanic,Female,50–90,50,90,50,0.004473377145990121,0.08002054803198758,9.867036043171708e-4,0.07802475161076769,0.08201634445320746,8.662114889326492,8.451329856031373,8.883683270377608,0.9941052234213912,0.07290931802683266,41
2019,White non-Hispanic,Both,50–90,50,90,50,0.003655992168964287,0.08780283148458329,0.0014151775330237598,0.08494036473829611,0.09066529823087047,7.89436022552018,7.645121056072773,8.160397976810591,0.9899702168402452,0.10457003335977601,41
2019,White non-Hispanic,Male,50–90,50,90,50,0.004634411321964935,0.08561137115216767,0.0013566906329786031,0.08286720532754292,0.08835553697679242,8.096438256174277,7.844977284694769,8.36455359898038,0.9903009200991734,0.10024833028993989,41
2019,White non-Hispanic,Female,50–90,50,90,50,0.0026781964702579358,0.09288820425391646,0.0015903203368116483,0.08967147774869774,0.09610493075913518,7.462165795187283,7.212399770591986,7.729851207565401,0.9886974583512022,0.11751165263187673,41
2020,Total,Both,50–90,50,90,50,0.004319763197007849,0.08655789291484237,0.0013097051697979374,0.08390876415996687,0.08920702166971786,8.007902655877718,7.7700966536722795,8.260724460659473,0.9911501120230541,0.09677648923991365,41
2020,Total,Male,50–90,50,90,50,0.005624924734105786,0.08381291015192391,0.0012283765968290204,0.08132828396313219,0.08629753634071563,8.27017197354809,8.03206221117711,8.522830518275333,0.9916922626446292,0.09076697355018155,41
2020,Total,Female,50–90,50,90,50,0.0030572562789413747,0.09249280419467393,0.0014756220327526023,0.08950807690761906,0.0954775314817288,7.494066015136118,7.259793689707934,7.743962383141578,0.9901710035031231,0.10903638701899138,41
2020,Hispanic,Both,50–90,50,90,50,0.00407487358825303,0.08680112491622663,0.0011046729713836397,0.08456671292739891,0.08903553690505435,7.985463105794014,7.785062062343748,8.196454096010765,0.993723078000543,0.0816262884151445,41
2020,Hispanic,Male,50–90,50,90,50,0.005582249895333108,0.08429366012356354,9.803463910225687e-4,0.08231072237995138,0.0862765978671757,8.223004903854948,8.034011512914049,8.421104329036686,0.9947525422568853,0.07243957201208966,41
2020,Hispanic,Female,50–90,50,90,50,0.002535609762814133,0.09585373604952582,0.0013611068775015315,0.09310063752720389,0.09860683457184775,7.231300616199343,7.029403018255276,7.445138926759857,0.9921975833301586,0.10057465460354087,41
2020,American Indian or Alaska Native non-Hispanic,Both,50–90,50,90,50,0.012602208617404001,0.05831487103735172,0.0011096742398404727,0.05607034302822771,0.06055939904647574,11.886285062963992,11.445740735108616,12.3620998753475,0.986074629408274,0.0819958412077576,41
2020,American Indian or Alaska Native non-Hispanic,Male,50–90,50,90,50,0.016224160809291364,0.054423153544469166,7.776149108110284e-4,0.0528502789250865,0.05599602816385183,12.736255351200379,12.378506177825763,13.115298436597811,0.9921008171503012,0.057459375426081795,41
2020,American Indian or Alaska Native non-Hispanic,Female,50–90,50,90,50,0.009348295033826642,0.06426848040632598,0.00167002462214133,0.060890536766882886,0.06764642404576907,10.78518079434345,10.246619689622722,11.383495980888345,0.9743418321639289,0.12340114676342462,41
2020,Asian non-Hispanic,Both,50–90,50,90,50,0.0018451867463650422,0.09945721581576977,0.001320465972420835,0.09678632128313663,0.10212811034840291,6.969300064098929,6.787036186171683,7.1616233716769475,0.9931723529591115,0.0975716244529848,41
2020,Asian non-Hispanic,Male,50–90,50,90,50,0.0027422515160962497,0.09370064190245724,0.00120027597145887,0.09127285459344908,0.09612842921146539,7.397464590280123,7.210636710136448,7.594231424527994,0.9936412563912079,0.08869056740055264,41
2020,Asian non-Hispanic,Female,50–90,50,90,50,0.0011229238585621169,0.10922808591879463,0.0016058341215433919,0.1059799798220636,0.11247619201552565,6.345869514506223,6.1626124439229475,6.540359620031192,0.9916410482227175,0.11865799430921281,41
2020,Black non-Hispanic,Both,50–90,50,90,50,0.00765040533162635,0.07571761866426865,6.872013872938786e-4,0.07432762265795266,0.07710761467058465,9.154371106589533,8.98934798490622,9.32556640146733,0.996797819211699,0.05077855627107301,41
2020,Black non-Hispanic,Male,50–90,50,90,50,0.010080874227824166,0.07398717951595668,5.949901234177586e-4,0.07278369839580803,0.07519066063610533,9.368476877949584,9.218527602976097,9.52338498643629,0.9974841937057837,0.0439648988219824,41
2020,Black non-Hispanic,Female,50–90,50,90,50,0.0054893281443809385,0.08091514507584048,8.9362380493367e-4,0.07910762031967244,0.08272266983200852,8.56634663276287,8.3791683944386,8.762078517328042,0.9952657250194897,0.0660314829146139,41
2020,White non-Hispanic,Both,50–90,50,90,50,0.004063303724264899,0.08822168750732698,0.001415863125155269,0.08535783402006054,0.09108554099459341,7.856879642008413,7.609848643277956,8.120486988892477,0.9900547514782223,0.10462069300521988,41
2020,White non-Hispanic,Male,50–90,50,90,50,0.005195463549231426,0.08589513691555785,0.0013257772019209225,0.08321349940724065,0.08857677442387504,8.069690618706009,7.825382952453888,8.32974439841467,0.9907944001915518,0.09796408082898371,41
2020,White non-Hispanic,Female,50–90,50,90,50,0.0029366292082629764,0.09355033651595408,0.0016113076434792022,0.09029115917610286,0.0968095138558053,7.409349943297488,7.159907667673717,7.676800108502747,0.9885623995511409,0.11906244276749225,41
2021,Total,Both,50–90,50,90,50,0.004810476901606205,0.08296245992846232,0.001286867726591159,0.08035952426259804,0.0855653955943266,8.354949710479161,8.100788592694876,8.625575959047318,0.9907036398044619,0.09508898916147315,41
2021,Total,Male,50–90,50,90,50,0.0061372703558100865,0.08082408856923644,0.0012662197829064834,0.07826291731158058,0.0833852598268923,8.575997488250966,8.312586445121333,8.856648900530828,0.9905187874752552,0.09356327517186233,41
2021,Total,Female,50–90,50,90,50,0.003473390624710507,0.08833195397596466,0.0013738626118824544,0.08555305454553203,0.0911108534063973,7.847071748786994,7.607734475586378,8.101957133407163,0.9906537492337131,0.10151719894064008,41
2021,Hispanic,Both,50–90,50,90,50,0.00435249476116881,0.0823985480818794,0.001114986020619037,0.08014327598200535,0.08465382018175344,8.412128571381686,8.188020092557483,8.648850100856599,0.9929095463956956,0.0823883383187225,41
2021,Hispanic,Male,50–90,50,90,50,0.005809022123943407,0.0795837429183147,0.001072711018416062,0.07741398008154114,0.08175350575508826,8.70965796709758,8.478501003203823,8.953772688471055,0.9929641762898399,0.0792645617694975,41
2021,Hispanic,Female,50–90,50,90,50,0.002814785790468487,0.09142684012231242,0.0012327502411624326,0.08893336740284004,0.0939203128417848,7.5814408507681215,7.38016260367019,7.794005791102093,0.992959573858393,0.09109015005855327,41
2021,American Indian or Alaska Native non-Hispanic,Both,50–90,50,90,50,0.014943969491448645,0.051124710970461985,0.0010807176103831593,0.048938753272816146,0.053310668668107825,13.55796771076947,13.002035012451616,14.163564337160292,0.9828713161630146,0.07985618336435747,41
2021,American Indian or Alaska Native non-Hispanic,Male,50–90,50,90,50,0.01899475429643078,0.047236764149426236,0.0010398235196207525,0.04513352255784867,0.0493400057410038,14.673892105887711,14.048380622378167,15.357701798514013,0.9814521853556764,0.07683444486480286,41
2021,American Indian or Alaska Native non-Hispanic,Female,50–90,50,90,50,0.011173985326053395,0.05728432341523337,0.0012229609550059059,0.054810651395983435,0.0597579954344833,12.100119879841676,11.599237483122891,12.646213152116262,0.9825350926848876,0.09036680195835473,41
2021,Asian non-Hispanic,Both,50–90,50,90,50,0.0018763099155893756,0.09888187610570773,0.0014375048296344155,0.09597424813929721,0.10178950407211824,7.009850620339666,6.809613494814238,7.222220480997258,0.9918250536559873,0.10621983778143135,41
2021,Asian non-Hispanic,Male,50–90,50,90,50,0.0027416207578021393,0.09272560521687838,0.0013600448242671688,0.08997465489999018,0.09547655553376658,7.475251080202981,7.259867898301007,7.703804825152165,0.9916796214324216,0.10049617756475561,41
2021,Asian non-Hispanic,Female,50–90,50,90,50,0.0011591415726322908,0.10930924353096681,0.0015947846840589017,0.10608348703110718,0.11253500003082645,6.341157967702703,6.159392014662755,6.5339780955417845,0.9917668781714156,0.11784153134297908,41
2021,Black non-Hispanic,Both,50–90,50,90,50,0.00818960665589466,0.07104773930097337,7.150171609299147e-4,0.06960148058188997,0.07249399802005677,9.7560765110854,9.561442319241017,9.958799364108634,0.9960655418790717,0.052833914209686784,41
2021,Black non-Hispanic,Male,50–90,50,90,50,0.010528647745144873,0.0694249128502127,6.451084031521989e-4,0.06812005794071734,0.07072976775970806,9.984127485409177,9.799935762758205,10.17537567515237,0.996643865813392,0.047668229366360844,41
2021,Black non-Hispanic,Female,50–90,50,90,50,0.006041764021423763,0.07598584551469181,8.485241118403167e-4,0.07426954349824015,0.07770214753114348,9.122056560204042,8.920566581279209,9.332859041692773,0.9951602757948178,0.06269898483487762,41
2021,White non-Hispanic,Both,50–90,50,90,50,0.004654319688445589,0.08422657429779014,0.0013639291754765144,0.08146776713898057,0.0869853814565997,8.229554464714012,7.9685479209605194,8.508238348762713,0.9898764931193608,0.10078319931719573,41
2021,White non-Hispanic,Male,50–90,50,90,50,0.005853406650028596,0.08249039829724827,0.0013212260941946477,0.07981796627320513,0.08516283032129142,8.402761956152021,8.139081074982224,8.684099745004836,0.9900942214109861,0.09762779122880638,41
2021,White non-Hispanic,Female,50–90,50,90,50,0.0034117624197100415,0.0890477568456479,0.001496608857163745,0.0860205796994162,0.0920749339918796,7.783993725540117,7.528076866404012,8.057922685269341,0.9891037487352896,0.11058714151980643,41
2022,Total,Both,50–90,50,90,50,0.004113862668964573,0.08614225601638886,0.0012572112292953243,0.08359930627832496,0.08868520575445277,8.046540833897728,7.8158152158895255,8.291303019336892,0.991761354646612,0.09289761681475893,41
2022,Total,Male,50–90,50,90,50,0.005194172007659532,0.08422710989706797,0.0012343523890689942,0.08173039652757243,0.08672382326656351,8.229502133066475,7.992580982383754,8.48089829499489,0.9916935278748445,0.09120853567175509,41
2022,Total,Female,50–90,50,90,50,0.0030137203948101534,0.09118929724712994,0.0013523184574538128,0.08845397498224,0.09392461951201989,7.601190068188195,7.379824205422953,7.836246824397852,0.9914959507712117,0.09992526231449989,41
2022,Hispanic,Both,50–90,50,90,50,0.003131418782765505,0.08816069277086785,0.0011804568565541341,0.08577299340562067,0.09054839213611504,7.862315492023804,7.654991592981417,8.081182118502625,0.9930563352699071,0.08722609707199871,41
2022,Hispanic,Male,50–90,50,90,50,0.004099659172965548,0.08587145009915147,0.0010803989851073737,0.08368613688195785,0.08805676331634509,8.071916565512787,7.87159503092119,8.282700174554037,0.9938643235565433,0.07983263956512332,41
2022,Hispanic,Female,50–90,50,90,50,0.0020993365904537946,0.09607844935363091,0.0014246868335291078,0.09319674823155566,0.09896015047570617,7.21438767198162,7.004306048727227,7.437461002799788,0.9914975690856581,0.10527269281264882,41
2022,American Indian or Alaska Native non-Hispanic,Both,50–90,50,90,50,0.012313411744440035,0.052043743955225534,0.0012311268941455175,0.049553554765024335,0.05453393314542673,13.318549510125102,12.71038306940957,13.987839698821753,0.9786421708891611,0.09097019800465753,41
2022,American Indian or Alaska Native non-Hispanic,Male,50–90,50,90,50,0.015368481464323897,0.04782390887304007,0.0010399575450620129,0.045720396189419414,0.049927421556660724,14.493737481812062,13.883095880954297,15.1605681124949,0.9818920441015677,0.07684434824761993,41
2022,American Indian or Alaska Native non-Hispanic,Female,50–90,50,90,50,0.009478010901045478,0.05808799286191219,0.0015285430087143368,0.05499622279730003,0.061179762926524356,11.932710124925595,11.329680721260736,12.603541576203929,0.9737049164466152,0.11294681386835372,41
2022,Asian non-Hispanic,Both,50–90,50,90,50,0.001570140746967274,0.10164408827706202,0.001518146659173238,0.09857334681426817,0.10471482973985587,6.8193555799385095,6.619379339888514,7.031791077013675,0.9913748686140896,0.11217860875418001,41
2022,Asian non-Hispanic,Male,50–90,50,90,50,0.002254837536541823,0.09589014322276412,0.0013503048001892045,0.09315889396413937,0.09862139248138888,7.228555065870353,7.028365379151902,7.440483147285601,0.9923257743088845,0.09977646952884471,41
2022,Asian non-Hispanic,Female,50–90,50,90,50,9.944029655098647e-4,0.11153387802080536,0.0018180954017807305,0.10785643295986289,0.11521132308174784,6.214678381672039,6.016311261941891,6.42657244948838,0.9897433173962648,0.13434236509482123,41
2022,Black non-Hispanic,Both,50–90,50,90,50,0.006924672101137179,0.07368905295271072,7.114559468563869e-4,0.07224999746899816,0.07512810843642329,9.406379275966081,9.2262030149011,9.593732938985482,0.9963777476366215,0.05257076964599771,41
2022,Black non-Hispanic,Male,50–90,50,90,50,0.00899059442086873,0.07225260983712732,6.405677911065837e-4,0.07095693918238803,0.07354828049186661,9.593386067609817,9.424383220442488,9.768560884204387,0.9969439639494514,0.047332715311054104,41
2022,Black non-Hispanic,Female,50–90,50,90,50,0.005013268565640101,0.07885382474477799,8.552035113197143e-4,0.07712401236764806,0.08058363712190793,8.790279771506558,8.601587187127626,8.987436717578069,0.9954336379349772,0.06319253777087674,41
2022,White non-Hispanic,Both,50–90,50,90,50,0.0041442893112744504,0.08640976655677347,0.0013376030470447218,0.08370420901890262,0.08911532409464433,8.021630056187336,7.778091900600541,8.280911900181918,0.9907412219098078,0.09883791396316369,41
2022,White non-Hispanic,Male,50–90,50,90,50,0.005143985969876836,0.08490512471765274,0.0013046895125962868,0.08226614108705704,0.08754410834824844,8.163784964275921,7.917690791967654,8.425667855581453,0.9908750595543028,0.09640587323686196,41
2022,White non-Hispanic,Female,50–90,50,90,50,0.003094074324149162,0.09088116654385246,0.001452488463754651,0.08794323131675778,0.09381910177094714,7.6269617448790585,7.388124246299184,7.881757017357452,0.9901363599893522,0.10732700566902202,41
2023,Total,Both,50–90,50,90,50,0.003699756004710718,0.08710835353172795,0.0013086610630892233,0.08446133668201172,0.08975537038144418,7.9572986109475305,7.722626263077011,8.206680213570067,0.9912744408441369,0.09669933830244215,41
2023,Total,Male,50–90,50,90,50,0.00471885747106321,0.08456551306656929,0.0012751436803891086,0.08198629152250397,0.0871447346106346,8.196570391695081,7.953976607501859,8.454427779181684,0.991210540121473,0.09422267813416307,41
2023,Total,Female,50–90,50,90,50,0.002684161931772927,0.09271797155714309,0.0013928121420023634,0.08990074308419796,0.09553520003008822,7.475866532873308,7.25541141214592,7.710138501422255,0.99127598434097,0.10291741407305321,41
2023,Hispanic,Both,50–90,50,90,50,0.002745174229798237,0.0880972249946163,0.0013083352800466904,0.0854508671033021,0.09074358288593048,7.867979730375209,7.638525596143456,8.111645955821551,0.9914717757712672,0.0966752656028474,41
2023,Hispanic,Male,50–90,50,90,50,0.003648464910298742,0.08462619159891296,0.0012132333663788203,0.0821721954848529,0.08708018771297303,8.190693300309745,7.959872374697254,8.435300730010502,0.9920479996502667,0.08964801280045234,41
2023,Hispanic,Female,50–90,50,90,50,0.001810737027339555,0.09715660586588652,0.0015066672300778797,0.09410908374009105,0.10020412799168199,7.13432889490556,6.917351554793071,7.365358932558179,0.9907081888212214,0.11133037292832713,41
2023,American Indian or Alaska Native non-Hispanic,Both,50–90,50,90,50,0.010654891157083325,0.05287786653906269,0.0012978316994074783,0.05025275414493531,0.055502978933190075,13.108455880077797,12.48846807653872,13.793217752022526,0.977045475991092,0.09589913698844472,41
2023,American Indian or Alaska Native non-Hispanic,Male,50–90,50,90,50,0.014050773076688464,0.046940648678743785,9.225213865123034e-4,0.04507467304670563,0.04880662431078194,14.766459349630257,14.20190784239141,15.377752820119575,0.9851602629580265,0.06816677760321592,41
2023,American Indian or Alaska Native non-Hispanic,Female,50–90,50,90,50,0.007643377785459723,0.06107804716022197,0.0018293192604500446,0.0573778997022613,0.06477819461818264,11.348548501258701,10.700316435885746,12.080386074721169,0.966198220202609,0.13517171635859362,41
2023,Asian non-Hispanic,Both,50–90,50,90,50,0.0014241974446042296,0.1017591953825834,0.0016602168813830934,0.09840108977131808,0.10511730099384874,6.811641719000668,6.594035177905747,7.0441006514338795,0.9897254767525053,0.12267643501925113,41
2023,Asian non-Hispanic,Male,50–90,50,90,50,0.0019884291644162856,0.096896613513728,0.0015053009089943683,0.09385185503318201,0.09994137199427398,7.153471678984348,6.93553797319951,7.385545872427114,0.9906755015661023,0.1112294129865892,41
2023,Asian non-Hispanic,Female,50–90,50,90,50,9.483782884812217e-4,0.10984843249266119,0.0019023713888954889,0.10600052315780456,0.11369634182751781,6.310032513265526,6.096477418873151,6.5390920715367296,0.9884384221186949,0.14056967055888442,41
2023,Black non-Hispanic,Both,50–90,50,90,50,0.006277585031199562,0.07389053236588243,7.380640547655318e-4,0.07239765690390268,0.07538340782786218,9.380730634443134,9.194956828467415,9.574165935784317,0.9961239576736337,0.05453689097478587,41
2023,Black non-Hispanic,Male,50–90,50,90,50,0.008303160430273931,0.07143247005308748,6.316918464143329e-4,0.07015475269108395,0.072710187415091,9.703530901910705,9.533013257177805,9.880259768174454,0.9969593860726262,0.04667685566736331,41
2023,Black non-Hispanic,Female,50–90,50,90,50,0.004458748651189965,0.07991327189871653,8.761507775633201e-4,0.07814108967635605,0.081685454121077,8.673742972737395,8.485564388643033,8.870457059542106,0.9953339081531568,0.06474036924698116,41
2023,White non-Hispanic,Both,50–90,50,90,50,0.00375268520288052,0.08744129924578894,0.001402302290172256,0.08460487513631076,0.09027772335526713,7.92700001645191,7.677942628573216,8.192756971075063,0.9900692904565008,0.10361865832513975,41
2023,White non-Hispanic,Male,50–90,50,90,50,0.00469828744496942,0.08531897176275989,0.0013532643833600586,0.08258173618212836,0.08805620734339142,8.124185819858777,7.871644730926123,8.393468248611978,0.9902837576052047,0.09999515849449413,41
2023,White non-Hispanic,Female,50–90,50,90,50,0.002781987804203734,0.0924159797751836,0.0015133332366143708,0.08935497437849386,0.09547698517187332,7.50029575238108,7.259835229528596,7.757231037008426,0.9896504508749571,0.1118229362354961,41
