year,population,sex,age_min,age_max,centered_age,mortality_at_center,beta,beta_se,beta_ci_low,beta_ci_high,doubling_time,doubling_ci_low,doubling_ci_high,r_squared,rmse_log,n_ages,age_center
2005,Total,Both,30,44,37,0.001580872349716717,0.07167759619264667,0.0032242854911120854,0.06471195087816038,0.07864324150713296,9.670346347790252,8.813817529343277,10.71127003828091,0.9743689210196071,0.05022715176650512,15,37
2005,Total,Male,30,44,37,0.002044300279045955,0.065100274929538,0.003970204769871046,0.05652316898496952,0.07367738087410648,10.647377162541645,9.407869448349896,12.26306297058937,0.9538791931622398,0.061846904708068064,15,37
2005,Total,Female,30,44,37,0.0011163141096409797,0.08497201551320162,0.0017669213715726247,0.08115481396362187,0.08878921706278137,8.157358353495274,7.80665945133667,8.541048234928525,0.9944102606500786,0.02752468047078853,15,37
2006,Total,Both,30,44,37,0.001574725872494838,0.06911747662162857,0.0032354501461584226,0.06212771153631995,0.07610724170693718,10.02853712895882,9.107506263714257,11.156811725710039,0.972302632716184,0.05040107210481848,15,37
2006,Total,Male,30,44,37,0.0020430170047081113,0.060991978299281144,0.003917697157581913,0.05252830815452781,0.06945564844403448,11.364563011200357,9.979709297775326,13.195688285273619,0.9490940122580862,0.06102895362445188,15,37
2006,Total,Female,30,44,37,0.0011036999812131642,0.08541383345194907,0.0017841477845087108,0.08155941649979892,0.08926825040409922,8.1151629958148,7.764767175588285,8.498677532368738,0.9943598306219952,0.027793029430369914,15,37
2007,Total,Both,30,44,37,0.0015392121145327445,0.06707330283110281,0.003087503504194599,0.06040315703392177,0.07374344862828386,10.334173975379716,9.399440810720273,11.475346895704163,0.9731924204379501,0.04809639453834816,15,37
2007,Total,Male,30,44,37,0.0019977356641868644,0.05942971308082074,0.003726179716644971,0.05137979121263354,0.06747963494900794,11.663310230310348,10.271946211382634,13.490657789779235,0.9513797078475045,0.05804554052459182,15,37
2007,Total,Female,30,44,37,0.0010787334128028818,0.0823743037262255,0.0017149745233086507,0.07866932651943728,0.08607928093301373,8.414604424016128,8.05242763469815,8.810895061986903,0.994396815676169,0.026715464835653718,15,37
2008,Total,Both,30,44,37,0.001505589870172046,0.0659785270674862,0.003319002751651132,0.05880825755210534,0.07314879658286708,10.505647994399132,9.475852138930394,11.786562115801551,0.9681509543554948,0.051702634701597645,15,37
2008,Total,Male,30,44,37,0.0019476292422143215,0.05666547756416029,0.003771965588272389,0.04851664133400038,0.06481431379432019,12.232265752549594,10.694353453460263,14.286792356217553,0.9455347876003919,0.05875878193244212,15,37
2008,Total,Female,30,44,37,0.0010600696745823347,0.08410644312396713,0.0022190971788443744,0.07931237513314673,0.08890051111478753,8.24130892728746,7.7968863380882025,8.739458116041979,0.9910313954765526,0.03456856754579649,15,37
2009,Total,Both,30,44,37,0.0015027921438403589,0.06481113136848003,0.0030241687504189386,0.05827781198822071,0.07134445074873935,10.694878579099262,9.71550237314278,11.893843590079296,0.9724745496072997,0.0471097808223006,15,37
2009,Total,Male,30,44,37,0.0019290555032412623,0.057307342291098705,0.0032834030876860445,0.050213981173928626,0.06440070340826878,12.09525957492551,10.763037418484906,13.803868252530256,0.9590718273487703,0.051148071611654175,15,37
2009,Total,Female,30,44,37,0.0010751948587701117,0.07899968951345367,0.002342918900207467,0.07393812095681118,0.08406125807009615,8.774049427648727,8.245738839430059,9.374692940395756,0.9886950291778052,0.036497432842631274,15,37
2010,Total,Both,30,44,37,0.0014464581192502207,0.0594150864880465,0.003084452092447993,0.05275153286516078,0.06607864011093222,11.666181462167811,10.48973131705338,13.139849079489544,0.9661506153354474,0.048048860372617075,15,37
2010,Total,Male,30,44,37,0.0018511637736219467,0.05129024920846388,0.0037508411768957996,0.04318704949452819,0.059393448922399575,13.514209645243108,11.670431556611163,16.04988506213575,0.9349958942980562,0.0584297108811612,15,37
2010,Total,Female,30,44,37,0.001039740839222996,0.07479572701294489,0.0016966759765915948,0.071130281412943,0.07846117261294677,9.26720293045594,8.834269964065895,9.744755212423762,0.9933550441569035,0.02643041443127806,15,37
2011,Total,Both,30,44,37,0.00146569243323217,0.05722796436573635,0.0030602641921427965,0.05061666552453563,0.06383926320693707,12.11203627880477,10.85769392909636,13.694050632868203,0.964157954551889,0.047672067020139104,15,37
2011,Total,Male,30,44,37,0.0018659909907093187,0.04950854425530343,0.003380359720436773,0.042205721067702505,0.05681136744290436,14.000556691498645,12.20085366289697,16.423062158991737,0.9428580336314973,0.052658438953927106,15,37
2011,Total,Female,30,44,37,0.0010634299384925377,0.07156547516080564,0.0022948402274536365,0.06660777426182486,0.07652317605978641,9.685496798595452,9.058003290642299,10.40640057773573,0.9868091041866857,0.03574847472468686,15,37
2012,Total,Both,30,44,37,0.001459742079554934,0.05586974378859182,0.0027521351911159882,0.049924117183356605,0.06181537039382704,12.406485756991795,11.213184943225121,13.884014774146522,0.9694197259812043,0.04287210679921674,15,37
2012,Total,Male,30,44,37,0.0018686420335235362,0.04761442250954795,0.0030466153778677427,0.04103261013890493,0.054196234880190965,14.557504722879942,12.789581824129531,16.892592945305715,0.9494662971067227,0.04745944904077105,15,37
2012,Total,Female,30,44,37,0.0010478965422027091,0.07150924547365248,0.00196558160822311,0.06726286457552755,0.07575562637177741,9.693112771205715,9.149778224501299,10.305049969759022,0.9902735069427734,0.030619362341770186,15,37
2013,Total,Both,30,44,37,0.0014775448727371056,0.055068816202483314,0.0026835784866929015,0.04927129735267412,0.06086633505229251,12.586927200528564,11.388022294498873,14.067970964891305,0.9700528251000275,0.04180414677918695,15,37
2013,Total,Male,30,44,37,0.001888702120423536,0.046576853401883514,0.00325738367086079,0.039539703817282154,0.053614002986484874,14.881794924599076,12.928472823315865,17.53040902286633,0.9402181278389369,0.05074274733086065,15,37
2013,Total,Female,30,44,37,0.0010624209425639203,0.07139712212152627,0.0014329956717765208,0.06830132318737343,0.0744929210556791,9.708335013561577,9.30487314414558,10.148371191263896,0.994790413088547,0.022322865417925306,15,37
2014,Total,Both,30,44,37,0.0015129262589459445,0.054019919077663126,0.0019880191964113956,0.0497250647172896,0.05831477343803665,12.831325784909534,11.886304956606931,13.93959333187022,0.9826979841227834,0.030968889748792278,15,37
2014,Total,Male,30,44,37,0.0019309965871561697,0.0441411734896988,0.002483556978933821,0.038775774835870754,0.04950657214352685,15.702962240496497,14.001114408616486,17.87577897524636,0.9604734225210907,0.03868825935095697,15,37
2014,Total,Female,30,44,37,0.001089965141522832,0.07274677072849,9.241465286305196e-4,0.07075027353405774,0.07474326792292227,9.528219240781862,9.273707182227323,9.79709541654674,0.9979064303804017,0.014396134609036822,15,37
2015,Total,Both,30,44,37,0.0015904161574133082,0.04784607699550389,0.0019834526307228656,0.04356108810051154,0.052131065890496237,14.487022219712612,13.296240326563314,15.91207223659332,0.9781476196449671,0.030897752875670533,15,37
2015,Total,Male,30,44,37,0.0020467902501863596,0.039454432978069026,0.0020489643961220253,0.03502791451847879,0.043880951437659264,17.568296595346716,15.796083672996124,19.788422750497443,0.9661269155386569,0.03191827956050214,15,37
2015,Total,Female,30,44,37,0.0011303793462497007,0.06409447081077671,0.001658023063425855,0.060512529752859076,0.06767641186869434,10.814461400364678,10.242079351145097,11.45460590378302,0.9913757439212179,0.02582828855218181,15,37
2016,Total,Both,30,44,37,0.0017231586439552212,0.04300729172443594,0.001325101401406189,0.040144584190203086,0.04586999925866879,16.116968838707695,15.11112255858496,17.266268776775657,0.9878092485373094,0.020642114160766046,15,37
2016,Total,Male,30,44,37,0.002237003349312829,0.03553847982272306,0.0014606880985507731,0.03238285503774574,0.03869410460770038,19.504131409603843,17.91350872664991,21.404758158352834,0.9785105087240046,0.022754251449406487,15,37
2016,Total,Female,30,44,37,0.0012050992170025171,0.05823473149073042,9.30267507079113e-4,0.05622501072631093,0.06024445225514991,11.902642337593294,11.505576938840747,12.328093345041937,0.9966935910556026,0.01449148575407174,15,37
2017,Total,Both,30,44,37,0.0017643924930462,0.04075412367046346,0.0013609521326422341,0.037813965340156984,0.043694282000769934,17.008025645814673,15.863567240851593,18.330454749315845,0.9857099069489923,0.02120058831688426,15,37
2017,Total,Male,30,44,37,0.002299570833459752,0.033329459415102416,0.0013850434329105272,0.030337254994802887,0.036321663835401946,20.796832373640687,19.083574576898915,22.848052029713603,0.9780430719454094,0.02157587685698517,15,37
2017,Total,Female,30,44,37,0.0012233790138956922,0.05620702600395845,0.0011681907539277346,0.05368330331440334,0.058730748693513565,12.332038000216015,11.802117221034148,12.911783324890376,0.9944158419431455,0.01819779745047293,15,37
2018,Total,Both,30,44,37,0.0017479590662550688,0.04269806174333448,0.0010976436511610458,0.04032674680340078,0.04506937668326818,16.23369193493078,15.379559948901475,17.18827417294895,0.9914820589525769,0.017098831478905827,15,37
2018,Total,Male,30,44,37,0.002275654697657061,0.0369287382375023,0.001147721135291733,0.034449237470458145,0.03940823900454645,18.769858209128643,17.588889990237277,20.120827961848267,0.9875986867893558,0.017878926604616686,15,37
2018,Total,Female,30,44,37,0.0012148462438975197,0.0551275696444715,9.868143563892616e-4,0.052995686839180635,0.05725945244976236,12.573512400967198,12.105375635020101,13.0793130894473,0.9958516896329584,0.015372359110369641,15,37
2019,Total,Both,30,44,37,0.001781991289707733,0.04406244331039544,8.02286007399014e-4,0.04232920976649193,0.045795676854298945,15.731020081594396,15.135646597499257,16.375150502068784,0.9957086206813514,0.012497820420943892,15,37
2019,Total,Male,30,44,37,0.002333361244760534,0.03896229284001105,8.151103673560092e-4,0.03720135395081726,0.04072323172920484,17.790205094093963,17.020927640741533,18.632310573328418,0.9943425179586789,0.01269759524722521,15,37
2019,Total,Female,30,44,37,0.0012244953413469524,0.055614796759199225,0.0010324595200424923,0.05338430357303281,0.05784528994536564,12.463359051029743,11.982776492513333,12.984100834277625,0.9955396670490174,0.016083408602896754,15,37
2019,Hispanic,Both,30,44,37,0.0013042538023501564,0.040149875851275094,0.0015918017634193446,0.03671099721428174,0.04358875448826845,17.263993122358112,15.901972623386156,18.881186378949387,0.9799752090432139,0.02479670890615764,15,37
2019,Hispanic,Male,30,44,37,0.001790487110856378,0.03566104413885319,0.0014847953195559638,0.03245333886922183,0.038868749408484546,19.4370971826019,17.83301987093622,21.358270203048775,0.9779601030421482,0.023129787998956496,15,37
2019,Hispanic,Female,30,44,37,7.818204717182984e-4,0.05580667786581975,0.001830014332297003,0.051853172261447616,0.05976018347019188,12.420506058908074,11.59881279323187,13.36749807832479,0.9862135966641059,0.028507527592247516,15,37
2019,American Indian or Alaska Native non-Hispanic,Both,30,44,37,0.005034913244337536,0.03799810188522187,0.002005190193782024,0.03366615184032863,0.042330051930115103,18.241626454228822,16.374824715648785,20.588844957611858,0.9650629420777448,0.031236375457887884,15,37
2019,American Indian or Alaska Native non-Hispanic,Male,30,44,37,0.006144124630376964,0.03378383445285202,0.0019526616247324915,0.029565365482102233,0.0380023034236018,20.517125772898467,18.23960965822555,23.44456661560807,0.958378611247799,0.03041809791484743,15,37
2019,American Indian or Alaska Native non-Hispanic,Female,30,44,37,0.003920225663751907,0.04622680551314546,0.00233919307623887,0.04117328610982423,0.05128032491646669,14.994485837072084,13.516825053059833,16.834876349462803,0.9677843914181664,0.03643939284386508,15,37
2019,Asian non-Hispanic,Both,30,44,37,6.006598913219643e-4,0.04209589555893359,0.004403051698332817,0.032583680677070105,0.05160811044079707,16.46590888153336,13.43097382639301,21.27283247799961,0.8754853885701579,0.06858969111065066,15,37
2019,Asian non-Hispanic,Male,30,44,37,8.066803629752234e-4,0.043592241936875414,0.0032927682439509074,0.03647864862964785,0.05070583524410298,15.900700440313907,13.669968697351404,19.00144897353991,0.9309485280406662,0.05129395978636108,15,37
2019,Asian non-Hispanic,Female,30,44,37,3.829186055270318e-4,0.0653246016778446,0.0029278285275920893,0.05899941269533704,0.07164979066035215,10.610813732600716,9.674099172818693,11.748374244659685,0.9745501469387886,0.045609015767071534,15,37
2019,Black non-Hispanic,Both,30,44,37,0.0027647854453743442,0.05209194888096716,3.1363687299706554e-4,0.0514143776110333,0.05276952015090102,13.306224770814834,13.135370164022802,13.48158263830075,0.9995289665427399,0.004885760539201608,15,37
2019,Black non-Hispanic,Male,30,44,37,0.0037042148273887026,0.04645764652604507,2.5767688116693616e-4,0.04590096946847693,0.0470143235836132,14.919980506790274,14.743319221156275,15.100926812362271,0.9996002336810351,0.004014029109012758,15,37
2019,Black non-Hispanic,Female,30,44,37,0.001888233048037047,0.06640827970403318,0.0011001289314761405,0.06403159564240422,0.06878496376566214,10.437662045292349,10.07701600194734,10.82508054977965,0.9964450017010279,0.017137546583977217,15,37
2019,White non-Hispanic,Both,30,44,37,0.0018840905296450554,0.04312679006170789,8.185400662438065e-4,0.04135844175853579,0.04489513836487998,16.072310959571926,15.439248119172118,16.75950908902146,0.9953387768859973,0.012751022279981978,15,37
2019,White non-Hispanic,Male,30,44,37,0.0024408512198691498,0.038760833566259686,6.486568995183017e-4,0.03735949553174201,0.04016217160077736,17.882669612227126,17.258707707591416,18.553440583024514,0.996372487257602,0.010104622753259731,15,37
2019,White non-Hispanic,Female,30,44,37,0.0013159112824228422,0.05209581616490622,0.0012247346985233833,0.049449937709733896,0.05474169462007854,13.305236995727814,12.6621432779998,14.017149720767065,0.9928663386107407,0.019078625557819886,15,37
2020,Total,Both,30,44,37,0.002216358109741434,0.044373493727103364,6.687571708998357e-4,0.04292873169630663,0.0458182557579001,15.62074838692655,15.128187860805484,16.146463060300015,0.9970559002808765,0.010417739995517343,15,37
2020,Total,Male,30,44,37,0.002953655272795025,0.03904368167745571,7.114172967689239e-4,0.03750675804785064,0.040580605307060785,17.75312037133467,17.080750159223026,18.480594341841996,0.9957024568648675,0.011082289280098799,15,37
2020,Total,Female,30,44,37,0.0014696559766562093,0.05704044219918026,4.977937698143403e-4,0.055965024141490904,0.058115860256869614,12.151854961774939,11.926988217954005,12.38536373731438,0.99901088515728,0.0077545128351093695,15,37
2020,Hispanic,Both,30,44,37,0.0018267443595433514,0.04725364339257498,0.0012360543847904947,0.04458331024199019,0.04992397654315976,14.668650516562293,13.884053886627257,15.5472345323321,0.9911833840087902,0.019254960935581773,15,37
2020,Hispanic,Male,30,44,37,0.002588445503913593,0.04678052405755315,9.133668160342752e-4,0.04480731501633948,0.048753733098766815,14.817003326152998,14.217314993207728,15.469509393883154,0.9950687532551697,0.014228210812566762,15,37
2020,Hispanic,Female,30,44,37,0.001015299490883322,0.0534640530165319,0.002486336604175539,0.04809264934745493,0.05883545668560887,12.964733151555375,11.78111328792471,14.412746853519451,0.9726537544105018,0.03873155969121983,15,37
2020,American Indian or Alaska Native non-Hispanic,Both,30,44,37,0.007244724715530253,0.037202525565182006,0.0036404736334504245,0.029337760432796494,0.045067290697567514,18.631723788361953,15.380271807583002,23.626451724143212,0.8892966097218953,0.056710431564857486,15,37
2020,American Indian or Alaska Native non-Hispanic,Male,30,44,37,0.00883574899240675,0.04090265828802245,0.003666079142233761,0.03298257581702863,0.04882274075901626,16.94626240864448,14.197219774720235,21.01555634724196,0.9054407551173447,0.05710930808471417,15,37
2020,American Indian or Alaska Native non-Hispanic,Female,30,44,37,0.0056463671207272505,0.0334046224212279,0.004081520885492386,0.024587032629511892,0.04222221221294391,20.75003787857412,16.41664764186491,28.19157525044151,0.8374668697592313,0.06358096065589992,15,37
2020,Asian non-Hispanic,Both,30,44,37,7.275364410196993e-4,0.056047391157537166,0.0024583644906955742,0.05073641756567733,0.061358364749397,12.367162257591216,11.296702306049594,13.6617288688678,0.9755996129387761,0.0382958167668228,15,37
2020,Asian non-Hispanic,Male,30,44,37,0.0010177600835715183,0.06215045836971728,0.0017008085435989153,0.05847608490148206,0.06582483183795251,11.152728374690156,10.530177764317486,11.853515530797406,0.9903582061341101,0.026494790576267118,15,37
2020,Asian non-Hispanic,Female,30,44,37,4.2802011204153104e-4,0.07235610087963101,0.0023837768805860166,0.06720626402281234,0.07750593773644969,9.579664632745203,8.943149399945526,10.313728796539934,0.9860864093740048,0.03713390873380259,15,37
2020,Black non-Hispanic,Both,30,44,37,0.003612422656725047,0.04969697738352296,5.983252621716905e-4,0.04840437424075736,0.05098958052628856,13.94747159793582,13.593898467209026,14.319928548447235,0.9981192091858302,0.009320568489258127,15,37
2020,Black non-Hispanic,Male,30,44,37,0.004886811472465609,0.0425150477231655,5.082216195741628e-4,0.04141710166570072,0.04361299378063028,16.303572915484814,15.893134602188004,16.735772245839456,0.9981457928017197,0.007916955396082552,15,37
2020,Black non-Hispanic,Female,30,44,37,0.0024108575232770018,0.06764654773332052,7.043943412471766e-4,0.06612479627670036,0.06916829918994068,10.24660095430891,10.021168493047917,10.482409316763093,0.9985924233293254,0.01097288735095432,15,37
2020,White non-Hispanic,Both,30,44,37,0.0022190995059286948,0.04269634713089723,6.211934913066149e-4,0.04135434018267973,0.04403835407911474,16.234343852295247,15.739625039453314,16.76117131836753,0.9972557589458526,0.009676804318423148,15,37
2020,White non-Hispanic,Male,30,44,37,0.0029126832765834954,0.03685358315940509,6.415529083101285e-4,0.03546759236482934,0.03823957395398084,18.8081353599142,18.126435754595715,19.54311342675996,0.996075888875504,0.009993958469484487,15,37
2020,White non-Hispanic,Female,30,44,37,0.0015098233242630066,0.055069221928181894,9.338445713918364e-4,0.05305177338613904,0.05708667047022475,12.586834465609627,12.142014499189909,13.06548558734976,0.996275618415318,0.014547208410334335,15,37
2021,Total,Both,30,44,37,0.00255439501977948,0.04676363418095025,5.882528077508078e-4,0.045492791253009174,0.04803447710889133,14.822354863991889,14.430201436118924,15.236417934986486,0.9979471255363935,0.009163662192265058,15,37
2021,Total,Male,30,44,37,0.0033762899566514896,0.04035292677488727,8.18307305029529e-4,0.03858508132174694,0.0421207722280276,17.177122849768352,16.45618406062171,17.964123874200066,0.9946824621409045,0.01274739638120003,15,37
2021,Total,Female,30,44,37,0.0017139261592203775,0.06038941857146301,2.588767465076531e-4,0.059830149362420815,0.060948687780505204,11.477957512369422,11.372635011539206,11.58524904160292,0.9997611616836668,0.0040327203256353816,15,37
2021,Hispanic,Both,30,44,37,0.0022056425508491504,0.044517914701640994,0.0013622705782709511,0.041574908042722986,0.047460921360559,15.570072974114282,14.604587536220162,16.672248074431266,0.9879733216030333,0.021221126749002634,15,37
2021,Hispanic,Male,30,44,37,0.003117464146373135,0.041201899784915584,0.001260017654560324,0.0384797971374137,0.04392400243241747,16.823184954537297,15.78060154300461,18.013275332109327,0.9879880416442737,0.019628255047058167,15,37
2021,Hispanic,Female,30,44,37,0.001224384174702759,0.05584356757150333,0.002043473098796427,0.051428912338538635,0.06025822280446802,12.412301196058516,11.50294761943344,13.47777250269651,0.98289039504543,0.031832737438091424,15,37
2021,American Indian or Alaska Native non-Hispanic,Both,30,44,37,0.008563872493992462,0.04321417208063771,0.003760208319363432,0.03509073588571432,0.051337608275561095,16.03981164481253,13.501742754344734,19.752996426675974,0.9103926727014897,0.05857562999646199,15,37
2021,American Indian or Alaska Native non-Hispanic,Male,30,44,37,0.010591634008852213,0.04155214495150342,0.0027208410430506636,0.03567412524287923,0.0474301646601276,16.681381463434324,14.614058068886335,19.429969924723007,0.947203389560812,0.0423846140109344,15,37
2021,American Indian or Alaska Native non-Hispanic,Female,30,44,37,0.006510409998259941,0.04775315537760771,0.005743347211052483,0.035345408079666935,0.06016090267554848,14.515212137897262,11.521555524160458,19.61067132108429,0.8417166396034783,0.08946849552015643,15,37
2021,Asian non-Hispanic,Both,30,44,37,7.98274861872283e-4,0.05043704983125267,0.0035884778767796177,0.04268461470184783,0.058189484960657505,13.742817688167907,11.911897502247855,16.238806075715583,0.9382571823869058,0.05590045404620477,15,37
2021,Asian non-Hispanic,Male,30,44,37,0.0011016683899395298,0.053879032178644974,0.0032583338211879926,0.046839829919057795,0.060918234438232154,12.864878089526544,11.378320250938323,14.798242900491903,0.9546139178332069,0.05075754854645304,15,37
2021,Asian non-Hispanic,Female,30,44,37,4.7842400241887003e-4,0.07145429239116344,0.0015794038626102053,0.06804219779048408,0.0748663869918428,9.700567416796153,9.258456410290888,10.187019277276844,0.9936886332096715,0.024603577358953382,15,37
2021,Black non-Hispanic,Both,30,44,37,0.0041105788431527604,0.04994610346525345,4.5855841576019013e-4,0.048955448236687904,0.050936758693819,13.877903028854984,13.607995450328023,14.158734227266068,0.9989054040759957,0.00714331383051668,15,37
2021,Black non-Hispanic,Male,30,44,37,0.005473111783103859,0.04392878874847664,4.945207674496333e-4,0.04286044158250853,0.04499713591444475,15.778882147848481,15.404251103400444,16.17218943546351,0.9983552531183995,0.0077035267834841565,15,37
2021,Black non-Hispanic,Female,30,44,37,0.002813731117184497,0.06422527119429804,6.689107582483692e-4,0.0627801773582075,0.06567036503038857,10.792436803621989,10.554946363389263,11.040860502910437,0.9985918275998305,0.01042013254266786,15,37
2021,White non-Hispanic,Both,30,44,37,0.0025298984330207916,0.04778526444861704,3.5818684068073296e-4,0.047011448824852954,0.048559080072381126,14.505458713224842,14.274306258000665,14.744220777843967,0.9992701098303285,0.005579749329651019,15,37
2021,White non-Hispanic,Male,30,44,37,0.0032895384056985826,0.040817070000629535,4.966091814705897e-4,0.03974421109046883,0.04188992891079024,16.981796600031668,16.54686934504204,17.440204788117455,0.9980793233888983,0.007736059599908455,15,37
2021,White non-Hispanic,Female,30,44,37,0.0017464667048664377,0.06120461836414063,5.396366320677121e-4,0.0600388042983424,0.06237043242993886,11.32507969310459,11.113393855951895,11.544986424372915,0.99899042372722,0.008406330981653274,15,37
2022,Total,Both,30,44,37,0.00228344097089045,0.04360239227416976,4.3093511036749e-4,0.0426714135687625,0.04453337097957702,15.896998866517896,15.564669040612763,16.243829828673917,0.998731777819434,0.006713004555461409,15,37
2022,Total,Male,30,44,37,0.0030287403980464524,0.036907959555161234,5.788863004006216e-4,0.03565735173612003,0.03815856737420244,18.780425385586376,18.164916249674402,19.43910993978288,0.9968121114475621,0.009017752970672638,15,37
2022,Total,Female,30,44,37,0.0015130187330883998,0.058056188819119524,2.022159286431636e-4,0.057619327865041314,0.05849304977319773,11.939247040819748,11.850077628839149,12.029768590558138,0.9998423084065876,0.0031500715943307495,15,37
2022,Hispanic,Both,30,44,37,0.0018857549745322606,0.03345700755433115,0.0010899516537605227,0.03110231016448713,0.03581170494417517,20.717548616215513,19.35532479228378,22.28603524606948,0.9863907984758238,0.016979007374654322,15,37
2022,Hispanic,Male,30,44,37,0.002694945477876967,0.027970207057470328,8.635893609468011e-4,0.026104535670026126,0.02983587844491453,24.781624931690253,23.23200176055453,26.552748890907644,0.9877589817967434,0.013452789467862384,15,37
2022,Hispanic,Female,30,44,37,0.0010072104991081991,0.05043951404570079,0.001753508133702126,0.04665129003479815,0.05422773805660343,13.742146284992325,12.782151817515082,14.858049585400805,0.9845315509000813,0.027315732244566352,15,37
2022,American Indian or Alaska Native non-Hispanic,Both,30,44,37,0.007765370513341948,0.04007946574338031,0.0028655930738132923,0.033888728284537206,0.046270203202223414,17.294321860426205,14.980422228330253,20.453620293453604,0.937685953679674,0.04463952668466191,15,37
2022,American Indian or Alaska Native non-Hispanic,Male,30,44,37,0.009715979182900146,0.043511609880474124,0.0033196901998028424,0.036339855223653364,0.050683364537294884,15.930166281229592,13.676029341933276,19.074021519732984,0.9296524797598582,0.05171334360524242,15,37
2022,American Indian or Alaska Native non-Hispanic,Female,30,44,37,0.005772097290933885,0.0359608642023246,0.002817852594367401,0.029873263778920904,0.04204846462572829,19.275042353268546,16.484482530566115,23.202927731285996,0.9260790225902382,0.043895836861554,15,37
2022,Asian non-Hispanic,Both,30,44,37,7.396635905945559e-4,0.04284672045391043,0.004577016484152791,0.03295867750143321,0.05273476340638764,16.177368377716405,13.144027502662237,21.030794713465177,0.870818381620457,0.07129967312790489,15,37
2022,Asian non-Hispanic,Male,30,44,37,9.96706777035898e-4,0.04125551787910639,0.0029080142900022236,0.03497313495443969,0.04753790080377309,16.801320555255604,14.580937921956581,19.819418003645488,0.9393278299961085,0.04530035429112373,15,37
2022,Asian non-Hispanic,Female,30,44,37,4.57902665868066e-4,0.07173992556574192,0.004991159868706932,0.06095718022599252,0.08252267090549131,9.661944518255048,8.399475840448362,11.371050596339478,0.9407999907342273,0.0777511001762958,15,37
2022,Black non-Hispanic,Both,30,44,37,0.0036512266366504117,0.04904249140180902,6.015958796461486e-4,0.04774282251956431,0.05034216028405372,14.133604569167083,13.768721418566242,14.51835362846224,0.998047642781427,0.00937151738963082,15,37
2022,Black non-Hispanic,Male,30,44,37,0.004912546880463708,0.04324498840708218,4.943551781703177e-4,0.04217699897500295,0.04431297783916141,16.028381694430735,15.642080816048868,16.434246091590182,0.998304050989525,0.00770094727311325,15,37
2022,Black non-Hispanic,Female,30,44,37,0.0024371763370151693,0.06405040824007421,8.791776560309204e-4,0.06215106038852259,0.06594975609162584,10.821901055835365,10.510231146221928,11.152620345122036,0.9975566235213088,0.01369562021753681,15,37
2022,White non-Hispanic,Both,30,44,37,0.0022918498458026596,0.04676637842557419,3.743214537605281e-4,0.04595770608942836,0.04757505076172002,14.821485090256589,14.569552096361974,15.0822841159905,0.9991678458938305,0.005831090490998738,15,37
2022,White non-Hispanic,Male,30,44,37,0.0029829405807117737,0.04045837911076675,4.972776537125049e-4,0.0393840760541269,0.041532682167406604,17.132351710439274,16.68919858741757,17.59968114035046,0.9980399272255146,0.007746472901348081,15,37
2022,White non-Hispanic,Female,30,44,37,0.0015720016308370115,0.05917368121016346,5.506275600011478e-4,0.057984122688152395,0.06036323973217453,11.713774880730131,11.48293536986033,11.954085850152435,0.9988756190482935,0.008577545040361513,15,37
2023,Total,Both,30,44,37,0.0021063405863174147,0.0459585869011216,5.807336992681463e-4,0.044703988019471,0.04721318578277219,15.081995058969696,14.681220279205784,15.505264994658692,0.9979286020335963,0.009046531310415882,15,37
2023,Total,Male,30,44,37,0.0028212805086001874,0.03963758125956039,4.6788678335986595e-4,0.03862677331801654,0.040648389201104244,17.48712102337883,17.052266871650485,17.94473420943611,0.998191890807314,0.007288628920155677,15,37
2023,Total,Female,30,44,37,0.0013753905391134615,0.0596875474448996,8.37439453159308e-4,0.05787836949860889,0.061496725391190304,11.612927825520428,11.271286009957887,11.975927908207662,0.9974474588802748,0.013045432429925424,15,37
2023,Hispanic,Both,30,44,37,0.001764823685799746,0.03247531776805981,9.224049495610687e-4,0.03048258302646193,0.03446805250965768,21.34381518636504,20.109844626868046,22.73912220490712,0.9896211614443899,0.01436900470491518,15,37
2023,Hispanic,Male,30,44,37,0.0025368723404217107,0.02633838723059715,0.0010464948856306541,0.02407757248053207,0.02859920198066223,26.316994069960376,24.236591672335017,28.788084061231242,0.9798897971373944,0.016302048186593122,15,37
2023,Hispanic,Female,30,44,37,9.375579090650099e-4,0.0503314349484324,9.474689451254785e-4,0.048284552736411454,0.05237831716045335,13.77165545290168,13.233475570369887,14.35546445555541,0.995414374287667,0.014759445660766894,15,37
2023,American Indian or Alaska Native non-Hispanic,Both,30,44,37,0.006867496755841888,0.03849133746979428,0.0012482064084433986,0.03579475146819717,0.04118792347139139,18.007874657613186,16.828893572199544,19.364492059004544,0.986513685632922,0.01944426226698281,15,37
2023,American Indian or Alaska Native non-Hispanic,Male,30,44,37,0.008679799636241048,0.03251033871711742,0.002474478878967964,0.027164552105915847,0.037856125328318994,21.320823095423112,18.310040305192654,25.516606268983647,0.929962100029655,0.038546842870935724,15,37
2023,American Indian or Alaska Native non-Hispanic,Female,30,44,37,0.005023867431766083,0.0497719273668356,0.0011660293286348468,0.047252874152736525,0.05229098058093467,13.926468538202688,13.255578167770434,14.668889310721505,0.9929155571912766,0.018164127281836473,15,37
2023,Asian non-Hispanic,Both,30,44,37,6.917390990367113e-4,0.05482797091290303,0.0038514591465140624,0.04650739929112711,0.06314854253467894,12.642218360789682,10.976455714386336,14.904019384549567,0.9397180666472486,0.059997113657492586,15,37
2023,Asian non-Hispanic,Male,30,44,37,9.558910313361923e-4,0.056357107342558714,0.0036405407375934974,0.04849219724048579,0.06422201744463164,12.299197266224969,10.792983592543399,14.293994085738017,0.9485440883957388,0.056711476897222605,15,37
2023,Asian non-Hispanic,Female,30,44,37,4.100899925686146e-4,0.07950153565407744,0.002066478649857732,0.07503717994967525,0.08396589135847964,8.718664046640908,8.255104177965057,9.237383134931434,0.9912932452934039,0.032191112435533,15,37
2023,Black non-Hispanic,Both,30,44,37,0.003390877112763823,0.050876723709851725,8.305817525290975e-4,0.049082360925057925,0.052671086494645525,13.624053005318125,13.159918025051747,14.122123864788952,0.996547229306993,0.012938604802138643,15,37
2023,Black non-Hispanic,Male,30,44,37,0.004594053007054005,0.04630764871824257,5.892963514609971e-4,0.04503455135117835,0.04758074608530679,14.968308686484548,14.567808149061227,15.3914530013811,0.9978991644615991,0.009179918267743217,15,37
2023,Black non-Hispanic,Female,30,44,37,0.0022406350686576975,0.06369484587920257,0.0012384375983480417,0.06101936410874641,0.06637032764965874,10.882311920096338,10.443630536506916,11.359462535936045,0.9951094928708455,0.01929208606900339,15,37
2023,White non-Hispanic,Both,30,44,37,0.0020970033458040404,0.050587106424295855,6.30454171525874e-4,0.04922509299279514,0.05194911985579657,13.702052351961413,13.342808934665769,14.081175644734651,0.997984908854569,0.009821064990164524,15,37
2023,White non-Hispanic,Male,30,44,37,0.0027581120341491935,0.04488525545380261,7.027392767107977e-4,0.043367079546731274,0.04640343136087395,15.442647558803698,14.937412174746784,15.983257065143787,0.9968235451107076,0.010947105149632132,15,37
2023,White non-Hispanic,Female,30,44,37,0.0014168516584524334,0.06193716599249034,8.094530596128678e-4,0.0601884489736248,0.06368588301135589,11.191134909918011,10.883843448262303,11.51628248243595,0.9977845558405622,0.012609467054052532,15,37
2005,Total,Both,35,49,42,0.002307854623916625,0.0853993541614841,7.10449005367365e-4,0.08386452239827329,0.08693418592469492,8.116538905543164,7.973240597897481,8.265082310588783,0.999101104016905,0.011067205467168969,15,42
2005,Total,Male,35,49,42,0.002919231837212715,0.08389953699888882,6.953507756337924e-4,0.08239732297796248,0.08540175101981515,8.261632964304981,8.116311109348558,8.412253645004103,0.9991078364493499,0.010832008838854226,15,42
2005,Total,Female,35,49,42,0.0017052935903061094,0.08885805947349354,0.0011546559710404727,0.0863635769046601,0.09135254204232698,7.800611274509229,7.587606924378577,8.025920247897279,0.9978097048670003,0.017986955824916155,15,42
2006,Total,Both,35,49,42,0.002280557038885836,0.08413992359311775,6.715371748315247e-4,0.08268915572896215,0.08559069145727335,8.238029593559572,8.098394448722996,8.382564490462782,0.9991725919217653,0.010461046234922423,15,42
2006,Total,Male,35,49,42,0.002879655985352508,0.08180170699529744,8.793293931215898e-4,0.07990203133569111,0.08370138265490377,8.473505089567293,8.281191523654433,8.674963188956202,0.9985000737638459,0.013697983941810815,15,42
2006,Total,Female,35,49,42,0.0016893232118905415,0.08898898025839813,0.0011836039763010993,0.0864319593263325,0.09154600119046376,7.789134997920499,7.571572450421239,8.019570376079278,0.9977055103982005,0.018437900959139237,15,42
2007,Total,Both,35,49,42,0.002220940008877844,0.08365024605667254,8.445483346414624e-4,0.08182571030564527,0.08547478180769981,8.286253935109077,8.109376425427794,8.471019413957034,0.9986766253489432,0.013156172893224509,15,42
2007,Total,Male,35,49,42,0.0028040559287158084,0.08084445204185664,0.0011296534196325269,0.07840398420141652,0.08328491988229676,8.57383732653755,8.322601276912344,8.840713742037389,0.997468182468656,0.017597472031505662,15,42
2007,Total,Female,35,49,42,0.0016451948561371312,0.08920821729033343,7.658892199982171e-4,0.08755361422512654,0.09086282035554032,7.769992514300075,7.628501711125688,7.9168311519117465,0.9990426966164233,0.011930839931892189,15,42
2008,Total,Both,35,49,42,0.002178073057959545,0.08550116636332075,0.001213917487266768,0.08287865707229755,0.08812367565434395,8.106873976602257,7.865618126038498,8.36339782816814,0.9973863884154496,0.018910117616145975,15,42
2008,Total,Male,35,49,42,0.0027308248339511375,0.08184188015256129,0.0017985027668276897,0.07795645114654513,0.08572730915857744,8.469345758771071,8.085488595912524,8.891466586350168,0.9937612663820973,0.028016647927406966,15,42
2008,Total,Female,35,49,42,0.0016315209572945236,0.09242603423825371,0.001013725141962094,0.09023601421529051,0.09461605426121691,7.499479841071254,7.325893961359854,7.6814915484430975,0.9984385916089394,0.015791568921302464,15,42
2009,Total,Both,35,49,42,0.002161604068204638,0.08365270020930765,0.0012774469771126228,0.0808929437996604,0.0864124566189549,8.286010837971993,8.021380338907074,8.568697688596854,0.9969775816113103,0.019899764884333697,15,42
2009,Total,Male,35,49,42,0.002699396518911362,0.07975032321600244,0.0017030151583122312,0.07607118264650367,0.0834294637855012,8.691465471338185,8.308182135055313,9.11182337970137,0.9941068358812953,0.026529164694936644,15,42
2009,Total,Female,35,49,42,0.0016299870720865443,0.0907424889906435,9.024743853808327e-4,0.08879281161520622,0.09269216636608077,7.638617678113459,7.477947789270696,7.8063434184715055,0.9987157970435027,0.014058531121036753,15,42
2010,Total,Both,35,49,42,0.0020661152016806777,0.08382493723193726,0.002344258203517528,0.07876047528640222,0.08888939917747231,8.268985381307944,7.797861015755556,8.80069829491767,0.9899349846844354,0.036518296190743975,15,42
2010,Total,Male,35,49,42,0.002574478052286426,0.08156613202554298,0.0028620261094059714,0.07538310052480418,0.08774916352628179,8.497977816857635,7.8991884675042,9.194994312178377,0.9842465849378962,0.04458396136232116,15,42
2010,Total,Female,35,49,42,0.0015645741582571851,0.08810286407985661,0.0015635092509228036,0.08472510770007337,0.09148062045963985,7.86747613484705,7.57698381446542,8.181130710552582,0.995922539426842,0.024355974882158613,15,42
2011,Total,Both,35,49,42,0.002074210973512767,0.08264334769402913,0.0023093003699185153,0.07765440755649924,0.08763228783155902,8.38721082701281,7.9097236613548985,8.926050721018381,0.9899514752293255,0.03597373138144099,15,42
2011,Total,Male,35,49,42,0.0025743635716990137,0.07936580385022075,0.002962525778248437,0.0729656560149298,0.08576595168551171,8.733574750506573,8.081845615164292,9.499636108501754,0.9822088254017117,0.046149521277331344,15,42
2011,Total,Female,35,49,42,0.0015794522123616845,0.0885575549280461,0.0012817921934031448,0.08578841124931925,0.09132669860677294,7.827081282033299,7.589754049299888,8.079729773121839,0.997283897412815,0.019967453629230497,15,42
2012,Total,Both,35,49,42,0.0020494329224213315,0.08014620421220386,0.0023527337256049473,0.075063432014404,0.08522897641000372,8.648534105554056,8.13276434560802,9.234152528849688,0.9889214029306674,0.03665032585603219,15,42
2012,Total,Male,35,49,42,0.002545657240333014,0.07597499742506711,0.0029433704567317564,0.06961623214598525,0.08233376270414897,9.123359053004048,8.418747762696581,9.956689111045474,0.9808618626970576,0.045851124239101745,15,42
2012,Total,Female,35,49,42,0.001557724969551619,0.08754739453399761,0.0013906240802810266,0.08454313385803608,0.09055165520995914,7.91739359291581,7.65471574155953,8.198740086023669,0.9967307041097165,0.021662810853123562,15,42
2013,Total,Both,35,49,42,0.0020613251201259813,0.0788658765388116,0.002267504235877112,0.07396723145922607,0.08376452161839712,8.788936495479545,8.274949431666187,9.371003441463643,0.989367898543456,0.035322641155858425,15,42
2013,Total,Male,35,49,42,0.002556539663430502,0.07562377553363621,0.0027932736139091043,0.06958927476922243,0.08165827629804999,9.165730957873755,8.488388586969203,9.960546116605123,0.9825731658585962,0.043512951355556516,15,42
2013,Total,Female,35,49,42,0.001570708075038029,0.08475370893082702,0.0013845384351249188,0.08176259549191511,0.08774482236973893,8.178369882616789,7.899579278184224,8.477558428639725,0.996542741205862,0.021568010121707098,15,42
2014,Total,Both,35,49,42,0.00208661353795537,0.07409169295966103,0.0023254393418696666,0.06906788669298033,0.07911549922634173,9.3552617421945925,8.761205924731875,10.035737500426414,0.9873558956708205,0.03622514044424897,15,42
2014,Total,Male,35,49,42,0.0025759969730323046,0.07029514225405528,0.003082698793123377,0.06363537640407586,0.0769549081040347,9.860527460842546,9.007186125450055,10.892481819523724,0.9756089396921984,0.048021547893150725,15,42
2014,Total,Female,35,49,42,0.0016014634438663378,0.08080609379988313,0.001114031059687409,0.07839937601620842,0.08321281158355784,8.577907283533953,8.329813250738729,8.841233384518812,0.9975352211247474,0.017354110627536515,15,42
2015,Total,Both,35,49,42,0.0021280295137061276,0.06856936937492669,0.002526796308299793,0.06311055782920992,0.07402818092064346,10.108699946909587,9.363288033552836,10.983062175361265,0.9826530268876863,0.0393618313297204,15,42
2015,Total,Male,35,49,42,0.0026505687413470075,0.06294399836989803,0.003119967357166223,0.05620371868228907,0.06968427805750699,11.012125039889934,9.94696651643467,12.332763682029638,0.9690485959041331,0.04860210871118614,15,42
2015,Total,Female,35,49,42,0.0016086196123094067,0.07846641878641801,0.0014550451028968194,0.07532298495238005,0.08160985262045597,8.833679315053999,8.493425221383184,9.202332873533358,0.9955496769705098,0.02266634620655186,15,42
2016,Total,Both,35,49,42,0.0022447052215537116,0.06051536828657851,0.0027171029954443982,0.05464542413883927,0.06638531243431775,11.454068614066022,10.44127315429526,12.684450555253179,0.9744618728526848,0.042326383595250726,15,42
2016,Total,Male,35,49,42,0.002821708796630799,0.0549944646662117,0.0029992185128351087,0.04851504699719978,0.06147388233522361,12.603944501814764,11.275474302731363,14.287261859190876,0.9627740337216052,0.046721111961187695,15,42
2016,Total,Female,35,49,42,0.0016715236544291455,0.07043993835007982,0.0021270279443075667,0.06584477384777727,0.07503510285238237,9.840258194365099,9.237638841164564,10.526988552840841,0.9882852207346583,0.03313433492934441,15,42
2017,Total,Both,35,49,42,0.002272802811458262,0.05824874267856897,0.002673610575137293,0.05247275819245491,0.06402472716468303,11.89977926879733,10.826241848357228,13.209657819352316,0.9733417345874134,0.04164886902606034,15,42
2017,Total,Male,35,49,42,0.0028763500858925545,0.05280187141924674,0.0031577895524063314,0.045979881846522436,0.05962386099197105,13.127322231751187,11.625332023588417,15.07501004186181,0.955570265666847,0.04919129386420809,15,42
2017,Total,Female,35,49,42,0.001672609991736519,0.0684317344615309,0.001726690565245331,0.06470144628496487,0.07216202263809694,10.129031304176573,9.60542893921058,10.713009064853265,0.9917912400262038,0.026897974547674723,15,42
2018,Total,Both,35,49,42,0.002270362578916825,0.057789281878970054,0.0027508858578792752,0.05184635429410091,0.0637322094638392,11.994389928769587,10.875932066237679,13.369255948606048,0.9713855414112011,0.04285264498348724,15,42
2018,Total,Male,35,49,42,0.0028855883185259557,0.05333534005613248,0.003020978598018827,0.0468089125811277,0.05986176753113726,12.996020646544043,11.579129871155288,14.808017156104723,0.9599628691287695,0.04706008538769954,15,42
2018,Total,Female,35,49,42,0.0016592867194281306,0.06640251449100003,0.002185280296745661,0.061681503432324994,0.07112352554967506,10.4385682661745,9.74568084474142,11.237520844809572,0.9861159368810878,0.03404177620733588,15,42
2019,Total,Both,35,49,42,0.002305493355771216,0.05597845774842314,0.0021674993593239736,0.05129586006963644,0.060661055427209835,12.382391520592948,11.426559852584274,13.512731429377864,0.9808822695544208,0.033764788997334885,15,42
2019,Total,Male,35,49,42,0.002945739663384673,0.05167871647460605,0.0021793803262324576,0.046970451527301796,0.0563869814219103,13.412623761670721,12.29268109554467,14.757090000658184,0.977402549963576,0.03394986787130253,15,42
2019,Total,Female,35,49,42,0.0016693880415657781,0.06446841657857164,0.002084107710564868,0.05996597560397487,0.06897085755316841,10.751732667656945,10.0498559123411,11.55900781365758,0.9865961645180455,0.03246573374623241,15,42
2019,Hispanic,Both,35,49,42,0.0016795336419728245,0.058855705683600316,0.0024723798649680254,0.053514453716453685,0.06419695765074696,11.777060057459906,10.797196719677887,12.952522775110168,0.977574281152061,0.038514144930562405,15,42
2019,Hispanic,Male,35,49,42,0.002235422506159987,0.05171271863425074,0.0021035011260783698,0.04716838073263684,0.05625705653586464,13.403804689952135,12.321070870781421,14.695165909741343,0.9789432364644549,0.03276783975606083,15,42
2019,Hispanic,Female,35,49,42,0.0010968966584052333,0.0758365419280246,0.0030755270634351337,0.06919226965807627,0.08248081419797292,9.140015656539319,8.40373833963657,10.017696832106152,0.9790667001093757,0.04790982839545963,15,42
2019,American Indian or Alaska Native non-Hispanic,Both,35,49,42,0.0063751075950931125,0.051287475270161455,0.0030338083791892393,0.04473333073804684,0.05784161980227607,13.51494057581757,11.983536818805858,15.495094354116715,0.9564911159084344,0.04725994466435283,15,42
2019,American Indian or Alaska Native non-Hispanic,Male,35,49,42,0.007710893838262559,0.050840527186650684,0.0036455226836685593,0.04296485424442901,0.05871620012887236,13.633752813286062,11.805041522418033,16.132887979011855,0.9373468114623243,0.05678908446711506,15,42
2019,American Indian or Alaska Native non-Hispanic,Female,35,49,42,0.0050735742665932075,0.05278443391125705,0.0021925329908122405,0.04804775435964566,0.05752111346286844,13.131658884990363,12.050308814126002,14.426213874047475,0.9780623338254176,0.0341547569488373,15,42
2019,Asian non-Hispanic,Both,35,49,42,8.182496069657918e-4,0.08171058895095021,0.004244580288718582,0.0725407307353628,0.09088044716653762,8.482954161253597,7.627022117197104,9.555282577571882,0.9661091567416764,0.06612106121938106,15,42
2019,Asian non-Hispanic,Male,35,49,42,0.001106350467364145,0.07867204964674482,0.004696066269583039,0.06852681526926548,0.08881728402422416,8.81059008469122,7.804192485450189,10.114977295184827,0.9557303358426154,0.07315420234284499,15,42
2019,Asian non-Hispanic,Female,35,49,42,5.643224055383692e-4,0.08964393513981608,0.002566394983692881,0.08409957585694265,0.09518829442268952,7.732226162080633,7.281853139231409,8.24198188275077,0.9894574505820428,0.0399786900676342,15,42
2019,Black non-Hispanic,Both,35,49,42,0.0036264178104343787,0.05499398737215751,9.372384252513605e-4,0.05296920685461192,0.057018767889703094,12.604053891732782,12.156474196369286,13.085851605489811,0.9962383674672622,0.014600077057774377,15,42
2019,Black non-Hispanic,Male,35,49,42,0.0047293596292608915,0.049811098093654936,9.905893800069843e-4,0.04767105984566294,0.051951136341646935,13.915516964847642,13.342291032896613,14.540209150038587,0.9948849332016496,0.015431165529556826,15,42
2019,Black non-Hispanic,Female,35,49,42,0.0026335446572900586,0.06494924868955657,6.517049229327777e-4,0.0635413258007901,0.06635717157832303,10.672135468002711,10.445701106199294,10.908604311043923,0.9986928391618562,0.010152104136359572,15,42
2019,White non-Hispanic,Both,35,49,42,0.002421138315196484,0.05331974890728594,0.0022410701752784076,0.048478211143680894,0.05816128667089099,12.999820793702751,11.917672737918588,14.298117942214883,0.9775499642357056,0.034910857653077415,15,42
2019,White non-Hispanic,Male,35,49,42,0.0030631340645443164,0.0486907732018421,0.002162798928925259,0.04401833018556067,0.053363216218123524,14.23569877780708,12.989231715845017,15.746784978847705,0.9749917533471185,0.0336915668116274,15,42
2019,White non-Hispanic,Female,35,49,42,0.0017708450429929916,0.061750638144606386,0.0024176645522445903,0.056527591424096024,0.06697368486511675,11.224939553446353,10.349545227441578,12.262103569204566,0.9804618588924967,0.03766180281517366,15,42
2020,Total,Both,35,49,42,0.0028537177497823204,0.054870096811414144,0.0017274658221313683,0.05113813379417081,0.05860205982865748,12.632512440104826,11.828034416991322,13.554408992511114,0.9872787260385816,0.026910051314877986,15,42
2020,Total,Male,35,49,42,0.003713578688161172,0.05055826874679448,0.0018929348122972553,0.04646883170958021,0.054647705784008745,13.709867796924764,12.683920955429699,14.916389223898719,0.9821027134488862,0.02948768785004901,15,42
2020,Total,Female,35,49,42,0.0019985665669059794,0.0640287396692903,0.0013273298385509322,0.061161217889297056,0.06689626144928355,10.825563397625254,10.361523432597872,11.333116057540819,0.9944443911221861,0.020676828224077026,15,42
2020,Hispanic,Both,35,49,42,0.0024168459944270827,0.06270000803891099,0.002125405253217852,0.05810834914757777,0.0672916669302442,11.05497753891491,10.300639175404505,11.928529905393791,0.9852818861775052,0.03310905703386713,15,42
2020,Hispanic,Male,35,49,42,0.003369816633770194,0.05668234434235631,0.0015804883570502979,0.053267906833880475,0.06009678185083215,12.228625837587064,11.533848555824914,13.012472645519393,0.9899939450323332,0.024620471355152728,15,42
2020,Hispanic,Female,35,49,42,0.0014196699348350463,0.07912131518661704,0.0031443463777546692,0.07232836782705354,0.08591426254618054,8.760561915901867,8.067894200772143,9.583337788256879,0.9798817232955513,0.048981879289936074,15,42
2020,American Indian or Alaska Native non-Hispanic,Both,35,49,42,0.009327108521390197,0.04903625561402491,0.005138872478592875,0.0379343965817136,0.06013811464633621,14.13540189560676,11.525921366777895,18.27226061357937,0.875064842434646,0.08005213204677353,15,42
2020,American Indian or Alaska Native non-Hispanic,Male,35,49,42,0.011629517091720828,0.05271835286677552,0.0053975880977526775,0.04105757271989401,0.064379133013657025,13.148119067976129,10.766643601940165,16.882322422925117,0.880067922283958,0.0840823423689441,15,42
2020,American Indian or Alaska Native non-Hispanic,Female,35,49,42,0.007082804259687568,0.043980616888780674,0.00501869383325177,0.03313838803504045,0.0548228457425209,15.760287817535481,12.643400231636216,20.916744044007608,0.8552281538057341,0.0781800177208927,15,42
2020,Asian non-Hispanic,Both,35,49,42,0.0010259445620199902,0.07962339452421814,0.0028659752112593297,0.07343183150761416,0.08581495754082212,8.705320649813775,8.077230361970589,9.439328508210675,0.9834364607857105,0.04464547953081982,15,42
2020,Asian non-Hispanic,Male,35,49,42,0.001460821795418549,0.07591906716086239,0.0029812704972935864,0.06947842382207209,0.08235971049965268,9.13008031422803,8.416095398524602,9.976437898692579,0.9803472058151559,0.04644152204801264,15,42
2020,Asian non-Hispanic,Female,35,49,42,6.440664006189696e-4,0.09091165043309028,0.0018974075958391628,0.08681255053450493,0.09501075033167564,7.6244043228551,7.29546054672991,7.984412118895686,0.9943691600381933,0.029557363807217626,15,42
2020,Black non-Hispanic,Both,35,49,42,0.004706236574200203,0.056123599497383166,7.334586588061344e-4,0.05453905840008716,0.05770814059467917,12.35036930573678,12.011254797279937,12.709188623594528,0.997784659835671,0.011425644370470037,15,42
2020,Black non-Hispanic,Male,35,49,42,0.006209615495400827,0.051310093692859264,0.0014597560618676189,0.0481564824507189,0.05446370493499963,13.50898294415723,12.726772469614218,14.393642253029585,0.989587559357912,0.022739732403848713,15,42
2020,Black non-Hispanic,Female,35,49,42,0.0033477404020551913,0.06650857759848448,8.509066223117627e-4,0.06467030560206553,0.06834684959490343,10.421921586483304,10.141611276427183,10.718167698558185,0.9978766152924552,0.01325522078481835,15,42
2020,White non-Hispanic,Both,35,49,42,0.0028254552996855695,0.0510858646540719,0.0018355785582634067,0.047120338270324476,0.05505139103781933,13.56827735526439,12.590911282945884,14.71014865350567,0.9834933390720748,0.028594205779662398,15,42
2020,White non-Hispanic,Male,35,49,42,0.003603206477205073,0.04605493707241659,0.0018807687131365278,0.041991783294500575,0.05011809085033261,15.050442463313837,13.83027902299565,16.506733607827577,0.9787799303640571,0.029298167253738086,15,42
2020,White non-Hispanic,Female,35,49,42,0.002037482833470922,0.060437985606291975,0.0017728955883864824,0.05660787754596066,0.0642680936666233,11.468734002408318,10.78524569525113,12.244712407688668,0.9889373672226727,0.027617745398017455,15,42
2021,Total,Both,35,49,42,0.0032874540761764644,0.05408937512112607,0.0010441608336647303,0.05183360278377073,0.05634514745848141,12.814849108678608,12.301807907605513,13.372544900100442,0.9951787979060945,0.016265688880741785,15,42
2021,Total,Male,35,49,42,0.004229146350707126,0.04982848677716956,0.0012843604386273025,0.04705379474195834,0.05260317881238079,13.910660856703595,13.176906723302524,14.730951761938533,0.9914369809691008,0.0200074611419036,15,42
2021,Total,Female,35,49,42,0.0023344952211422918,0.06289221148219709,5.293458520769839e-4,0.06174862929494138,0.06403579366945279,11.021192675919094,10.824370884476124,11.225304731043314,0.9990799130391269,0.008246023660910486,15,42
2021,Hispanic,Both,35,49,42,0.002838788670401622,0.05705393651291474,0.0012423017483121968,0.05437010675399214,0.059737766271837335,12.148980822787651,11.603165364532911,12.748681618305831,0.9938742712223196,0.01935228087719676,15,42
2021,Hispanic,Male,35,49,42,0.0038944314337389058,0.04966147507747702,8.519968390909356e-4,0.04782084781089959,0.05150210234405445,13.957442453704088,13.458619143922464,14.494665241003096,0.9961882753983761,0.013272203922253561,15,42
2021,Hispanic,Female,35,49,42,0.0017086533071514714,0.07612003924977878,0.002483082335464192,0.07075566600082552,0.08148441249873205,9.105975080825509,8.50650031465504,9.79634875533301,0.9863553936801597,0.03868086546798669,15,42
2021,American Indian or Alaska Native non-Hispanic,Both,35,49,42,0.01129001358399835,0.051579062270248936,0.004967632464236835,0.040847144797684656,0.062310979742813216,13.438537849490064,11.123997462740762,16.96929330050102,0.8923905650233365,0.07738459587069106,15,42
2021,American Indian or Alaska Native non-Hispanic,Male,35,49,42,0.013869456824083583,0.053644885525857444,0.004504843132811389,0.04391276361945007,0.06337700743226482,12.921030099427474,10.936887187372445,15.784640351192403,0.9160244038397838,0.07017537384320613,15,42
2021,American Indian or Alaska Native non-Hispanic,Female,35,49,42,0.008740035579853781,0.049142243068548586,0.005756904479780083,0.03670520707218146,0.06157927906491571,14.104915390066207,11.25617563384012,18.884164832440767,0.8486033723598768,0.08967968742478073,15,42
2021,Asian non-Hispanic,Both,35,49,42,0.0010906941474202077,0.07759077550611113,0.0023149711142436886,0.07258958447028231,0.08259196654193994,8.933370958579378,8.392428580907652,9.548851748059187,0.9885602257916224,0.03606206888648967,15,42
2021,Asian non-Hispanic,Male,35,49,42,0.0015176285753948217,0.07742624717564074,0.0019996746264363194,0.07310621278956378,0.0817462815617177,8.952354089790083,8.479250276804645,9.481371748187385,0.9914032177013407,0.031150455262881967,15,42
2021,Asian non-Hispanic,Female,35,49,42,7.092110337689023e-4,0.08182886888947846,0.0020454039434510962,0.07741004232024132,0.0862476954587156,8.470692433695243,8.03670378522445,8.95422815676074,0.9919429671060459,0.03186281567644064,15,42
2021,Black non-Hispanic,Both,35,49,42,0.005311979886085193,0.05231667411616751,5.437711513758194e-4,0.051141927964446506,0.05349142026788851,13.249068146435189,12.958100141828712,13.55340340399009,0.9985975547274594,0.008470737539119196,15,42
2021,Black non-Hispanic,Male,35,49,42,0.006910706356794355,0.04749913690318913,0.0010023742407029488,0.045333639011528794,0.04966463479484947,14.592837380870531,13.956554466234168,15.289908237537936,0.9942439485496538,0.015614747283826102,15,42
2021,Black non-Hispanic,Female,35,49,42,0.0038395686060086857,0.06234186382504097,8.557566033027484e-4,0.06049311408170465,0.0641906135683773,11.118486648157086,10.798263827492304,11.458282336461474,0.9975564468739196,0.013330772634048327,15,42
2021,White non-Hispanic,Both,35,49,42,0.0032654940422971418,0.05333343224692877,0.0011383141261519711,0.05087425408758122,0.05579261040627632,12.996485531828124,12.42363774543825,13.624714366655404,0.9941128618269399,0.017732386455788625,15,42
2021,White non-Hispanic,Male,35,49,42,0.00412302399470448,0.048622871364765785,0.001424942040850295,0.045544471242436685,0.051701271487094885,14.255578930335023,13.406772418217242,15.219128944768512,0.9889583355911877,0.022197407872705435,15,42
2021,White non-Hispanic,Female,35,49,42,0.0023830675948334165,0.06189603413398081,6.149522847281618e-4,0.060567510492833904,0.06322455777512771,11.198571770520088,10.963258660112395,11.444207875143814,0.9987184262392024,0.0095795802882043,15,42
2022,Total,Both,35,49,42,0.002883279139783611,0.0496235624926316,0.0010234599228746647,0.047412511754107343,0.05183461323115585,13.968105991238899,13.37228421998373,14.61949926118179,0.9945006139017264,0.01594321502077386,15,42
2022,Total,Male,35,49,42,0.0037133203720771052,0.04454008683911738,0.0012232228340988895,0.041897474568460553,0.047182699109774205,15.562322163036018,14.690706416504165,16.543889284480414,0.990290098391442,0.019055074093748618,15,42
2022,Total,Female,35,49,42,0.002033615001755845,0.06012872543156133,6.055523071807113e-4,0.058820509207279395,0.061436941655843263,11.527721161308952,11.282253996997587,11.784107106542425,0.9986832284367609,0.009433149675847236,15,42
2022,Hispanic,Both,35,49,42,0.0023032032546963653,0.04603148031578919,0.0015230967493352558,0.04274102983776494,0.049321930793813445,15.05811187919129,14.053528915110684,16.217372000416734,0.9859669902492746,0.023726438553537232,15,42
2022,Hispanic,Male,35,49,42,0.0031805080271044618,0.037915710087856436,0.0012047064995736512,0.03531309992594051,0.04051832024977236,18.281265970064084,17.107006812895694,19.6286132345682,0.9870459713965849,0.018766631042746413,15,42
2022,Hispanic,Female,35,49,42,0.00135143182688664,0.06755116306742262,0.0017830404246154128,0.06369913842087738,0.07140318771396786,10.261069522490931,9.707510305234623,10.881578585571049,0.9910239713730733,0.02777577924158417,15,42
2022,American Indian or Alaska Native non-Hispanic,Both,35,49,42,0.009930193538517896,0.04612753719067989,0.003774665039856159,0.03797286914992877,0.05428220523143101,15.026754576006201,12.7693261098131,18.25374790151314,0.9199190414363809,0.05880083334654863,15,42
2022,American Indian or Alaska Native non-Hispanic,Male,35,49,42,0.012460276539810139,0.04302830510405342,0.0033617778573206357,0.035765625591107277,0.050290984616999566,16.109097927137462,13.782732349321408,19.38026160885296,0.9264794591644677,0.052368975114136435,15,42
2022,American Indian or Alaska Native non-Hispanic,Female,35,49,42,0.007395390494264955,0.05199917983279243,0.004627019772682509,0.04200311134305555,0.06199524832252931,13.329963718443562,11.18065011940686,16.502281816667004,0.906673691085579,0.07207861245220776,15,42
2022,Asian non-Hispanic,Both,35,49,42,9.827341758156208e-4,0.0762508911363426,0.002640801996093921,0.07054578527605693,0.08195599699662828,9.090348587802646,8.457552905963206,9.82549386682067,0.9846465650086899,0.04113778479254649,15,42
2022,Asian non-Hispanic,Male,35,49,42,0.0013401710727489976,0.07369185184616321,0.004278359808074417,0.06444901741572907,0.08293468627659735,9.406022011862824,8.357747664809564,10.75496894062468,0.9580208181912656,0.06664727052992817,15,42
2022,Asian non-Hispanic,Female,35,49,42,6.551293586590766e-4,0.08597013204055899,0.0026811854390775282,0.08017778305581147,0.09176248102530651,8.062651110422074,7.55371010913259,8.645127791541055,0.9875133810627139,0.04176686845315375,15,42
2022,Black non-Hispanic,Both,35,49,42,0.004660160417573102,0.048687383558732804,5.185745366242161e-4,0.04756707138377013,0.04980769573369548,14.236689875186753,13.916467532767697,14.57199613925458,0.9985273727578129,0.008078230673142376,15,42
2022,Black non-Hispanic,Male,35,49,42,0.0061242946870307706,0.044471742882735865,5.779758440564046e-4,0.04322310198504378,0.04572038378042795,15.586238263421608,15.16057222723202,16.03649781544579,0.9978090026825289,0.009003570098497138,15,42
2022,Black non-Hispanic,Female,35,49,42,0.003302501302299032,0.058304740083268004,0.0010379180463685434,0.05606245446791631,0.0605470256986197,11.888350408046174,11.448079778685926,12.363839349142712,0.9958972384254705,0.016168440226478408,15,42
2022,White non-Hispanic,Both,35,49,42,0.0029292841381103993,0.05037819277999355,0.0011018133514481693,0.047997869750252706,0.052758515809734396,13.758873478986953,13.138109932047287,14.441207165372083,0.9938200918783895,0.017163786077287236,15,42
2022,White non-Hispanic,Male,35,49,42,0.0036940708961539174,0.04467961461594447,0.001243706225005161,0.04199275066959566,0.04736647856229328,15.513723350527451,14.633707246114225,16.50635334688399,0.990027423962413,0.01937415948075233,15,42
2022,White non-Hispanic,Female,35,49,42,0.002133212287541066,0.06068190757619987,8.943557101706623e-4,0.05874976953221865,0.0626140456201811,11.422633339097688,11.070154846160227,11.798296164886573,0.9971840767974718,0.013932060331446856,15,42
2023,Total,Both,35,49,42,0.002658898717378739,0.04869171417852095,8.032643760292004e-4,0.04695636699769432,0.05042706135934758,14.235423670208526,13.745539832680686,14.761516379535507,0.9964745347148443,0.012513061214542171,15,42
2023,Total,Male,35,49,42,0.00346811289602641,0.04364115110825259,8.637589217002471e-4,0.041775113407071275,0.045507188809433906,15.88288033101103,15.231597439748944,16.59234707050768,0.9949332439773523,0.013455430844911794,15,42
2023,Total,Female,35,49,42,0.0018390841602044362,0.05946976470948402,0.0010015657652114433,0.05730601342293505,0.06163351599603299,11.65545523756553,11.246270302096011,12.09554005169261,0.9963262345912098,0.015602153045095298,15,42
2023,Hispanic,Both,35,49,42,0.00212475553905071,0.04207980778444256,0.0011015223573891198,0.0397001134091461,0.044459502159739026,16.472204058313466,15.590529513118012,17.459576838394074,0.9911706058493251,0.017159253041113074,15,42
2023,Hispanic,Male,35,49,42,0.0029375874360580145,0.03393770170481986,8.057253481643947e-4,0.032197037916927934,0.03567836549271179,20.424104925805977,19.427660740275172,21.528290346097826,0.9927258561844267,0.012551397652574188,15,42
2023,Hispanic,Female,35,49,42,0.0012506650582381263,0.06312389228933381,0.0017934010142771773,0.05924948494962082,0.0669982996290468,10.980742083882365,10.345742868068768,11.698788287346645,0.9896157003662703,0.02793717404076259,15,42
2023,American Indian or Alaska Native non-Hispanic,Both,35,49,42,0.008512692642384818,0.04304269326280432,0.0016949497755732305,0.03938097689337727,0.04670440963223137,16.1037130350515,14.841150675451312,17.601066180674465,0.98023983837406925,0.02640352408277515,15,42
2023,American Indian or Alaska Native non-Hispanic,Male,35,49,42,0.01071716186313894,0.04161299580188991,0.003634477687337877,0.033761184123551786,0.04946480748022803,16.656988212525306,14.012935981546246,20.530890682723598,0.9097794398834707,0.056617028143786705,15,42
2023,American Indian or Alaska Native non-Hispanic,Female,35,49,42,0.0063132628155119185,0.04681938148249053,0.0015793734577198909,0.04340735256758321,0.05023141039739784,14.80470605574249,13.799078605920503,15.968427917384448,0.9854224635274061,0.02460310371881064,15,42
2023,Asian non-Hispanic,Both,35,49,42,9.275619529615489e-4,0.07097646904502128,0.0015290981922381874,0.06767305323785598,0.07427988485218658,9.76587297010046,9.331559707439975,10.242587668147387,0.9940024651091955,0.023819927602299968,15,42
2023,Asian non-Hispanic,Male,35,49,42,0.0012948503057365465,0.07206836720418888,0.0010331113350511754,0.06983646585730789,0.07430026855106987,9.617911539414715,9.328999666852004,9.925290062303638,0.9973356603506822,0.016093562421922725,15,42
2023,Asian non-Hispanic,Female,35,49,42,5.973977537256909e-4,0.07400164889030915,0.0024654827715106086,0.06867529718768861,0.07932800059292969,9.36664508094111,8.737736680353493,10.093107841464215,0.985775321978452,0.038406703650691765,15,42
2023,Black non-Hispanic,Both,35,49,42,0.004332815222178358,0.04974511331541029,9.046701982350009e-4,0.04779069217470741,0.051699534456113166,13.933975306579887,13.40722286674256,14.503811286641799,0.9957188563261005,0.014092736970916103,15,42
2023,Black non-Hispanic,Male,35,49,42,0.005764359898938275,0.045729719070004046,6.29398221867945e-4,0.04436998687904713,0.047089451260960966,15.157477339820534,14.71979736435349,15.621982996061481,0.9975434301267366,0.009804615657785988,15,42
2023,Black non-Hispanic,Female,35,49,42,0.0030143018130518793,0.059602464304208326,0.0017258213127277974,0.05587405403353572,0.06333087457488093,11.629505401356443,10.944854073353818,12.405528693942934,0.9892180182147671,0.026884433538901794,15,42
2023,White non-Hispanic,Both,35,49,42,0.0026958193687995832,0.05016782610949969,8.916095485934558e-4,0.048241620786915455,0.05209403143208393,13.816567994137026,13.305692830926622,14.368239898522381,0.9959105721356106,0.013889281280182965,15,42
2023,White non-Hispanic,Male,35,49,42,0.0034531753949095054,0.04436117962862085,9.628291994648939e-4,0.04228111360456973,0.04644124565267197,15.62508450773347,14.925249545283577,16.39377777611397,0.9939132680959601,0.014998724046010579,15,42
2023,White non-Hispanic,Female,35,49,42,0.0019173775261600119,0.06100017985263375,9.164203004845543e-4,0.0590203741593207,0.06297998554594679,11.363035030953567,11.005832639549633,11.744201734283331,0.9970745132283838,0.01427577726638222,15,42
2005,Total,Both,40,54,47,0.003491201096891729,0.07979154133541173,7.433528411718579e-4,0.07818562515665149,0.08139745751417198,8.686975698918156,8.515587608363106,8.865404339623383,0.998872984413991,0.01157977358782953,15,47
2005,Total,Male,40,54,47,0.0044195052395314145,0.08130040046606038,6.34896045727994e-4,0.07992879094875746,0.0826720099833633,8.525753582841281,8.384302990811914,8.672058870555462,0.9992078287892646,0.009890259448996597,15,47
2005,Total,Female,40,54,47,0.0025897651160298137,0.07820237643021644,0.0011102879883011362,0.07580374506064354,0.08060100779978933,8.863505333223118,8.59973342122103,9.143970129779506,0.9973864056763261,0.017295801952603898,15,47
2006,Total,Both,40,54,47,0.003442456451972616,0.08059299545856809,6.750114069251468e-4,0.07913472197229215,0.08205126894484402,8.600588383841423,8.447732612470482,8.75907772573764,0.9990888809936552,0.01051516699535739,15,47
2006,Total,Male,40,54,47,0.004342365730653846,0.08249835553032077,5.380687249721529e-4,0.08133592872186803,0.08366078233877351,8.401951482598847,8.285210360012359,8.5220294579803,0.9994473016501934,0.008381906498194376,15,47
2006,Total,Female,40,54,47,0.0025676006385807913,0.07839884178822623,0.0011627748777211881,0.07588681938787502,0.08091086418857744,8.841293630743925,8.566799866881166,9.133960102044998,0.9971484881936062,0.01811343022029909,15,47
2007,Total,Both,40,54,47,0.0033563740450263217,0.0824841132250765,7.47120323390238e-4,0.08087005789581789,0.0840981685543351,8.403402224480937,8.242119804453397,8.571122595867347,0.9989345799121503,0.011638462528893155,15,47
2007,Total,Male,40,54,47,0.004224443631074097,0.08364970150821521,4.705693758086609e-4,0.08263309817802691,0.08466630483840351,8.28630787752269,8.186812710001995,8.388251146854143,0.999588771457279,0.007330417706671236,15,47
2007,Total,Female,40,54,47,0.00251198553812993,0.08152590914827022,0.0013786370609136284,0.07854754485323444,0.08450427344330601,8.50217050998262,8.202510385761476,8.824555647857437,0.9962962603611102,0.021476079919199136,15,47
2008,Total,Both,40,54,47,0.0033159856491015993,0.08476996203268074,0.0010736611758091548,0.08245045808080165,0.08708946598455983,8.17680182860907,7.95902435184106,8.406832377822077,0.997918918305597,0.016725238187444397,15,47
2008,Total,Male,40,54,47,0.004137313577922652,0.086923351600844,7.042383261120871e-4,0.08540193719443162,0.08844476600725637,7.974234400704069,7.837062743804157,8.116293415943026,0.9991474118226232,0.010970456984322825,15,47
2008,Total,Female,40,54,47,0.002516070930678163,0.0822052561479645,0.001742332091852563,0.07844117650757698,0.08596933578835203,8.431908287133394,8.062725787092328,8.8365219827241,0.9941939979179493,0.02714163452534323,15,47
2009,Total,Both,40,54,47,0.0032879838193970693,0.08591204752372116,8.20825180341053e-4,0.08413876253167693,0.08768533251576538,8.068102210793668,7.904938724333639,8.238143273131527,0.9988147185486437,0.012786619243365821,15,47
2009,Total,Male,40,54,47,0.004081300737287251,0.08728670691083441,5.226130333484858e-4,0.0861576700941294,0.08841574372753942,7.9410394215927145,7.839635242971397,8.045101263795374,0.999534193802334,0.00814114141365762,15,47
2009,Total,Female,40,54,47,0.002514466320231481,0.08463045392364012,0.0016255700092936648,0.08111862342667615,0.08814228442060408,8.190280784566678,7.863957521821566,8.544858767068295,0.9952266490640963,0.025322742601093615,15,47
2010,Total,Both,40,54,47,0.003149879600053998,0.08989653659889602,0.0011687854879482823,0.08737152906460398,0.09242154413318805,7.710499278216438,7.499844187422963,7.933330090256525,0.997807327640006,0.01820706207545515,15,47
2010,Total,Male,40,54,47,0.0039066187009137434,0.09088632900607758,9.793023486074019e-4,0.08877067490694576,0.09300198310520941,7.626528523487778,7.453036563487208,7.808290083257109,0.9984929598347612,0.015255338841547074,15,47
2010,Total,Female,40,54,47,0.0024116768127152182,0.08921756548178902,0.001519128508266737,0.08593568786739049,0.09249944309618756,7.769178376666527,7.493528148479349,8.06588272883273,0.9962451045961824,0.023664622238901326,15,47
2011,Total,Both,40,54,47,0.003156582438482455,0.08990998772028914,0.0010430640876265924,0.0876565847586987,0.09216339068187959,7.709345737164741,7.520851559731365,7.907531219337861,0.9982534128312057,0.016248604032064858,15,47
2011,Total,Male,40,54,47,0.0038934126267060106,0.0914250635430553,8.739347823459917e-4,0.08953704223148239,0.0933130848546282,7.581588173942234,7.428188465098913,7.741457203465961,0.9988135340528191,0.013613947979457575,15,47
2011,Total,Female,40,54,47,0.0024370307050387797,0.0883606823202646,0.0014322984995075493,0.0852663895352298,0.0914549751052994,7.844520462705607,7.579108515002816,8.129195857103289,0.9965958289835591,0.02231200503429688,15,47
2012,Total,Both,40,54,47,0.0031090328307084533,0.09043940991893473,8.278044556129338e-4,0.0886510471193483,0.09222777271852116,7.664216088774208,7.5156014303351775,7.818826771744519,0.998912045628335,0.012895340731976951,15,47
2012,Total,Male,40,54,47,0.0038318871436994334,0.09154313012624998,9.375624899895489e-4,0.08951764950940135,0.09356861074309862,7.571809917401824,7.40790287528203,7.743134279761774,0.9986382403053345,0.01460512526111494,15,47
2012,Total,Female,40,54,47,0.0024025505703973507,0.08951920547650082,0.001203725607227109,0.08691871440366573,0.0921196965493359,7.742999693422206,7.524418843354757,7.974659833794232,0.997654981416276,0.01875135093529557,15,47
2013,Total,Both,40,54,47,0.0031148501694217377,0.08952714253622375,7.949652244297184e-4,0.08780972458238788,0.09124456049005962,7.742313235111795,7.596586326211284,7.893740515147576,0.9989760347049126,0.012383779006726063,15,47
2013,Total,Male,40,54,47,0.003837137281665497,0.0902034490190242,8.815678955516943e-4,0.08829893736893046,0.09210796066911794,7.684264716017214,7.525377562640407,7.850005914157709,0.9987598629626832,0.013732854799740882,15,47
2013,Total,Female,40,54,47,0.002409054880161071,0.08921288985078038,9.276576270195742e-4,0.08720880738943865,0.09121697231212211,7.769585557864114,7.598883880821714,7.9481327782024955,0.9985963670388761,0.014450829663845182,15,47
2014,Total,Both,40,54,47,0.0031126695974630866,0.08818991860066752,0.0010853996542105496,0.0858450552079755,0.09053478199335954,7.859709948237765,7.6561423720088655,8.074398448235232,0.9980346927120438,0.016908097409371218,15,47
2014,Total,Male,40,54,47,0.003808484081473352,0.08926410345081999,0.0013004522393788595,0.08645464719363906,0.09207355970800092,7.765127904318608,7.52818922998274,8.017465839718838,0.9972484219962318,0.020258135382994466,15,47
2014,Total,Female,40,54,47,0.002432964427292391,0.08717570602976145,8.792659391799021e-4,0.08527616745406187,0.08907524460546103,7.951150752060529,7.781591660287732,8.128263748876174,0.9986792551255115,0.013696995471413849,15,47
2015,Total,Both,40,54,47,0.0031275400537317697,0.08652409120742793,0.0015580554509613698,0.08315811704613998,0.08989006536871588,8.011031042189552,7.711054360865765,8.335291913540503,0.9958023307296108,0.024271016884759754,15,47
2015,Total,Male,40,54,47,0.0038406522367529544,0.08652372073899188,0.0021015127139312833,0.08198367854065668,0.09106376293732708,8.011065343004589,7.611668551814521,8.45469723850224,0.9923893957907075,0.03273686474501997,15,47
2015,Total,Female,40,54,47,0.0024304575251536038,0.0871786059889247,8.476102294440435e-4,0.08534745541633655,0.08900975656151285,7.950886260420403,7.787316889030309,8.12147447371077,0.998772610186629,0.013203870361505849,15,47
2016,Total,Both,40,54,47,0.003195820169727288,0.08205479615210742,0.0018218554462646986,0.07811891674939114,0.0859906755548237,8.447369478257404,8.060724911016969,8.872974810743873,0.9936322075274578,0.028380430408043514,15,47
2016,Total,Male,40,54,47,0.003950471072844963,0.08037545869411288,0.00234998786161225,0.07529861857481775,0.085452298813408,8.623865938953765,8.111510049290636,9.205310717237458,0.9890092328386518,0.036607551440468934,15,47
2016,Total,Female,40,54,47,0.002457191914406518,0.08538409523473828,0.0010621588777513119,0.08308944048706066,0.0876787499824159,8.117989406040346,7.905532192223965,8.34218134695332,0.9979923150913012,0.016546058126681355,15,47
2017,Total,Both,40,54,47,0.0031968349544737656,0.07967229906811042,0.0017600482879963294,0.07586994591286216,0.08347465222335869,8.69997713970054,8.303684556902917,9.135991494656341,0.9936957813790998,0.027417613211129895,15,47
2017,Total,Male,40,54,47,0.00397390997967448,0.07835984795286302,0.00212768775294046,0.0737632580206707,0.08295643788505534,8.845693281295091,8.355556220005154,9.3969165565559,0.9905064362190681,0.03314461327114526,15,47
2017,Total,Female,40,54,47,0.0024363171956888374,0.08244486559088346,0.0012099211208161063,0.07983098992468002,0.0850587412570869,8.407402639232293,8.149041125178817,8.682683018385777,0.9972079962840142,0.018847863171002927,15,47
2018,Total,Both,40,54,47,0.0031683410227792306,0.07838338113551427,0.0015232167419685961,0.07509267142916594,0.0816740908418626,8.843037522987016,8.486744981367679,9.230556955398546,0.9951146924077485,0.023728307770212446,15,47
2018,Total,Male,40,54,47,0.0039621592963488775,0.07653905437648671,0.0018158531185767596,0.07261614221437326,0.08046196653860016,9.056124173555045,8.614594079395518,9.545359467233544,0.9927360575209905,0.02828692757631058,15,47
2018,Total,Female,40,54,47,0.0023907042492417084,0.08207164036650406,0.0010408185142855506,0.0798230886711754,0.08432019206183274,8.445635757547741,8.220417477840353,8.683542469965147,0.9979135879666188,0.0162136230251676,15,47
2019,Total,Both,40,54,47,0.003182325438208042,0.07440377786520214,0.001693355418136387,0.07074550589560884,0.07806204983479544,9.316021315688097,8.879438626411542,9.79775565648996,0.9933114028149601,0.02637868756219682,15,47
2019,Total,Male,40,54,47,0.004007642063663102,0.07209365097364152,0.0021163937286799443,0.06752146029746696,0.07666584164981609,9.614538467657434,9.041147473812519,10.265583379066054,0.9889209172056531,0.032968677650012705,15,47
2019,Total,Female,40,54,47,0.0023728048689972375,0.07897740785837658,0.0010049095373374018,0.07680643279133233,0.08114838292542083,8.776524823439468,8.54172511603811,9.024598010469868,0.9978997140097372,0.01565424153121294,15,47
2019,Hispanic,Both,40,54,47,0.002331761611531693,0.07541709275180646,0.001154230620776179,0.07292352909635201,0.0779106564072609,9.19084991569557,8.896692859788912,9.505123917468497,0.9969642322747643,0.01798032981976323,15,47
2019,Hispanic,Male,40,54,47,0.0030371674006477592,0.07128189488989299,0.002061598810137075,0.06682808143827187,0.07573570834151411,9.724028543722483,9.15218456047635,10.372094569259708,0.989242877310993,0.032115095454120765,15,47
2019,Hispanic,Female,40,54,47,0.001603925173242436,0.08420493495747888,0.001555098626932608,0.08084534862614536,0.08756452128881241,8.231669330425408,7.9158450289901205,8.573742241687627,0.9955856904491339,0.02422495618397849,15,47
2019,American Indian or Alaska Native non-Hispanic,Both,40,54,47,0.008377423437780035,0.06399093366577036,0.0012338914124741757,0.061325273332782544,0.06665659399875817,10.831959167533125,10.398778860090852,11.302798061715459,0.9951897655633226,0.019221266667782608,15,47
2019,American Indian or Alaska Native non-Hispanic,Male,40,54,47,0.010169346031761246,0.06702778665046066,0.0012901829178517373,0.06424051591363006,0.06981505738729127,10.341191544554478,9.928333607387707,10.78987568362412,0.9952065368837834,0.02009816233708906,15,47
2019,American Indian or Alaska Native non-Hispanic,Female,40,54,47,0.006661028968983635,0.06069420456630474,0.0012380037917504552,0.05801965997802497,0.06336874915458451,11.420319048793596,10.93831249326149,11.946763921444486,0.9946203971493581,0.01928532833310365,15,47
2019,Asian non-Hispanic,Both,40,54,47,0.0012621417626360871,0.09869619618342132,0.0011477700065869096,0.09621658983636287,0.10117580253047977,7.023038448936474,6.850918532137473,7.204029801293021,0.9982449504288494,0.01787968791001803,15,47
2019,Asian non-Hispanic,Male,40,54,47,0.0016963141611560967,0.10066210656149281,0.001083012826650952,0.09832239959624893,0.1030018135267367,6.885879942682435,6.729465791202032,7.0497382428244695,0.9984974619157981,0.01687091597788606,15,47
2019,Asian non-Hispanic,Female,40,54,47,8.866032294354299e-4,0.09629871745343037,0.0015344823963988458,0.0929836697803564,0.09961376512650434,7.197885900143459,6.958347369760435,7.454504454355044,0.9967100069091213,0.023903801452883205,15,47
2019,Black non-Hispanic,Both,40,54,47,0.004943878059973859,0.0678056297545067,0.001831636838763406,0.06384861893801964,0.07176264057099375,10.22256091521479,9.658886226102908,10.856102952403878,0.9906029786533145,0.028532802611706806,15,47
2019,Black non-Hispanic,Male,40,54,47,0.006312606109595982,0.06420646035387782,0.002178481979839413,0.059500136165963745,0.0689127845417919,10.795598709843564,10.058324956229114,11.649505786449794,0.9852550766014974,0.03393587364506335,15,47
2019,Black non-Hispanic,Female,40,54,47,0.003732811782860347,0.0737912121647808,0.0012216071554584354,0.07115209035561772,0.07643033397394387,9.393356745679966,9.069006303128917,9.741768331690606,0.9964498015990305,0.019029905436536446,15,47
2019,White non-Hispanic,Both,40,54,47,0.003297782312629258,0.07207685547225201,0.0016985367971730314,0.0684073898137907,0.07574632113071332,9.616778867757231,9.15090225126314,10.132635998051327,0.992832337893668,0.026459401851285282,15,47
2019,White non-Hispanic,Male,40,54,47,0.00411157852414783,0.06957721754794509,0.0022307416873372367,0.0647579931259568,0.07439644196993338,9.962272206161495,9.316939926241018,10.703654438638134,0.9868131000503667,0.03474996292685986,15,47
2019,White non-Hispanic,Female,40,54,47,0.002481004296747735,0.07704316648731077,9.495725831362155e-4,0.07499173964166689,0.07909459333295465,8.996867758208102,8.763521643534975,9.24298041186951,0.998029054468565,0.01479221563287958,15,47
2020,Total,Both,40,54,47,0.003889614634667689,0.06986482146659095,0.0014797794065791027,0.06666795241813835,0.07306169051504356,9.92126174531778,9.487149498918654,10.397007188889766,0.9942017793343275,0.023051651300754414,15,47
2020,Total,Male,40,54,47,0.00498025170291941,0.06755927882036049,0.0017535954853856908,0.06377086609761859,0.07134769154310239,10.259836881962837,9.715061070212803,10.86933929200359,0.9913174968118613,0.027317092988296883,15,47
2020,Total,Female,40,54,47,0.002819153866320074,0.07468722865764069,9.570892060469635e-4,0.07261956313545796,0.07675489417982341,9.280665423231428,9.03065775761506,9.54490980986778,0.9978697559581193,0.01490930779508123,15,47
2020,Hispanic,Both,40,54,47,0.0034168971894856476,0.07798765463627534,0.0011452860987525388,0.0755134144458478,0.08046189482670288,8.887909038843352,8.614601757177493,9.17912645914078,0.9972042153430586,0.017840994185124606,15,47
2020,Hispanic,Male,40,54,47,0.004646811615225968,0.07217568051986271,0.0017521476226303638,0.06839039571443628,0.07596096532528915,9.603611293546328,9.125044390782389,10.13515382268261,0.9923969406306883,0.02729453852699085,15,47
2020,Hispanic,Female,40,54,47,0.002141632559026441,0.09142857980348795,8.886503516303639e-4,0.08950876743727107,0.09334839216970484,7.58129659292271,7.425378889224172,7.743902641109565,0.9987733852015236,0.013843183614395644,15,47
2020,American Indian or Alaska Native non-Hispanic,Both,40,54,47,0.011790086755832485,0.06058375869625203,0.003291407913898489,0.053473104203432154,0.0676944131890719,11.441138606720786,10.23935577407209,12.96253866098643,0.9630476454627808,0.05127276888866183,15,47
2020,American Indian or Alaska Native non-Hispanic,Male,40,54,47,0.014587085123428876,0.057514758162582294,0.004666035529547464,0.047434401254606184,0.0675951150705584,12.05164035638578,10.254397523199884,14.612752817084125,0.9211818542481612,0.07268639062406726,15,47
2020,American Indian or Alaska Native non-Hispanic,Female,40,54,47,0.009088668416099807,0.06625599107823303,0.00218760992764309,0.06152994715798606,0.07098203499847999,10.461652890249555,9.76510719331713,11.265200322376364,0.9860259859772738,0.034078066642834734,15,47
2020,Asian non-Hispanic,Both,40,54,47,0.0015694732673315274,0.09460362448384672,7.751827862861179e-4,0.0929289438893247,0.09627830507836875,7.326856495633505,7.199411954705023,7.4588944149140515,0.9991279183744833,0.012075612894981592,15,47
2020,Asian non-Hispanic,Male,40,54,47,0.002204734856719113,0.09353746125878651,8.748153009172026e-4,0.09164753770249091,0.0954273848150821,7.4103698265045015,7.263608679029783,7.5631838883665505,0.9988641751302796,0.013627664488132553,15,47
2020,Asian non-Hispanic,Female,40,54,47,0.0010245833113081675,0.09795901832568947,9.984733450662698e-4,0.09580194780669474,0.1001160888446842,7.075889411788536,6.92343447051017,7.235209684447642,0.9986512194595641,0.015553980060294296,15,47
2020,Black non-Hispanic,Both,40,54,47,0.006373080689442834,0.06479576500859058,0.0012324232844389512,0.06213327637339374,0.06745825364378742,10.697414876852651,10.275201967428648,11.155812489179466,0.9953190691712478,0.019198396518770942,15,47
2020,Black non-Hispanic,Male,40,54,47,0.008247026358172453,0.06353937597246007,0.0012316986921479206,0.060878452723737486,0.06620029922118265,10.908939062611768,10.47045389091162,11.385755543187058,0.9951387265647118,0.019187108992566843,15,47
2020,Black non-Hispanic,Female,40,54,47,0.004717567449914232,0.06753185139344452,0.0012349937727127568,0.06486380955594914,0.07019989323093989,10.264003818311293,9.87390647845669,10.686192890999749,0.9956711603040639,0.019238438973137453,15,47
2020,White non-Hispanic,Both,40,54,47,0.0037886508750065535,0.06722395136416687,0.0016349147475081588,0.06369193278766146,0.07075596994067228,10.311015144066959,9.796306674067756,10.882809646722219,0.992369396890695,0.025468312708272853,15,47
2020,White non-Hispanic,Male,40,54,47,0.004754101086028029,0.06472094551556871,0.0021559825865427058,0.060063228311722276,0.06937866271941516,10.709781432244492,9.990783237826413,11.540291789888137,0.9857792075852111,0.03358538345277636,15,47
2020,White non-Hispanic,Female,40,54,47,0.0028190250418003724,0.07220679826469883,8.58024902259259e-4,0.07035314815939338,0.07406044837000429,9.599472587317555,9.359208535938075,9.852397493137598,0.9981677257251707,0.013366107655173017,15,47
2021,Total,Both,40,54,47,0.004426211309701269,0.06432761962915197,0.001324995216429851,0.06146514149361378,0.06719009776469015,10.775265501132038,10.316210328900715,11.277077766622618,0.9945148528311177,0.020640460036484384,15,47
2021,Total,Male,40,54,47,0.005609089138860004,0.06237889974675658,0.001588536712071774,0.058947074824356266,0.0658107246691569,11.11188532298513,10.532435010319803,11.75880537966143,0.9916398052334017,0.024745846713584457,15,47
2021,Total,Female,40,54,47,0.00324162236179334,0.06819551593016095,8.255187681752898e-4,0.06641209105807327,0.06997894080224862,10.16411667403173,9.90508248072358,10.437063033504408,0.998098663041264,0.01285973483723289,15,47
2021,Hispanic,Both,40,54,47,0.0038635195173798223,0.06670864353682338,9.612818539356494e-4,0.06463192034955435,0.0687853667240924,10.390665194343608,10.076956968772942,10.724533277228002,0.9973077844384931,0.014974619865736585,15,47
2021,Hispanic,Male,40,54,47,0.005166799539993615,0.06083404425387766,0.0018812890647473995,0.05676976632465118,0.06489832218310414,11.394067073154732,10.680510023114307,12.209794498642482,0.9877200972826093,0.029306273167250783,15,47
2021,Hispanic,Female,40,54,47,0.0024817501809192054,0.08014356904056778,0.0016187086050256623,0.07664656170632374,0.08364057637481183,8.648818474868294,8.287211908413928,9.043421715585673,0.9947247110591928,0.02521585727891905,15,47
2021,American Indian or Alaska Native non-Hispanic,Both,40,54,47,0.014050174061525368,0.054264525576772825,0.004522342653379788,0.04449459825462636,0.06403445289891929,12.773486420318715,10.824597528054207,15.57823213940076,0.9171874136477173,0.07044797720846423,15,47
2021,American Indian or Alaska Native non-Hispanic,Male,40,54,47,0.0172757383075744,0.052031441774564036,0.004750239586976685,0.04176917306017085,0.062293710488957224,13.321698513816612,11.12708129150244,16.594706808330336,0.9022392799400303,0.07399810138402055,15,47
2021,American Indian or Alaska Native non-Hispanic,Female,40,54,47,0.010896532878278856,0.0583141911860785,0.004287047295996855,0.04905258857903333,0.06757579379312367,11.88642363825535,10.257329461522035,14.130695252568565,0.9343519422194821,0.06678260214853105,15,47
2021,Asian non-Hispanic,Both,40,54,47,0.001660834366314795,0.09115691385228517,0.0012801513948479631,0.08839131490332851,0.09392251280124182,7.603890382721301,7.37998973714405,7.841801893297141,0.997442740700526,0.01994189365996706,15,47
2021,Asian non-Hispanic,Male,40,54,47,0.0023140416456096094,0.09079338161800321,0.0013856862623141141,0.08779978844920872,0.0937869747867977,7.634335985812679,7.39065506842128,7.894633834578359,0.9969810792819447,0.021585890700394177,15,47
2021,Asian non-Hispanic,Female,40,54,47,0.001090001016391567,0.09293342525490977,0.0012377911867695963,0.09025933997176686,0.09560751053805269,7.458534737729637,7.249923951153044,7.679506417582512,0.9976991207605768,0.01928201642332725,15,47
2021,Black non-Hispanic,Both,40,54,47,0.007034485140063526,0.059051679330878785,0.001181261380273172,0.05649971926984665,0.06160363939191092,11.737975759776418,11.251724531245168,12.268152647793265,0.9948249147159437,0.01840140855592412,15,47
2021,Black non-Hispanic,Male,40,54,47,0.008987402757852933,0.05750313021025423,0.0012788157354407428,0.05474041677801664,0.06026584364249182,12.054077369797515,11.501493029315629,12.662438858856264,0.9936115872164354,0.019921087075705293,15,47
2021,Black non-Hispanic,Female,40,54,47,0.005273311296068903,0.06207241194458639,0.0010085230664063356,0.0598936303226024,0.06425119356657039,11.166751199852445,10.788082556657542,11.57296989390153,0.996579969843775,0.015710532226766525,15,47
2021,White non-Hispanic,Both,40,54,47,0.004375473632478865,0.06360264962685083,0.0012877693829884559,0.060820593015090144,0.06638470623861152,10.898086551842686,10.441368499372649,11.396587014335246,0.9946989635320724,0.02006056486558539,15,47
2021,White non-Hispanic,Male,40,54,47,0.005440179198813348,0.06191723117594005,0.0016507572058101214,0.05835098704907776,0.06548347530280234,11.194737997736729,10.585070162430466,11.878928114394261,0.9908442882472074,0.025715102752045544,15,47
2021,White non-Hispanic,Female,40,54,47,0.0032849922120896297,0.06675646808856359,7.121355961907783e-4,0.06521799266740158,0.06829494350972559,10.383221287866368,10.149319187316367,10.628158767394975,0.9985227975344976,0.011093478777485035,15,47
2022,Total,Both,40,54,47,0.0038171806785168468,0.0612958045321898,0.001762447927560213,0.057488267270840915,0.06510334179353869,11.308232037250372,10.646875589860091,12.057193814772045,0.9893666112533271,0.027454994224967638,15,47
2022,Total,Male,40,54,47,0.004817028650723172,0.058207536335655105,0.001978116684867243,0.05393407505084183,0.06248099762046838,11.90820337357857,11.093727804577734,12.851748730399823,0.9852083436021518,0.030814630781474166,15,47
2022,Total,Female,40,54,47,0.0028047209347627656,0.06724113992094391,0.0013072474927316234,0.06441700341140694,0.07006527643048088,10.308379384628005,9.892877269208942,10.760313952095498,0.9951105480506292,0.020363990221960167,15,47
2022,Hispanic,Both,40,54,47,0.002988922517863023,0.058881528694993225,0.0013393561837008682,0.055988025575886245,0.061775031814100205,11.77189512436834,11.220507059321884,12.380275486236833,0.9933186234094503,0.020864171765679434,15,47
2022,Hispanic,Male,40,54,47,0.003963385312952044,0.05019705047358099,0.0017313851498759452,0.04645662026352386,0.053937480683638114,13.808524086983017,12.850937266156201,14.92031010065062,0.9847696810088565,0.026971105669398445,15,47
2022,Hispanic,Female,40,54,47,0.0019405441381547001,0.07858060734589288,7.66600806931046e-4,0.07692446699057996,0.0802367477012058,8.820842749520612,8.63877463155861,9.01075051511019,0.9987642968798477,0.011941924863722442,15,47
2022,American Indian or Alaska Native non-Hispanic,Both,40,54,47,0.012105449001385112,0.047416609137581125,0.003567062046417653,0.0397104400968424,0.05512277817831985,14.61823595501635,12.574605334978646,17.455036480823622,0.9314712004003436,0.05556684333934856,15,47
2022,American Indian or Alaska Native non-Hispanic,Male,40,54,47,0.014855133709247296,0.04113854161959596,0.003630563158065524,0.03329518676760263,0.048981896471589285,16.849094626868617,14.151089085780658,20.818239747325926,0.9080593065182018,0.05655604853872418,15,47
2022,American Indian or Alaska Native non-Hispanic,Female,40,54,47,0.009365298204920502,0.05787396497840221,0.0036340967720009123,0.050022976217618836,0.06572495373918559,11.976839340774708,10.54617981642925,13.856576177005008,0.9512403993080634,0.05661109433535299,15,47
2022,Asian non-Hispanic,Both,40,54,47,0.0014678104982537665,0.08611591073233857,8.905885933072232e-4,0.08419191104955435,0.08803991041512278,8.049002497510045,7.873101838605257,8.232942712892775,0.9986115590948386,0.013873377081795518,15,47
2022,Asian non-Hispanic,Male,40,54,47,0.0019740180178011075,0.08987319597204559,0.0015028828667471318,0.08662641493239014,0.09311997701170104,7.712501742739223,7.4435926941095305,8.001568356498769,0.9963779257834122,0.02341155150295108,15,47
2022,Asian non-Hispanic,Female,40,54,47,0.0010174580718263463,0.08110643514423833,0.001991488080303348,0.07680408671583172,0.08540878357264495,8.546142847078212,8.11564281290091,9.024873677940187,0.9922232604871681,0.03102292719621489,15,47
2022,Black non-Hispanic,Both,40,54,47,0.006053548289644914,0.0541831673040319,0.0014719276264214742,0.05100326099532927,0.05736307361273453,12.792666339908973,12.083508377522984,13.590252211979577,0.9904974351069729,0.022929338138752614,15,47
2022,Black non-Hispanic,Male,40,54,47,0.007823064199801255,0.05216415596887053,0.0015531253727208143,0.048808832594087394,0.055519479343653665,13.287805921245763,12.484756499057077,14.201265298115567,0.9886070623488679,0.024194217299644934,15,47
2022,Black non-Hispanic,Female,40,54,47,0.0044478940209830104,0.0582988895122864,0.0012253385449302544,0.055651706526263355,0.060946072498309446,11.889543460581107,11.373123027397249,12.455093002994127,0.9942898438937154,0.019088032133386838,15,47
2022,White non-Hispanic,Both,40,54,47,0.003888087360575166,0.061879805983440214,0.0017146048046532364,0.05817562750524685,0.06558398446163358,11.201508626989552,10.568848267604634,11.914734920520289,0.9901176475299572,0.026709705446459554,15,47
2022,White non-Hispanic,Male,40,54,47,0.0048113348244818045,0.058866820657219945,0.002229473842615253,0.0540503352472303,0.0636833060672096,11.77483636488752,10.88428386284495,12.824105112196584,0.9816944290010632,0.034730212743619884,15,47
2022,White non-Hispanic,Female,40,54,47,0.002930632846147553,0.06729770240567672,9.449852308879222e-4,0.0652561859320462,0.06933921887930723,10.299715380795478,9.996466527355125,10.621938298412758,0.9974432919809747,0.014720754951678556,15,47
2023,Total,Both,40,54,47,0.003506571932324388,0.05863616153733292,0.002022225691611022,0.05426740853688268,0.06300491453778316,11.821155450610917,11.001477990169715,12.772807827903739,0.9847732306619857,0.03150175038738271,15,47
2023,Total,Male,40,54,47,0.004470502650884952,0.055251071355837095,0.002069015902644538,0.05078123425004076,0.05972090846163343,12.545407058187598,11.606440665671464,13.649671789129247,0.9820962641651299,0.0322306371553955,15,47
2023,Total,Female,40,54,47,0.0025410667565616283,0.06530383504588147,0.0018606043294521544,0.061284243770454064,0.06932342632130888,10.614187973385494,9.998743820700092,11.310365240961342,0.989557248153165,0.028984051285290226,15,47
2023,Hispanic,Both,40,54,47,0.002707558444853706,0.05410344810088516,0.0016003494393344074,0.050646103332759304,0.057560792869011015,12.811515807041605,12.042001960211266,13.686091030651879,0.9887536599250691,0.02492986256659504,15,47
2023,Hispanic,Male,40,54,47,0.0036151238370830167,0.04634732564318618,0.0022432513851640503,0.041501075662111024,0.051193575624261335,14.955494647010973,13.539729782645878,16.701908793963224,0.970445670583892,0.03494483602138964,15,47
2023,Hispanic,Female,40,54,47,0.0017426653456718243,0.07257975763357771,5.498970417092376e-4,0.07139177730038747,0.07376773796676796,9.55014460174049,9.396345877817279,9.709061838360807,0.9992543223484672,0.008566165200326527,15,47
2023,American Indian or Alaska Native non-Hispanic,Both,40,54,47,0.010542416523244344,0.047273472658050146,0.001105338185818832,0.0448855346866157,0.04966141062948459,14.662497624699252,13.957460566946024,15.44255149012702,0.9929429533983984,0.01721869510794693,15,47
2023,American Indian or Alaska Native non-Hispanic,Male,40,54,47,0.013070217194923264,0.04893861497718629,0.002537427061128867,0.04345683708626299,0.05442039286810959,14.163604361976114,12.736901445011991,15.95024458830332,0.9662317583988194,0.03952743466640071,15,47
2023,American Indian or Alaska Native non-Hispanic,Female,40,54,47,0.00806005069482462,0.04539325518184447,0.001330990085187824,0.04251782591974195,0.04826868444394699,15.26982759406021,14.360183803328571,16.302507608652256,0.9889469198237343,0.020733846674782078,15,47
2023,Asian non-Hispanic,Both,40,54,47,0.0013660353776243498,0.07769913379545063,0.0021418911534995103,0.07307185928187535,0.0823264083090259,8.920912585521382,8.419499827541385,9.485829255912648,0.9902178003775527,0.03336587046361361,15,47
2023,Asian non-Hispanic,Male,40,54,47,0.0018766293956111752,0.07332062384830826,8.507962146100202e-4,0.07148259037322759,0.07515865732338893,9.453645429885938,9.222452944808555,9.69672723023689,0.9982526390968048,0.013253500879925655,15,47
2023,Asian non-Hispanic,Female,40,54,47,9.152262356028621e-4,0.08656450703872766,0.004041443480404306,0.0778334992167963,0.09529551486065901,8.007290797021945,7.273660062317353,8.905512247743907,0.9724449208162564,0.06295664438076996,15,47
2023,Black non-Hispanic,Both,40,54,47,0.005627389910122791,0.05155542267643653,0.001372879740937742,0.04858949631502187,0.054521349037851184,13.444699792496301,12.713316761086215,14.265370772029442,0.9908657173936322,0.021386393759274928,15,47
2023,Black non-Hispanic,Male,40,54,47,0.007369710821366541,0.04997055283458777,0.0013693226821918163,0.04701231103139701,0.052928794637778526,13.871112910325348,13.095842920730405,14.743950368596629,0.990332643311849,0.021330982744969133,15,47
2023,Black non-Hispanic,Female,40,54,47,0.004061720168889813,0.0553332078073793,0.0012760807167307216,0.052576403023837676,0.05809001259092092,12.526784692708642,11.932295237069368,13.18361737766044,0.9931334975629242,0.019878481605373602,15,47
2023,White non-Hispanic,Both,40,54,47,0.0035799134453944705,0.060161345810514084,0.00199308508980005,0.05585554725284673,0.06446714436818145,11.521470658969328,10.751944844978377,12.409639053793684,0.9859328127776342,0.03104780502995031,15,47
2023,White non-Hispanic,Male,40,54,47,0.00447408006046911,0.05645528905418855,0.0022035196831645372,0.05169487419678106,0.06121570391159604,12.277807662885735,11.323028835230676,13.40843151917577,0.9805799230207147,0.03432590502667094,15,47
2023,White non-Hispanic,Female,40,54,47,0.0026636951682455453,0.06678115020876693,0.00163632892471298,0.06324607648815354,0.07031622392938032,10.379383679272866,9.857571152513591,10.959528543873814,0.99225537776887,0.02549034242409271,15,47
2005,Total,Both,45,59,52,0.005106361337857521,0.07287365913442792,8.054977375857825e-4,0.07113348706929591,0.07461383119955993,9.511628602062054,9.289794792952991,9.744316061501442,0.9984142248482415,0.012547851989168407,15,52
2005,Total,Male,45,59,52,0.00646686043040263,0.07306296404830333,0.001284066837600378,0.07028890629954818,0.07583702179705848,9.486984131956273,9.139957821851473,9.86140227600043,0.9960007027600769,0.02000288749500453,15,52
2005,Total,Female,45,59,52,0.0038026263633016383,0.07362528581168244,6.142554443124728e-4,0.07229826760272814,0.07495230402063674,9.414526176955915,9.247843540194575,9.587327657264497,0.9990959455457198,0.009568725074107309,15,52
2006,Total,Both,45,59,52,0.005052199594381401,0.07358496659045428,7.923237983857558e-4,0.07187325509065215,0.07529667809025642,9.41968465403724,9.205547948995644,9.644020987858335,0.9984950693606409,0.012342631500664385,15,52
2006,Total,Male,45,59,52,0.00638750837532962,0.07420318957719546,0.001363916571125474,0.07125662696690578,0.07714975218748514,9.34120466396996,8.984438198524561,9.727476728331085,0.9956270901725464,0.021246767633824586,15,52
2006,Total,Female,45,59,52,0.003772645583481838,0.073690074056891125,4.3583778719750093e-4,0.07274850376212755,0.0746316443516547,9.406248934216205,9.287577495866566,9.527992257083282,0.9995454541713711,0.006789377287926286,15,52
2007,Total,Both,45,59,52,0.004970508790419012,0.07513336078324297,8.080900219310545e-4,0.07338758842826279,0.07687913313822314,9.225558038853737,9.016063946945351,9.445019183829764,0.9984984334076238,0.012588233977547174,15,52
2007,Total,Male,45,59,52,0.006281055269931637,0.0768704497153397,0.0011514090928985794,0.07438298160027536,0.07935791783040404,9.01708241758375,8.73444263042878,9.318625922860013,0.9970918354348649,0.017936376730214466,15,52
2007,Total,Female,45,59,52,0.003715330229503694,0.07353207304032273,4.796392280651978e-4,0.07249587548560067,0.0745682705950448,9.42646048044701,9.295470781724234,9.56119470131263,0.9994471860766886,0.0074717057058402364,15,52
2008,Total,Both,45,59,52,0.004949856757194744,0.07554094314125444,8.785664083944654e-4,0.07364291580993795,0.07743897047257092,9.175781393989555,8.950883209448914,9.412272354191693,0.998244645953711,0.013686098347377431,15,52
2008,Total,Male,45,59,52,0.006243154522236039,0.0786187135963902,0.0011166761359626186,0.07620628147283658,0.08103114571994381,8.816567313965455,8.554083425595008,9.095669899692124,0.9973841765446967,0.017395314996031534,15,52
2008,Total,Female,45,59,52,0.003711090880556124,0.0718303089569261,7.726665096458574e-4,0.07016106444758868,0.07349955346626352,9.649786985819583,9.430631178978544,9.879370930549895,0.9984980368551183,0.012036414936536144,15,52
2009,Total,Both,45,59,52,0.004921361023014947,0.07676092923904922,0.0012299067328051048,0.07410387728312451,0.07941798119497392,9.029947753776447,8.727836821465464,9.353723529359698,0.9966737088111,0.019159194276540878,15,52
2009,Total,Male,45,59,52,0.006173946719907485,0.08050771383422316,0.0013595364387059257,0.07757061392472382,0.08344481374372249,8.609698966079623,8.306653816602118,8.935692854417654,0.9963064582391759,0.021178534973782387,15,52
2009,Total,Female,45,59,52,0.003721263493595259,0.07204772552376364,0.0011509466072589685,0.06956125654817917,0.0745341944993481,9.620667072013582,9.299720553980197,9.964558073787254,0.9966934525336799,0.017929172239025775,15,52
2010,Total,Both,45,59,52,0.004817114549902324,0.07959070852286004,0.001013786855809175,0.07740055517523593,0.08178086187048415,8.708895716902175,8.475664901376048,8.955325694895217,0.9978952676034694,0.015792530284919913,15,52
2010,Total,Male,45,59,52,0.006046046870870166,0.08283326694611932,8.485517329077509e-4,0.08100008237895823,0.08466645151328042,8.367980717346542,8.186798527291783,8.557363896459535,0.998637619736336,0.013218536878317306,15,52
2010,Total,Female,45,59,52,0.0036391888958988952,0.075629444609951,0.0014233883515097137,0.07255440102937517,0.07870448819052682,9.16504390763097,8.806958745249489,9.553482224728313,0.9954163324919588,0.022173204870048722,15,52
2011,Total,Both,45,59,52,0.004821498459309554,0.07988028342942906,0.0012853091524210102,0.07710354182267395,0.08265702503618416,8.677325001886258,8.385822986691226,8.989822830111683,0.9966455594894973,0.020022239979519213,15,52
2011,Total,Male,45,59,52,0.006024370174348319,0.08351176531679844,0.0012079098309236765,0.08090223477823766,0.08612129585535921,8.299994353256935,8.048499197272722,8.567713641779385,0.9972877012791406,0.01881653177589167,15,52
2011,Total,Female,45,59,52,0.0036666527209006897,0.07537699414618965,0.0014625841238830228,0.07221727324751268,0.07853671504486662,9.195739209441324,8.8257725086154,9.598080201454003,0.9951293494966926,0.02278378728064059,15,52
2012,Total,Both,45,59,52,0.004780736397013287,0.08298526059240008,0.0013825724846482355,0.07999839433127814,0.08597212685352201,8.352654141372001,8.062464032568588,8.664513661231515,0.9964045525120234,0.021537385013220275,15,52
2012,Total,Male,45,59,52,0.005955220162626253,0.08680854459414875,0.0013790109491312505,0.08382937256272659,0.0897877166255709,7.984780574315334,7.71984416811132,8.268547877312185,0.9967301230134582,0.02148190426084071,15,52
2012,Total,Female,45,59,52,0.003652320930866508,0.07822993474678508,0.0013820002572864922,0.07524430470771983,0.08121556478585033,8.860382957029511,8.534659364712168,9.211955419781168,0.9959593125304936,0.021528470991610697,15,52
2013,Total,Both,45,59,52,0.004785533935829171,0.08378895270807984,0.0013207284086482428,0.0809356924503362,0.08664221296582349,8.272536631110135,8.000109378939353,8.564171869972874,0.9967804410993402,0.020573992720672528,15,52
2013,Total,Male,45,59,52,0.0059512594063143055,0.08704652505053924,0.001165003672731894,0.08452968763130522,0.08956336246977326,7.962950619309661,7.739182199572683,8.200044268272453,0.9976768088671993,0.01814814985836084,15,52
2013,Total,Female,45,59,52,0.003664379058723028,0.07990863864584212,0.0015485018248785807,0.076563303838899,0.08325397345278523,8.674245892637439,8.325694880533732,9.053255878539852,0.9951419234469112,0.024122192772098684,15,52
2014,Total,Both,45,59,52,0.004781476028920084,0.08613903956135419,0.001288220028920914,0.08335600938824585,0.08892206973446252,8.046841293908761,7.794996030004799,8.31550341297513,0.9971009046012062,0.020067584920634773,15,52
2014,Total,Male,45,59,52,0.0059124680870068945,0.08922034261327454,0.0011284772056679327,0.08678241582861682,0.09165826939793226,7.768936548073917,7.562298362307746,7.987184661104784,0.9979246139371244,0.017579149250389538,15,52
2014,Total,Female,45,59,52,0.0036926379347170207,0.0825529411389532,0.001513713050190036,0.07928276291044396,0.08582311936746244,8.396395949033955,8.076462212846737,8.74272231585709,0.995648176590187,0.023580261522254675,15,52
2015,Total,Both,45,59,52,0.004774659872190835,0.08694885349541465,0.0014182436094332712,0.08388492445436635,0.09001278253646294,7.971895576478179,7.700541645617508,8.263072120152167,0.9965531864978515,0.02209306130280404,15,52
2015,Total,Male,45,59,52,0.005894051410774125,0.08989394025566133,0.001375185729654175,0.08692303210850154,0.09286484840282112,7.710721975125485,7.464042557343886,7.974263710620741,0.9969669052705465,0.021422315902506785,15,52
2015,Total,Female,45,59,52,0.003695921395197239,0.0835513036827359,0.0014761876124219327,0.08036219423380092,0.08674041313167088,8.29606660827208,7.991052331140692,8.625289381015962,0.9959583270195878,0.0229956991864818,15,52
2016,Total,Both,45,59,52,0.004814595151122527,0.08599440261076997,0.0011042953196414408,0.08360871761473805,0.0883800876068019,8.060375553712321,7.842798070575791,8.290369716635402,0.9978608392237589,0.01720244958691339,15,52
2016,Total,Male,45,59,52,0.005950392171591344,0.08812851517807382,9.67889709498823e-4,0.08603751658675969,0.09021951376938796,7.865186190410238,7.682896433378191,8.056336445520019,0.9984343967089166,0.015077555466550329,15,52
2016,Total,Female,45,59,52,0.0037196835697197754,0.08380299671379167,0.0013452858380415282,0.08089668335530348,0.08670931007227986,8.2711502898544,7.99391876122813,8.568301589270328,0.9966611192241385,0.02095654250930999,15,52
2017,Total,Both,45,59,52,0.0047927033676539044,0.0855287369376404,8.104993467481888e-4,0.08377775955284204,0.08727971432243876,8.104260689191793,7.94167563380468,8.273641886099247,0.9988339481343684,0.012625765865954262,15,52
2017,Total,Male,45,59,52,0.005948794756096608,0.08648377699676214,7.244120524136396e-4,0.08491877990436383,0.08804877408916045,8.014765365600255,7.872309270973457,8.162472203917353,0.9990887250162321,0.011284718489836882,15,52
2017,Total,Female,45,59,52,0.003677730068329496,0.08513995050837238,9.504273414793288e-4,0.08308667706959517,0.08719322394714958,8.141268304963173,7.94955329304124,8.342458803345215,0.9983826224092316,0.014805530854854055,15,52
2018,Total,Both,45,59,52,0.0047520358075743285,0.08513497695661255,7.062050725553895e-4,0.08360931365282886,0.08666064026039624,8.141743914645032,7.998408256357094,8.290310615849592,0.999106281677664,0.011001094492188146,15,52
2018,Total,Male,45,59,52,0.005928459431369535,0.08589681854033253,8.047405364779386e-4,0.08415828230874053,0.08763535477192452,8.069532636234724,7.909446847837795,8.23623250789609,0.9988602602729073,0.012536056490579255,15,52
2018,Total,Female,45,59,52,0.0036171925343139125,0.08501189400519694,7.357108221558845e-4,0.0834224874047909,0.08660130060560299,8.153531793063825,8.003888806666485,8.30887692423492,0.9990273073896326,0.011460728034954052,15,52
2019,Total,Both,45,59,52,0.0047090348624778434,0.08375188685870505,7.904229694509217e-4,0.08204428185015503,0.08545949186725507,8.2761977856013,8.110827310284227,8.448452042348343,0.9988434333227751,0.01231302084005283,15,52
2019,Total,Male,45,59,52,0.005899567047861881,0.08448442203820762,9.566888268008403e-4,0.08241762148279892,0.08655122259361632,8.204437739379612,8.008519808142712,8.41018180444105,0.9983357900205272,0.014903070782504453,15,52
2019,Total,Female,45,59,52,0.0035599752156185004,0.08362590973184526,5.938039408020251e-4,0.08234307431005249,0.08490874515363804,8.288665352431922,8.163436867494989,8.417795745031171,0.9993449669362583,0.009250136421364226,15,52
2019,Hispanic,Both,45,59,52,0.0034760196745308976,0.08358677305974391,9.085168606605088e-4,0.08162404171010497,0.08554950440938285,8.292546238918879,8.102293348690898,8.49194876947798,0.9984665566382294,0.01415265936239573,15,52
2019,Hispanic,Male,45,59,52,0.004484945143382115,0.08561865966241444,0.0011697806632722826,0.08309150218254474,0.08814581714228414,8.09574902588937,7.863642348916837,8.341974357824965,0.9975791785716461,0.01822256467972844,15,52
2019,Hispanic,Female,45,59,52,0.0024582747115608527,0.08169875503954752,0.001103212943116214,0.07931540837583517,0.08408210170325986,8.48418290125005,8.243694752138575,8.739123894760462,0.9976351537200587,0.017185588583087604,15,52
2019,American Indian or Alaska Native non-Hispanic,Both,45,59,52,0.011102123524172341,0.050612698813198555,0.001974205319805066,0.046347687518869585,0.054877710107527525,13.695123888141477,12.630759906012678,14.955377876787132,0.9806044168544313,0.030753700467724434,15,52
2019,American Indian or Alaska Native non-Hispanic,Male,45,59,52,0.013717047510404584,0.054233712988583455,0.0019391538534569454,0.050044425783516026,0.05842300019365088,12.780743606949006,11.864285953518577,13.850637103088888,0.9836517755806578,0.030207677069747235,15,52
2019,American Indian or Alaska Native non-Hispanic,Female,45,59,52,0.00866355830864284,0.046807034283261516,0.002042050518356073,0.04239545234849146,0.051218616218031573,14.808611380187763,13.533110258373634,16.34956445003256,0.9758543409038608,0.03181057681866901,15,52
2019,Asian non-Hispanic,Both,45,59,52,0.001994322882058419,0.08574065070971289,0.0016657106356628903,0.08214210166169006,0.08933919975773572,8.084230465041527,7.758600731141281,8.43839111171926,0.9951174884629024,0.025948043722290006,15,52
2019,Asian non-Hispanic,Male,45,59,52,0.002730729650670522,0.0907529256930738,0.001339220072256252,0.08785971662486557,0.09364613476128204,7.63773922731888,7.401770316808919,7.889248989038677,0.9971770819459692,0.02086205145399961,15,52
2019,Asian non-Hispanic,Female,45,59,52,0.0013721183867232741,0.07994746770956813,0.0019692195426842126,0.07569322753185917,0.0842017078872771,8.670032965621864,8.231984813038217,9.15732098050913,0.992174532767164,0.030676033218712713,15,52
2019,Black non-Hispanic,Both,45,59,52,0.007128304370513067,0.0801599465382226,0.00101479188611208,0.0779676219546333,0.0823522711218119,8.647051432718115,8.416855675232952,8.89019266181113,0.9979208845846248,0.015808186407708386,15,52
2019,Black non-Hispanic,Male,45,59,52,0.00902961704082422,0.08027072820366521,0.0014212340651219878,0.07720033867587847,0.08334111773145195,8.635117633432603,8.31698925365336,8.978551032918222,0.9959412352733314,0.0221396459095773,15,52
2019,Black non-Hispanic,Female,45,59,52,0.005466968758489056,0.08057641752944573,5.385081614328205e-4,0.07941304137623686,0.0817397936826546,8.602357883516508,8.479923294778672,8.728379728916401,0.9994196901741318,0.008388751934760873,15,52
2019,White non-Hispanic,Both,45,59,52,0.004823200038613972,0.0813093666748238,8.237778165468891e-4,0.07952970290006654,0.08308903044958106,8.524813424411626,8.342222514926942,8.715576134251664,0.9986673894423087,0.012832614707238548,15,52
2019,White non-Hispanic,Male,45,59,52,0.005977153669289612,0.08227933373941419,9.632904029387414e-4,0.08019827134583392,0.08436039613299447,8.42431688563744,8.216499830882684,8.642919216686488,0.9982212983064694,0.015005908563926263,15,52
2019,White non-Hispanic,Female,45,59,52,0.0036846488170640523,0.08090846915330853,6.769712461678155e-4,0.07944596169176102,0.08237097661485604,8.567053459465942,8.414944304969337,8.724762918085847,0.9990907134819306,0.010545696904495654,15,52
2020,Total,Both,45,59,52,0.005633354375018869,0.07928265271780963,7.176873966274362e-4,0.07773218336099734,0.08083312207462191,8.74273446711049,8.575039077669912,8.917119661246215,0.9989358686119003,0.011179963402955712,15,52
2020,Total,Male,45,59,52,0.007170279822149249,0.07926884178685495,9.089351440929921e-4,0.07730520679079896,0.08123247678291094,8.744257704985024,8.532882512155092,8.966371210101274,0.9982936723162475,0.014159175282125127,15,52
2020,Total,Female,45,59,52,0.004148972660621914,0.08043959869768062,4.945676603039757e-4,0.07937115022585978,0.08150804716950147,8.616989539754272,8.504033707475521,8.732986464068052,0.9995088189297106,0.007704257269205201,15,52
2020,Hispanic,Both,45,59,52,0.00513196011116851,0.08495712509815986,5.644619611337169e-4,0.08373767916956107,0.08617657102675866,8.158788091747217,8.043336748043926,8.277601999888082,0.9994264596979783,0.00879305404761279,15,52
2020,Hispanic,Male,45,59,52,0.006879566396869468,0.0851579422405864,0.0011447691682272363,0.0826848188106633,0.0876310656705095,8.139548259652408,7.909833975614999,8.383004166062886,0.9976562579359812,0.017832941564468435,15,52
2020,Hispanic,Female,45,59,52,0.0033562930700699,0.08704905481254369,4.500745207714033e-4,0.08607672792479663,0.08802138170029074,7.962719205310239,7.874759145682165,8.052666467126084,0.9996525973021538,0.0070111537341643205,15,52
2020,American Indian or Alaska Native non-Hispanic,Both,45,59,52,0.01575475462272953,0.047283898953496106,0.0012547910264579995,0.04457308774952547,0.049994710157466746,14.659264483279143,13.864410422157897,15.550800170161526,0.9909280277744575,0.019546835878797117,15,52
2020,American Indian or Alaska Native non-Hispanic,Male,45,59,52,0.019703096037688075,0.04763263780985331,0.003074259411659814,0.0409911041350677,0.054274171484638915,14.551937755934242,12.77121624521021,16.90969773041466,0.9486297308372725,0.04789008121789687,15,52
2020,American Indian or Alaska Native non-Hispanic,Female,45,59,52,0.01204804156518992,0.04885920744446812,0.0026755083564598786,0.04307912305106792,0.054639291837868316,14.1866235007548,12.685874162072368,16.09009495709227,0.9624806632055527,0.04167843221169383,15,52
2020,Asian non-Hispanic,Both,45,59,52,0.0024586811161680378,0.08745342638331015,0.001384731078293735,0.08446189676413444,0.09044495600248585,7.925900781998719,7.663746119141175,8.206625793588387,0.9967513165950858,0.021571011071127858,15,52
2020,Asian non-Hispanic,Male,45,59,52,0.003467550065668781,0.08975544086459797,0.0010532959177223394,0.08747993337797041,0.09203094835122552,7.722620198652957,7.531674865661808,7.923499181979221,0.9982129126983357,0.016407993045377985,15,52
2020,Asian non-Hispanic,Female,45,59,52,0.0016113207671832248,0.08564923230018719,0.0018471963556581266,0.08165860719109107,0.0896398574092833,8.092859234634732,7.732577902206272,8.488354190733338,0.9939895863278215,0.028775185061598083,15,52
2020,Black non-Hispanic,Both,45,59,52,0.009044085902756877,0.07527262709702028,0.0011233851432911536,0.0728457010443181,0.07769955314972245,9.208489291419776,8.92086443823289,9.51527915337442,0.9971128399091002,0.017499826314964616,15,52
2020,Black non-Hispanic,Male,45,59,52,0.01165188728037652,0.07418416062577923,0.0012460370953485957,0.07149226114019819,0.07687606011136028,9.343600772899686,9.016424353119472,9.695415552750047,0.9963457941090005,0.019410469224045983,15,52
2020,Black non-Hispanic,Female,45,59,52,0.006768472179547283,0.07748326790581751,0.001024546147352249,0.075269870521978,0.07969666528965702,8.945765960755292,8.697317234550608,9.208826529833788,0.997732201141876,0.015960135967085377,15,52
2020,White non-Hispanic,Both,45,59,52,0.0054275890923626835,0.07761784095011806,7.921315171178182e-4,0.0759065448487404,0.07932913705149572,8.930255880286644,8.737611504711008,9.131586504710304,0.9986478427819061,0.012339636188849357,15,52
2020,White non-Hispanic,Male,45,59,52,0.006774267695015779,0.07870493800294347,9.886311221560214e-4,0.07656913031383396,0.08084074569205298,8.806908411947703,8.574230415938443,9.052566977304592,0.997952999100178,0.015400660254962072,15,52
2020,White non-Hispanic,Female,45,59,52,0.004097598551921901,0.07706594452811598,5.812167557488663e-4,0.07581030206638514,0.07832158698984681,8.994208593746157,8.850014500469726,9.143179246970604,0.9992611205579239,0.009054056249270026,15,52
2021,Total,Both,45,59,52,0.006243013641271091,0.07414613946256529,7.253065887661127e-4,0.07257920984186904,0.07571306908326154,9.348392048245474,9.154921190655902,9.550216681472977,0.9987575766722067,0.01129865336417111,15,52
2021,Total,Male,45,59,52,0.00785663902587789,0.07371819517255362,7.637466028714938e-4,0.07206822095023012,0.07536816939487713,9.402660753393135,9.196815925411867,9.617931057832392,0.9986065642006515,0.01189746275239053,15,52
2021,Total,Female,45,59,52,0.0046475833519798795,0.07573344267952564,8.062612200955113e-4,0.07399162121070985,0.07747526414834144,9.152458359684948,8.946690123350601,9.367914491102086,0.9985287716683539,0.012559745337940693,15,52
2021,Hispanic,Both,45,59,52,0.005516532054332841,0.07545430810628906,9.337938730257147e-4,0.0734369690914073,0.07747164712117081,9.186316831419887,8.947107829988653,9.438668141344206,0.9980129285776168,0.014546418643256781,15,52
2021,Hispanic,Male,45,59,52,0.007226763907505969,0.07499217545357062,0.0010611131587983079,0.07269977984434253,0.07728457106279871,9.242926696920383,8.968765317940607,9.534377986343872,0.9974039924539541,0.01652976816578849,15,52
2021,Hispanic,Female,45,59,52,0.0037361887586132166,0.0781759400059902,0.0013488041082118435,0.07526202588690108,0.08108985412507931,8.866502667020482,8.54789033768369,9.20978637489193,0.9961450613164152,0.021011349284419428,15,52
2021,American Indian or Alaska Native non-Hispanic,Both,45,59,52,0.01839637568991201,0.04057122766124767,0.0023386421696605774,0.03551889841923082,0.04562355690326452,17.08469820897279,15.192747510449985,19.514883946531913,0.9585934484367079,0.03643081095234419,15,52
2021,American Indian or Alaska Native non-Hispanic,Male,45,59,52,0.022663899172131057,0.041648089575373824,0.003066035593404933,0.03502432237978251,0.04827185677096514,16.642952597033347,14.359240081621715,19.79045227610338,0.9341827955488812,0.047761972534988144,15,52
2021,American Indian or Alaska Native non-Hispanic,Female,45,59,52,0.01431294399005332,0.04043503573199294,0.0016408986933071123,0.0368900896265415,0.04397998183744438,17.14224231565386,15.760515389067363,18.78952281160204,0.9790399817736869,0.025561529191315397,15,52
2021,Asian non-Hispanic,Both,45,59,52,0.0025312109040385314,0.08327344226208835,0.002314571557717207,0.07827311441565583,0.08827377010852087,8.323748385210111,7.852243987175498,8.855495092211447,0.9900566758363956,0.036055844690043616,15,52
2021,Asian non-Hispanic,Male,45,59,52,0.0035357953900025853,0.08512254338557991,0.0022004903575943867,0.0803686729881844,0.08987641378297542,8.142933152504547,7.712225614983791,8.62459407114822,0.9913873562254578,0.03427871491413856,15,52
2021,Asian non-Hispanic,Female,45,59,52,0.0016685434849653478,0.08177526498732497,0.0023192824837339754,0.07676475980398292,0.08678577017066702,8.476244994955161,7.9868759497881845,9.029497158981295,0.9896512261801039,0.03612923037399041,15,52
2021,Black non-Hispanic,Both,45,59,52,0.009679722772997602,0.06904708040381934,9.357937100272694e-4,0.0670254210037614,0.07106873980387728,10.038761617523859,9.75319363299206,10.341556534513176,0.9976178058779219,0.014577571627960601,15,52
2021,Black non-Hispanic,Male,45,59,52,0.012257783482465279,0.06733408470237194,8.550509673288935e-4,0.0654868593928764,0.06918131001186748,10.294150185953715,10.019283827395602,10.584523169778777,0.9979080660474093,0.013319780404840208,15,52
2021,Black non-Hispanic,Female,45,59,52,0.007379290289358493,0.0720163789117318,0.0011497580196134852,0.06953247772364209,0.0745002800998215,9.624854665485389,9.303954020457516,9.968682308645315,0.9966973921567782,0.017910656703654583,15,52
2021,White non-Hispanic,Both,45,59,52,0.006149516036003442,0.07319790153380448,7.33524620800733e-4,0.07161321793428282,0.07478258513332614,9.469495245568398,9.268831497656409,9.679039715769013,0.9986962062881726,0.01142667191071815,15,52
2021,White non-Hispanic,Male,45,59,52,0.00761788366501287,0.0738297888571568,8.317813559502816e-4,0.07203283448673169,0.07562674322758191,9.388448636918376,9.165371282405651,9.622655911001555,0.9983526630363565,0.012957291938641138,15,52
2021,White non-Hispanic,Female,45,59,52,0.004664205548575683,0.07315487790626785,7.317135160460765e-4,0.07157410696069172,0.07473564885184397,9.475064416730536,9.274652608342787,9.684328732744365,0.9987011037674862,0.011398458952024534,15,52
2022,Total,Both,45,59,52,0.005376566955527259,0.0762738887928296,0.0013185733789135938,0.07342528419377845,0.07912249339188077,9.087607719105925,8.760431463236387,9.44017021072256,0.9961299535288488,0.020540422180519703,15,52
2022,Total,Male,45,59,52,0.006713371836220545,0.07513704306805667,0.001502192775525783,0.07189175287984592,0.07838233325626742,9.225105916559896,8.84315574395741,9.641539575734306,0.9948306534368013,0.023400801426196716,15,52
2022,Total,Female,45,59,52,0.0040426343108161,0.07908676113397707,0.0011413888469632791,0.0766209404441614,0.08155258182379274,8.76438952134755,8.49938978090969,9.046445743707443,0.9972995964856803,0.017780283724580397,15,52
2022,Hispanic,Both,45,59,52,0.004156549416246949,0.07221308113700914,0.0015378861481355208,0.06889068010536886,0.07553548216864941,9.598637388769554,9.176444773495232,10.06155229560473,0.9941385255554389,0.02395682428709709,15,52
2022,Hispanic,Male,45,59,52,0.00538705176400667,0.07010493245396747,0.002564897022502629,0.06456380931949805,0.07564605558843689,9.887281198296309,9.163031372463239,10.735847030491387,0.9828961568317811,0.03995535518483598,15,52
2022,Hispanic,Female,45,59,52,0.002861837429713921,0.07879353298299298,7.807812196858058e-4,0.07710675770842898,0.08048030825755698,8.797005976487387,8.612630785927188,8.98944789224581,0.9987251270749521,0.012162823957648318,15,52
2022,American Indian or Alaska Native non-Hispanic,Both,45,59,52,0.015453682051972475,0.039143489166814226,0.0022208966068572185,0.034345533748115324,0.04394144458551313,17.707853727755932,15.774337578070114,20.18158126885948,0.9598323569017088,0.03459659860698608,15,52
2022,American Indian or Alaska Native non-Hispanic,Male,45,59,52,0.01864829695335222,0.03715133014073302,0.002939452995132511,0.030801028022903066,0.04350163225856297,18.657398750845076,15.933820056223396,22.504027464425345,0.9247427103753636,0.045790098954948996,15,52
2022,American Indian or Alaska Native non-Hispanic,Female,45,59,52,0.01234678888236394,0.0433900842957164,0.0015315369611302386,0.040081399848676355,0.04669876874275644,15.974782990416427,14.842943384186356,17.293487332699428,0.9840617844621502,0.023857918163496278,15,52
2022,Asian non-Hispanic,Both,45,59,52,0.0022022969692766774,0.07893601765907543,0.0015377787237068593,0.07561384870380378,0.08225818661434708,8.781126805175898,8.42648262852721,9.166934264583682,0.9950904331914819,0.023955150854922214,15,52
2022,Asian non-Hispanic,Male,45,59,52,0.003029927264894206,0.08049124047061286,0.0010854027305005041,0.07814637043200044,0.08283611050922528,8.611461029886991,8.36769346482958,8.86985763674196,0.9976416811816544,0.016908145331083747,15,52
2022,Asian non-Hispanic,Female,45,59,52,0.0014842003072296482,0.07798996031613509,0.0023377168464275956,0.07293963011342787,0.0830402905188423,8.887646278447232,8.347118925392804,9.503025714306986,0.9884546654437687,0.03641639648731492,15,52
2022,Black non-Hispanic,Both,45,59,52,0.008268943859437683,0.06972494434597457,0.0018004370862674194,0.06583533649686923,0.0736145521950799,9.941165060248094,9.415898893510793,10.528497573531922,0.9914064101385534,0.028046780295130608,15,52
2022,Black non-Hispanic,Male,45,59,52,0.010592406712087402,0.06824183454405576,0.0018137305149348924,0.0643235079883203,0.07216016109979122,10.157217858972729,9.60567673347324,10.775954269872924,0.9909004999325702,0.02825386216211134,15,52
2022,Black non-Hispanic,Female,45,59,52,0.006189342782888134,0.07254749409901205,0.0018560785789092182,0.06853768011320457,0.07655730808481953,9.55439177008575,9.053964904199509,10.113373831957327,0.9915625472802323,0.028913550220789577,15,52
2022,White non-Hispanic,Both,45,59,52,0.005476952537542508,0.07582031425453244,0.0011510038689890438,0.0733337215725011,0.07830690693656377,9.141971876204797,8.85167359657638,9.451956967364161,0.997013059263543,0.017930064248624436,15,52
2022,White non-Hispanic,Male,45,59,52,0.006708573927315282,0.07579802289049334,0.0012099046395253386,0.07318418282995388,0.07841186295103279,9.144660429485693,8.839825435505936,9.471270344993782,0.9966986334704248,0.01884760642937909,15,52
2022,White non-Hispanic,Female,45,59,52,0.004217133501769354,0.0768377104758949,0.0012526148900716988,0.07413160052876541,0.07954382042302438,9.020924442789008,8.714029284408248,9.350225485702042,0.9965570412245021,0.019512936544249775,15,52
2023,Total,Both,45,59,52,0.004873236018596858,0.07477853446307242,0.0012799655483489605,0.07201333701106712,0.07754373191507773,9.26933357997594,8.938790582313574,9.625261227006067,0.9962056706644339,0.019938998587450556,15,52
2023,Total,Male,45,59,52,0.006143424510585233,0.07297639376754941,0.0015538828061632103,0.06961943405729797,0.07633335347780086,9.498238331258412,9.080528353330175,9.956231186675167,0.99414046933347,0.024206016417486428,15,52
2023,Total,Female,45,59,52,0.003617910459218931,0.0786189460567638,9.319503207498087e-4,0.07660558979443546,0.08063230231909213,8.816541245153362,8.596395744932385,9.048258520297884,0.9981766005208066,0.014517700224802008,15,52
2023,Hispanic,Both,45,59,52,0.003692364418578375,0.06973134390350758,0.0017001180539154032,0.06605846214754221,0.07340422565947294,9.94025271503593,9.442878449198565,10.49293546997498,0.9923316437499838,0.02648403429236404,15,52
2023,Hispanic,Male,45,59,52,0.004811776188250569,0.0679419241523561,0.0022520796535373004,0.06307660185699654,0.07280724644771566,10.202054021985013,9.520304837482188,10.988974677669015,0.9859176286004586,0.0350823606843393,15,52
2023,Hispanic,Female,45,59,52,0.002527321476001613,0.07538878152798267,9.083277999895311e-4,0.07342645861909149,0.07735110443687386,9.194301413435952,8.961050855138362,9.440019219171784,0.9981163669850334,0.014149714220273404,15,52
2023,American Indian or Alaska Native non-Hispanic,Both,45,59,52,0.013155322793845039,0.04027032737248451,7.702325896594403e-4,0.038606341027598086,0.041934313717370934,17.212355244808656,16.529355535221622,17.95423140629781,0.9952667840124388,0.011998499910437404,15,52
2023,American Indian or Alaska Native non-Hispanic,Male,45,59,52,0.01638000763698231,0.03673950488345837,0.0012676464993491398,0.034000921118789704,0.03947808864812703,18.866535702064635,17.55776949431493,20.386129485677255,0.9847593603686128,0.019747095374959407,15,52
2023,American Indian or Alaska Native non-Hispanic,Female,45,59,52,0.010051421176122842,0.04730985585006008,0.0010436841077743765,0.04505511341637598,0.04956459828374418,14.65122157118272,13.984723059629404,15.38442871410041,0.9937130610685759,0.01625826255831723,15,52
2023,Asian non-Hispanic,Both,45,59,52,0.002007137631207302,0.08266087097755022,0.0013289793886328903,0.07978978556126264,0.0855319563938378,8.385432821633302,8.10395564165867,8.687166855809464,0.996650939679861,0.02070252452254108,15,52
2023,Asian non-Hispanic,Male,45,59,52,0.0027440240065811808,0.079792581999864165,5.088309214951525e-4,0.07869331962562696,0.08089184437410137,8.686862402336162,8.568814148362598,8.808208674605432,0.9994716328867501,0.007926446956349635,15,52
2023,Asian non-Hispanic,Female,45,59,52,0.0013714649438961075,0.08903911221256343,0.0035681722876988067,0.08133054464135979,0.09674767978376707,7.784749458251473,7.1644837592916195,8.522593616168317,0.9795496937934042,0.05558413841370835,15,52
2023,Black non-Hispanic,Both,45,59,52,0.007567834401314213,0.0665797667615841,0.0017567484727595204,0.06278454242374555,0.07037499109942265,10.410778142885967,9.84933951296275,11.040092892319818,0.9910305661289308,0.027366209474966485,15,52
2023,Black non-Hispanic,Male,45,59,52,0.009811440686766565,0.06446946942113853,0.0016558163440335857,0.06089229569062956,0.0680466431516475,10.751557082501337,10.18635377817551,11.38316715929977,0.9914974131673623,0.025793912802848467,15,52
2023,Black non-Hispanic,Female,45,59,52,0.005579202514557902,0.07035310757764154,0.001972965121515715,0.06609077556882469,0.0746154395864584,9.852403176291672,9.289594545064388,10.487805213272544,0.9898795932391389,0.03073438095403016,15,52
2023,White non-Hispanic,Both,45,59,52,0.004991292632562214,0.07490277134198271,0.0010178684371409939,0.07270380027398055,0.07710174240998488,9.253959074427984,8.990032636022255,9.533850747111645,0.9976050881657217,0.015856112187194297,15,52
2023,White non-Hispanic,Male,45,59,52,0.006175660048924124,0.07402375124525862,0.0013667090033288548,0.07107115595196146,0.07697634653855577,9.363848344612808,9.00467756303247,9.752862061628187,0.9955880259610637,0.02129026747788725,15,52
2023,White non-Hispanic,Female,45,59,52,0.0037913774559776257,0.0771894293414686,6.911453621112311e-4,0.07569630056410387,0.07868255811883332,8.979819989258099,8.809413383752641,9.156949222015802,0.9989588481241678,0.010766497908193508,15,52
2005,Total,Both,50,64,57,0.007524317074557783,0.0778123079864515,0.0016003587309417564,0.07435494314502836,0.08126967282787464,8.907937555079776,8.52897712567391,9.32213987720992,0.9945311021112689,0.02493000730904224,15,57
2005,Total,Male,50,64,57,0.009480584638897258,0.07465629534014803,0.0015479945349756085,0.07131205646641103,0.07800053421388503,9.284510802496122,8.886441452558113,9.71991574645484,0.9944418696258789,0.02411429033076202,15,57
2005,Total,Female,50,64,57,0.0056836849453431575,0.08418779760820654,0.0017711065257783104,0.08036155458265837,0.0880140406337547,8.233344976972981,7.875415962826651,8.625358035439536,0.9942793832104163,0.027589875806634145,15,57
2006,Total,Both,50,64,57,0.007419864269604328,0.07633436832191758,0.001284204585951158,0.07356001298594292,0.07910872365789223,9.080407630240712,8.761956311638633,9.42288007334098,0.9963341341983105,0.020005033306018875,15,57
2006,Total,Male,50,64,57,0.009337442120927549,0.07304218627664083,0.0012106023521771872,0.0704268388995571,0.07565753365372456,9.489682824316231,9.161641241603204,9.842088490561293,0.9964416331783901,0.01885847523096332,15,57
2006,Total,Female,50,64,57,0.005614315641749062,0.08284222340364741,0.0015031099281653073,0.07959495182762105,0.08608949497967378,8.367076016086587,8.05147225830052,8.708431434962051,0.9957384594245217,0.02341508861166631,15,57
2007,Total,Both,50,64,57,0.007261175170100077,0.07398746521351647,0.00062252288849712345,0.0726425862772766,0.07533234414975634,9.368440702213935,9.201189587065135,9.541884672362903,0.9990805286584657,0.00969751335136384,15,57
2007,Total,Male,50,64,57,0.00916158563838093,0.07171468434437625,4.208024883299186e-4,0.07080559583802674,0.07262377285072576,9.66534520644935,9.544356528883068,9.789440684117295,0.9995526067529565,0.006555160981659823,15,57
2007,Total,Female,50,64,57,0.005472066866945284,0.07879062730920035,0.0012274593553344311,0.07613886259085381,0.08144239202754688,8.797330396162575,8.510889271590854,9.103723866807666,0.9968548569318635,0.01912106961295625,15,57
2008,Total,Both,50,64,57,0.007240985442371182,0.07407748192925746,5.963318657912246e-4,0.07278918525755212,0.0753657786009628,9.357056456399087,9.197107671771473,9.52266711198047,0.9991582536453258,0.009289515835016294,15,57
2008,Total,Male,50,64,57,0.009140056066064986,0.07215737331650379,3.3336755264066884e-4,0.07143717650469718,0.0728775701283104,9.60604784655332,9.511118158022693,9.702891610146,0.9997225989604532,0.005193120369355403,15,57
2008,Total,Female,50,64,57,0.005451533179106683,0.07828915963123811,0.0016509877108331307,0.07472241752854897,0.08185590173392726,8.853680175197244,8.467894994462602,9.276294898985524,0.9942519015066437,0.025718693504417047,15,57
2009,Total,Both,50,64,57,0.0071784606174583165,0.0715783989064456,3.9805216025751e-4,0.07071845949578798,0.07243833831710322,9.683748046193413,9.568789078590559,9.801502825457185,0.9995981307293811,0.00620076178717766,15,57
2009,Total,Male,50,64,57,0.009044383156197228,0.07075238140692094,6.566168704438736e-4,0.06933384690070932,0.07217091591313257,9.796803538999214,9.604245308376596,9.997241052448427,0.9988815944521977,0.010228621285287296,15,57
2009,Total,Female,50,64,57,0.0054209847000647165,0.07407885412629643,0.001429411912463635,0.07099079743343546,0.0771669108191574,9.356883131294179,8.982440442437214,9.763901880520146,0.9951830448474018,0.022267038468544078,15,57
2010,Total,Both,50,64,57,0.007076021208625184,0.07320104108728498,3.353174655719874e-4,0.07247663174469872,0.07392545042987124,9.469089103984683,9.37629972532252,9.563733356174424,0.9997272889511619,0.005223495648778637,15,57
2010,Total,Male,50,64,57,0.008910802676289235,0.07339220655778465,0.0011326785441144955,0.07094520333323179,0.07583920978233752,9.444424865659306,9.139694131166632,9.770176812436661,0.9969131598602764,0.017644596700486515,15,57
2010,Total,Female,50,64,57,0.005346927100801245,0.07412913496298762,0.0011151318796231568,0.07172003900242731,0.07653823092354793,9.350536478080189,9.056221605805236,9.664623586393843,0.9970667964280839,0.017371258938420522,15,57
2011,Total,Both,50,64,57,0.0070639619559733,0.07166356736935474,4.1749672760119213e-4,0.07076162052486934,0.07256551421384014,9.672239409844863,9.552019138420768,9.795524401767157,0.999558977160361,0.006503664628038783,15,57
2011,Total,Male,50,64,57,0.00888436336781541,0.07215926227641725,0.001114792634015599,0.06975089921143436,0.07456762534140014,9.605796382794733,9.2955512179239,9.937465873505422,0.996906843162381,0.017365974251111072,15,57
2011,Total,Female,50,64,57,0.005349066799544748,0.0722141233278832,8.253557619834713e-4,0.07043105060926315,0.07399719604650325,9.598498861680543,9.367208726724451,9.84149994304901,0.9983047078154137,0.01285719556558405,15,57
2012,Total,Both,50,64,57,0.007080998931666324,0.07316539397199572,6.516772107024654e-4,0.071757530951863,0.07457325699212843,9.473702565248942,9.294849233058311,9.659574003806348,0.9989697341141953,0.01015167244183329,15,57
2012,Total,Male,50,64,57,0.008917956111976044,0.07450021633617397,0.001160432521479114,0.07199325428883041,0.07700717838351753,9.303961983575933,9.001072304037375,9.627946220893163,0.9968558704060214,0.018076941552410918,15,57
2012,Total,Female,50,64,57,0.005352303212523503,0.07253850567004869,3.9700985110432637e-4,0.07168081803141595,0.07339619330868143,9.555575678837664,9.443911861270314,9.66991169459249,0.9996107401392101,0.006184524943334619,15,57
2013,Total,Both,50,64,57,0.007110566526634486,0.07394638579505004,7.48572852855178e-4,0.07232919246666278,0.07556357912343731,9.373645149893783,9.173032677920812,9.583228526703426,0.9986695474157652,0.01166108968709052,15,57
2013,Total,Male,50,64,57,0.008944988373063888,0.07611562982464802,0.0011679159369100036,0.07359250084116427,0.07863875880813177,9.106502595548228,8.814319949417477,9.41872028586139,0.9969486528361483,0.01819351641639712,15,57
2013,Total,Female,50,64,57,0.005384505446744723,0.07208680578864744,4.512233271194783e-4,0.07111199705567367,0.07306161452162122,9.61545144047852,9.487159366767365,9.74726078944569,0.9994909109870691,0.0070290495659553155,15,57
2014,Total,Both,50,64,57,0.0071586666569948,0.07502692463701582,0.0010426837463516213,0.07277434335279458,0.07727950592123707,9.238645778344608,8.969353158991439,9.524609204643934,0.9974954759622376,0.016242679166232198,15,57
2014,Total,Male,50,64,57,0.008969437640700472,0.07780412998413597,0.0013359616238744153,0.07491796036568055,0.08069029960259139,8.908873869565484,8.590216965035097,9.252082907444871,0.9961817479188012,0.020811292120854644,15,57
2014,Total,Female,50,64,57,0.00545535262519859,0.07230546873147277,6.700523729441241e-4,0.07085790858677576,0.07375302887616977,9.586372825189025,9.39821985784108,9.782213367348914,0.9988848482115722,0.010437916344611145,15,57
2015,Total,Both,50,64,57,0.007182821768005954,0.07544456118290224,9.866970943334518e-4,0.07331293170688134,0.07757619065892314,9.187503640978576,8.935050492585853,9.454637325530452,0.9977813410128048,0.015370532429981118,15,57
2015,Total,Male,50,64,57,0.008999819702720176,0.0783184188893118,0.0011033922001779724,0.0759346849642618,0.08070215281436181,8.850372497171795,8.58895526807548,9.128202492525924,0.9974263103914908,0.017188381006919485,15,57
2015,Total,Female,50,64,57,0.005472779274547676,0.0725999048957744,8.7793303001745e-4,0.0707032458952513,0.07449656389629751,9.54749433287879,9.30441814101435,9.803611867931224,0.9981025550128401,0.013676231729810322,15,57
2016,Total,Both,50,64,57,0.007224986867939987,0.07609809490509598,0.0011061782657781959,0.07370834205124839,0.07848784775894356,9.108600963327508,8.831267519129575,9.403917674311677,0.9972606048090134,0.017231781673553874,15,57
2016,Total,Male,50,64,57,0.0090319042906759,0.07886024067958143,0.0012342304072862761,0.07619384799282686,0.081526633366336,8.78956460932303,8.50209498343102,9.097154151148796,0.996825766324922,0.01922654744826013,15,57
2016,Total,Female,50,64,57,0.005523164745241971,0.07347303984355304,9.259158561073086e-4,0.0714727202494969,0.07547335943760917,9.434034334714765,9.183997979219972,9.698066313137485,0.9979396800428426,0.014423696771241844,15,57
2017,Total,Both,50,64,57,0.007191613915766903,0.07750296021766769,0.0012321109053433559,0.0748411464364779,0.08016477399885746,8.943492979019586,8.646530713974498,9.261578871567128,0.9967252223153714,0.01919353035158866,15,57
2017,Total,Male,50,64,57,0.008994859174043517,0.07955507925702054,0.0012043798266176793,0.07695317482911962,0.08215698368492147,8.71279605316686,8.436862570542019,9.00738900115728,0.997029411867482,0.01876154220921016,15,57
2017,Total,Female,50,64,57,0.005492325070727056,0.0760026100341925,0.0012593099983678891,0.0732820361849483,0.07872318388343669,9.120044433317595,8.804867211497312,9.458623376820329,0.9964436508989223,0.019617231347365968,15,57
2018,Total,Both,50,64,57,0.007135343965007662,0.07954668164539143,0.001383499063425235,0.07655781363252193,0.08253554965826093,8.713715848637202,8.39816519584502,9.053905116557493,0.9960830097653941,0.02155181903681535,15,57
2018,Total,Male,50,64,57,0.008960776360296966,0.08181107495740546,0.0013928820097427789,0.07880193632140625,0.08482021359340466,8.472534811708917,8.171957499218584,8.796067874941983,0.9962458266064891,0.021697984340727602,15,57
2018,Total,Female,50,64,57,0.005412966184039478,0.07774149396400434,0.0013306843993206314,0.07486672509606804,0.08061626283194065,8.916051714685139,8.598106091880462,9.258414598348033,0.9962056558295835,0.020729084773118384,15,57
2019,Total,Both,50,64,57,0.007069566158577353,0.08087523341051199,0.00123248835210253,0.0782126042051742,0.08353786261584978,8.570574097036875,8.297401427989533,8.86234626252337,0.9969899847153201,0.019199410127343344,15,57
2019,Total,Male,50,64,57,0.008886997212081457,0.08189036979783634,0.0012916942671700048,0.07909983398930959,0.0846809056063631,8.464330815346486,8.185401131419416,8.762941027836098,0.9967760022833425,0.020121705776958168,15,57
2019,Total,Female,50,64,57,0.005351149735145867,0.0810050597838663,0.0011000174428405917,0.07862861657879112,0.08338150298894147,8.556838084057544,8.312960977111128,8.815456900037985,0.9976084562841376,0.017135809840555027,15,57
2019,Hispanic,Both,50,64,57,0.005248657325246899,0.08388762945632527,9.408996514053091e-4,0.08185493934055248,0.08592031957209807,8.262805672924886,8.067325447716785,8.46799455407509,0.9983672321440582,0.01465711076716295,15,57
2019,Hispanic,Male,50,64,57,0.006796543324603117,0.08418847435700672,0.0012691276209079155,0.08144669082374606,0.08693025789026737,8.233278793253925,7.973600877095171,8.510440062690133,0.9970544422733398,0.01977016793398755,15,57
2019,Hispanic,Female,50,64,57,0.0037365735266465814,0.08747596752744666,7.562166168530342e-4,0.08584226085090103,0.08910967420399228,7.92385840536673,7.778585061069508,8.074661287915855,0.9990294083562166,0.011780162422878337,15,57
2019,American Indian or Alaska Native non-Hispanic,Both,50,64,57,0.014270653207089992,0.044988922877250564,9.556618416211676e-4,0.04292434098843469,0.04705350476606644,15.407063255351847,14.731042544142683,16.148114673366873,0.994168228056359,0.014887072651872548,15,57
2019,American Indian or Alaska Native non-Hispanic,Male,50,64,57,0.017748802930101365,0.04556553861996655,6.71733615347037e-4,0.04411434637187838,0.047016730868054725,15.212092330149966,14.74256435448813,15.712511633217954,0.9971826602816841,0.010464106338505969,15,57
2019,American Indian or Alaska Native non-Hispanic,Female,50,64,57,0.011119763084821916,0.04611072043813463,0.0018183991618867714,0.042182307883856233,0.05003913299241302,15.032234889713338,13.852102127050061,16.43217773831722,0.980183570762266,0.028326589232850783,15,57
2019,Asian non-Hispanic,Both,50,64,57,0.003065455790111864,0.08173998583833474,0.0010400861650730852,0.07949301628729026,0.08398695538937921,8.479903360037902,8.253033787763654,8.719598436860032,0.9978996110322735,0.016202214663488097,15,57
2019,Asian non-Hispanic,Male,50,64,57,0.004253853770774687,0.0839498998702442,6.559039589010912e-4,0.08253290551578443,0.08536689422470398,8.256676680154436,8.119625141046285,8.39843425150446,0.9992070624459969,0.010217515718998536,15,57
2019,Asian non-Hispanic,Female,50,64,57,0.0020908919430054945,0.08163519279367351,0.0024087901331067496,0.07643131809011286,0.08683906749723416,8.49078879879441,7.981974018572022,9.068889532203562,0.9888082368821162,0.037523559226600424,15,57
2019,Black non-Hispanic,Both,50,64,57,0.010623703195891385,0.08126524890308316,8.137803359876542e-4,0.07950718337196967,0.08302331443419665,8.529441426883363,8.348825691719716,8.718044724551454,0.9986980862519678,0.012676876335213003,15,57
2019,Black non-Hispanic,Male,50,64,57,0.01350430329276672,0.08344174829857251,7.68274538248598e-4,0.08178199206658182,0.0851015045305632,8.306958982687128,8.14494625428167,8.475547770903255,0.9988991425566951,0.011967997851717697,15,57
2019,Black non-Hispanic,Female,50,64,57,0.008156600061035316,0.07991007362772337,7.633176654264814e-4,0.07826102606841165,0.0815591211870351,8.674090125221337,8.49870830474483,8.856862928861075,0.9988152244835126,0.011890780866990379,15,57
2019,White non-Hispanic,Both,50,64,57,0.007150948715906117,0.07841591113771723,0.0012731384192229472,0.07566546280148939,0.08116635947394507,8.839369083432722,8.539833313362417,9.160681173370177,0.9965849227918687,0.019832647195277924,15,57
2019,White non-Hispanic,Male,50,64,57,0.008906536710289247,0.0796155554779535,0.0012980151908563618,0.07681136414401485,0.08241974681189215,8.706177786473976,8.409964934033656,9.024018623863425,0.9965564298144357,0.020220171621305485,15,57
2019,White non-Hispanic,Female,50,64,57,0.005454370407445179,0.0780259310941303,0.0012151385150254517,0.07540078393300857,0.08065107825525202,8.88354897968131,8.59439446508339,9.192837851338345,0.9968569604122558,0.01892913849587749,15,57
2020,Total,Both,50,64,57,0.008338295893983235,0.07927090329238583,8.543226399768479e-4,0.0774252514384733,0.08111655514629836,8.744030303317155,8.545076640764819,8.95246922266389,0.9984923369003746,0.013308434694744832,15,57
2020,Total,Male,50,64,57,0.010617188607237734,0.07988226581016233,9.074264702835227e-4,0.07792189010571715,0.08184264151460752,8.67710966295307,8.469266970522089,8.895410257881936,0.9983252978934875,0.014135673520695112,15,57
2020,Total,Female,50,64,57,0.006180446658422725,0.08011335593868801,7.338824678132403e-4,0.07852789925769672,0.0816988126196793,8.652080198592873,8.484176921721659,8.826763317395226,0.9989102847892856,0.01143224636628542,15,57
2020,Hispanic,Both,50,64,57,0.007803525098230249,0.08433197885022695,7.660913063745659e-4,0.0826769392039467,0.0859870184965072,8.21926853858096,8.061067736499098,8.383803116490517,0.9989283470213918,0.01193398798535172,15,57
2020,Hispanic,Male,50,64,57,0.0104133013751956,0.08427901286512975,0.0011979059736119768,0.08169109434634889,0.0868669313839106,8.224434019762153,7.979413679258034,8.484978517011688,0.9973805456997767,0.018660694068334364,15,57
2020,Hispanic,Female,50,64,57,0.005233158148389892,0.08917063877580009,8.581306247996197e-4,0.08731676027083216,0.09102451728076802,7.7732669640587755,7.614950359164342,7.938306213033978,0.9987975034265748,0.013367754575737113,15,57
2020,American Indian or Alaska Native non-Hispanic,Both,50,64,57,0.01976775537467377,0.04665739772828238,9.113974671552561e-4,0.04468844320666059,0.04862635224990417,14.856104590243344,14.254558454182861,15.510658479520162,0.995064069838587,0.014197532764577416,15,57
2020,American Indian or Alaska Native non-Hispanic,Male,50,64,57,0.024338315027039023,0.04825327128068131,0.002773033887498117,0.042262495786821216,0.05424404677454141,14.364770763996965,12.778308805774111,16.400999696191406,0.9588335510699788,0.043197661716050495,15,57
2020,American Indian or Alaska Native non-Hispanic,Female,50,64,57,0.01560676618978574,0.04618390376764309,0.0022197008309470913,0.04138853166574058,0.05097927586954561,15.008414707584143,13.596646259426821,16.747324745847383,0.970845794146502,0.03457797109453959,15,57
2020,Asian non-Hispanic,Both,50,64,57,0.0038395392445875398,0.08631882847657364,0.0012504926986846483,0.08361730324519975,0.08902035370794753,8.030080954447394,7.7863898725226335,8.289518480730685,0.9972791079034429,0.019479877552057934,15,57
2020,Asian non-Hispanic,Male,50,64,57,0.005490017096975034,0.09010049792456136,0.0011116878125735224,0.08769884241850584,0.09250215343061688,7.6930449500989235,7.493308586376364,7.903720977891497,0.9980248684682154,0.017317608081859327,15,57
2020,Asian non-Hispanic,Female,50,64,57,0.0024907552792994983,0.08332756219407465,0.0018999842138865684,0.07922289585062,0.0874322285375293,8.318342242457135,7.92782240775688,8.749329005429441,0.9932866301393776,0.029597501749737937,15,57
2020,Black non-Hispanic,Both,50,64,57,0.013288022334565134,0.08028460148393188,4.793361119345028e-4,0.07924905877179783,0.08132014419606592,8.633625474228348,8.523683613850233,8.74644054203725,0.9995368113262227,0.007466983834919915,15,57
2020,Black non-Hispanic,Male,50,64,57,0.017120715653882797,0.08127095440170386,4.8356911467752495e-4,0.08022626684312108,0.08231564196028664,8.528842630958613,8.420601043169361,8.6399032116920509,0.99953996602585,0.0075329245438887325,15,57
2020,Black non-Hispanic,Female,50,64,57,0.010003262115072818,0.08054966863234557,5.446475114023177e-4,0.07937302921989155,0.08172630804479959,8.605214550586055,8.48132256482191,8.732779728485363,0.9994059967321373,0.008484389266974673,15,57
2020,White non-Hispanic,Both,50,64,57,0.007966890309919997,0.0777870555498549,9.272011864287635e-4,0.07578395916845909,0.07979015193125072,8.910829387489757,8.687126967212432,9.146357463578251,0.9981563638105464,0.014443719340987532,15,57
2020,White non-Hispanic,Male,50,64,57,0.009996544173827497,0.07913954037413473,0.0010102693558247723,0.07695698612322603,0.08132209462504343,8.75854443029451,8.52347918183711,9.006942910290892,0.9978859678854318,0.015737735507583263,15,57
2020,White non-Hispanic,Female,50,64,57,0.006003302944252397,0.07723281226420008,7.831511072060216e-4,0.07554091715891806,0.0789247073694821,8.974775878791114,8.782385182817482,9.17578455000417,0.9986650940855761,0.01219974150123295,15,57
2021,Total,Both,50,64,57,0.00904500107708687,0.07564680220202545,7.341605299542379e-4,0.07406074480430021,0.0772328595997507,9.16294093580847,8.97477037820548,9.359171074926847,0.9987770384068425,0.011436577952118904,15,57
2021,Total,Male,50,64,57,0.011351688030589504,0.07507532348774706,7.366311180629208e-4,0.07348392870890878,0.07666671826658535,9.232689895409813,9.041044096210502,9.432636397350269,0.9987500119885214,0.011475064185496623,15,57
2021,Total,Female,50,64,57,0.006801614522054026,0.07822334184579763,7.224436207400106e-4,0.07666259729148941,0.07978408640010584,8.86112973703364,8.687787400157855,9.041530094844491,0.9988923635611402,0.01125405472985474,15,57
2021,Hispanic,Both,50,64,57,0.008098777231426548,0.07953229664814386,5.903671843590523e-4,0.07825688588725037,0.08080770740903735,8.715291897409605,8.577735995544717,8.85733150126375,0.9992842032119285,0.009196599447693146,15,57
2021,Hispanic,Male,50,64,57,0.010551705997321043,0.07804072499466255,5.105675556622573e-4,0.07693771085040299,0.07914373913892211,8.88186495714067,8.758079768549402,9.00919942767331,0.9994438837265007,0.007953499829959777,15,57
2021,Hispanic,Female,50,64,57,0.005612050125793332,0.08623691517428848,9.039092811252144e-4,0.08428413789505976,0.08818969245351721,8.03770843563995,7.859730103098925,8.22393392008075,0.9985737791663551,0.014080883585333364,15,57
2021,American Indian or Alaska Native non-Hispanic,Both,50,64,57,0.022383699262538165,0.04442564222454932,0.001578652211966984,0.04101517146636019,0.047836112982738446,15.60241216224707,14.490039790859802,16.899775272875562,0.9838498093482154,0.024591868324180706,15,57
2021,American Indian or Alaska Native non-Hispanic,Male,50,64,57,0.027770617519985098,0.04828372515222911,0.0021658206931258095,0.043604754011281596,0.052962696293176625,14.355710508553104,13.087460213940163,15.89613784727719,0.9745098126056344,0.03373863913494432,15,57
2021,American Indian or Alaska Native non-Hispanic,Female,50,64,57,0.017393983398329753,0.041085484216167006,7.446973306295848e-4,0.039476663444523344,0.04269430498781067,16.870853387367262,16.23512036928205,17.55840337251467,0.9957471974488159,0.011600717724515893,15,57
2021,Asian non-Hispanic,Both,50,64,57,0.003899049811413903,0.08167658700337116,0.002076688311724397,0.07719017466547914,0.08616299934126317,8.486485613451698,8.0446036681548,8.979733282945055,0.9916659476059293,0.03235015611745114,15,57
2021,Asian non-Hispanic,Male,50,64,57,0.005476210331029688,0.08243449437153902,0.001747090292164906,0.07866013526433553,0.0862088534787425,8.4084603883888,8.040324776281388,8.811924594721845,0.9941946618264959,0.027215756637011777,15,57
2021,Asian non-Hispanic,Female,50,64,57,0.0025746675772106886,0.0834225784546747,0.002768200737511488,0.07744224434655769,0.0894029125627917,8.30886785567947,7.753071580001565,8.950504810502121,0.9858876698068366,0.04312237205619939,15,57
2021,Black non-Hispanic,Both,50,64,57,0.013791179735435165,0.07375459947605266,4.5773371442990336e-4,0.072765725906392,0.07474347304571331,9.398019723298788,9.273681731861918,9.525737178127384,0.9994995352031774,0.007130466829532265,15,57
2021,Black non-Hispanic,Male,50,64,57,0.01739461891051796,0.0731213318425433,5.233087248108216e-4,0.07199079207580848,0.07425187160927811,9.47941131669404,9.335080255045495,9.628275513763487,0.9993346011561501,0.008151978729632811,15,57
2021,Black non-Hispanic,Female,50,64,57,0.010624524757235644,0.07608735167273084,6.156186169198391e-4,0.07475738850840224,0.07741731483705944,9.109887061667363,8.953387004171033,9.27195551356158,0.9991496994346752,0.00958996025245081,15,57
2021,White non-Hispanic,Both,50,64,57,0.008855688786831305,0.07444575383848591,8.302292899288792e-4,0.07265215250284619,0.07623935517412563,9.310768510233178,9.091724070551793,9.540628277087741,0.9983857976149344,0.01293311422366413,15,57
2021,White non-Hispanic,Male,50,64,57,0.010983893903605458,0.07471059004738129,9.060479003134051e-4,0.07275319256229028,0.0766679875324723,9.277763435148255,9.040894418499855,9.527378196722875,0.9980916775022428,0.014114198485900363,15,57
2021,White non-Hispanic,Female,50,64,57,0.006740431921115168,0.07556386512857868,7.579817614951993e-4,0.073926345088874,0.07720138516828337,9.172997958488404,8.978429325445715,9.37618625304208,0.9986936341552985,0.011807659425881405,15,57
2022,Total,Both,50,64,57,0.007896582242443124,0.08020029280806824,8.438992010999562e-4,0.07837715942479791,0.08202342619133858,8.64270137041462,8.450600185159535,8.843739498176289,0.9985626983146122,0.013146060845455837,15,57
2022,Total,Male,50,64,57,0.009816921042200862,0.07990768985318279,8.49682378645246e-4,0.07807206267440886,0.08174331703195672,8.674348887240876,8.479557788057052,8.878299827310071,0.9985322856633213,0.01323614980844023,15,57
2022,Total,Female,50,64,57,0.0060160925491322004,0.08239019070616997,8.330525722174011e-4,0.0805904900399658,0.08418989137237415,8.41298186858108,8.233140217441743,8.600855761222016,0.9986727267393553,0.012977094643008563,15,57
2022,Hispanic,Both,50,64,57,0.006068163681186619,0.0809547762251858,6.938522400695532e-4,0.07945579959352304,0.08245375285684857,8.562153005424534,8.406496448540642,8.72368265256811,0.9990459352600116,0.01080866500859477,15,57
2022,Hispanic,Male,50,64,57,0.007778168781438597,0.08159266227174865,8.660007168993485e-4,0.07972178146648498,0.08346354307701231,8.49521465853611,8.30478979211767,8.694577163348315,0.9985376810574224,0.013490352996813379,15,57
2022,Hispanic,Female,50,64,57,0.004328974360843649,0.08302465878292681,0.0013941259145047154,0.0800128328540683,0.08603648471178532,8.348690506181088,8.05643306885361,8.662950127314506,0.9963478874085884,0.0217173615929694,15,57
2022,American Indian or Alaska Native non-Hispanic,Both,50,64,57,0.01861318908539843,0.042098152416003114,0.0017083209963516647,0.03840754928030769,0.045788755551698535,16.465026153890154,15.137934460292032,18.04715983051112,0.9790416350488738,0.026611817776740265,15,57
2022,American Indian or Alaska Native non-Hispanic,Male,50,64,57,0.02237608754647013,0.04422773330889412,0.0019079589591201088,0.04010583857579366,0.04834962804199457,15.672229361583733,14.336142978347322,17.282949445128974,0.9763783523440126,0.02972173043241768,15,57
2022,American Indian or Alaska Native non-Hispanic,Female,50,64,57,0.015073205371975148,0.04106503552000565,0.0014565358524221033,0.037918381117418624,0.044211689922592674,16.879254377419564,15.677916446386257,18.279978209342204,0.9839085186673544,0.022689568747750112,15,57
2022,Asian non-Hispanic,Both,50,64,57,0.003324977975272638,0.08041954551829923,0.001795202382411848,0.07654124655932934,0.08429784447726912,8.6191382467117,8.22259673255171,9.05586480124369,0.9935636058667698,0.02796523532470809,15,57
2022,Asian non-Hispanic,Male,50,64,57,0.004588890805112998,0.0824468823672786,0.0011569260412597612,0.07994749560989543,0.08494626912466176,8.407196981350511,8.159830769527105,8.670029939926618,0.9974467356396451,0.018022318438350702,15,57
2022,Asian non-Hispanic,Female,50,64,57,0.002251814070785879,0.07997686918904064,0.002934101451739541,0.07363812837782056,0.08631561000026071,8.666845646602635,8.030380374509914,9.412884273803973,0.9828038332240083,0.045706733886029166,15,57
2022,Black non-Hispanic,Both,50,64,57,0.011859517098429168,0.07775631040949814,6.550237497223983e-4,0.07634121763135913,0.07917140318763714,8.914352763261714,8.755019522859516,9.07959293899469,0.9990783082798362,0.010203804029966549,15,57
2022,Black non-Hispanic,Male,50,64,57,0.015100690646324551,0.07684448142686336,5.460303887171854e-4,0.07566485448960256,0.07802410836412416,9.020129587570283,8.883756509272171,9.160754821185755,0.9993440561798127,0.008505931400560478,15,57
2022,Black non-Hispanic,Female,50,64,57,0.00900412031317603,0.08067938509980949,8.447445117494e-4,0.07885442553390712,0.08250434466571185,8.591379070408681,8.401341570173233,8.79021279867031,0.9985768507611971,0.013159228893507567,15,57
2022,White non-Hispanic,Both,50,64,57,0.007997553799128634,0.07837721533318472,9.396561222176633e-4,0.0763472116988923,0.08040721896747713,8.84373318972036,8.620459573913474,9.078880094451463,0.9981349484031535,0.014637739365528033,15,57
2022,White non-Hispanic,Male,50,64,57,0.00980447415550871,0.07855108216470334,9.114319182059938e-4,0.07658205321611135,0.08052011111329534,8.824158260564468,8.608373373760708,9.051039394359314,0.9982528586727988,0.014198069434843955,15,57
2022,White non-Hispanic,Female,50,64,57,0.006185667980365255,0.0797855621343057,0.0010055486292026084,0.07761320639322726,0.08195791787538413,8.687626708616122,8.457354683093168,8.930789137200641,0.9979393461894789,0.01566419715213887,15,57
2023,Total,Both,50,64,57,0.007148545851942459,0.0800509719588866,6.708927709577575e-4,0.07860159624466198,0.0815003476731112,8.658822792506992,8.504837100083073,8.818487329473523,0.9990877371562118,0.010451007864791783,15,57
2023,Total,Male,50,64,57,0.008934985783889654,0.07927314939809413,6.989592066089552e-4,0.07776313983599004,0.08078315896019822,8.743782552136246,8.58034260459483,8.913569874131364,0.9989903843010022,0.010888220117516757,15,57
2023,Total,Female,50,64,57,0.005412209294761764,0.08276577891663361,7.021968559807124e-4,0.08124877483830617,0.08428278299496106,8.374804051057412,8.224066125122919,8.531170863060803,0.9990651255308318,0.010938655448634378,15,57
2023,Hispanic,Both,50,64,57,0.0053422257291205555,0.07966104551659203,8.109913239092276e-4,0.07790900527975528,0.08141308575342879,8.701206167518535,8.513952936991492,8.896881407624134,0.9986544525822778,0.01263342976904264,15,57
2023,Hispanic,Male,50,64,57,0.006888796280905837,0.0787986266838929,6.814422475142675e-4,0.07732646021117351,0.08027079315661229,8.796437320418814,8.635110646129792,8.963906774822043,0.9990287251551434,0.010615345099047756,15,57
2023,Hispanic,Female,50,64,57,0.003780393023075223,0.08400061400298174,0.0014135868864202036,0.0809467452003727,0.08705448280559078,8.251691833292325,7.9622227164093875,8.563002488168651,0.9963320151582975,0.02202051998034464,15,57
2023,American Indian or Alaska Native non-Hispanic,Both,50,64,57,0.016148993705268004,0.04024726134058601,5.633406822316792e-4,0.03903023778778233,0.04146428489338969,17.222219785199748,16.716728199753614,17.759235399199177,0.9974595642566911,0.008775587031822631,15,57
2023,American Indian or Alaska Native non-Hispanic,Male,50,64,57,0.02007804111204551,0.042925351659904416,0.0013249242709664668,0.04006302679272165,0.045787676527087186,16.14773446823962,15.138291198285451,17.301418191544908,0.9877664636245731,0.02063935486494596,15,57
2023,American Indian or Alaska Native non-Hispanic,Female,50,64,57,0.012490471161380901,0.03864699391057667,8.008615482272003e-4,0.03691683772362036,0.040377150097532975,17.93534529913979,17.166817838446114,18.775908861675106,0.9944485158582214,0.012475630535090083,15,57
2023,Asian non-Hispanic,Both,50,64,57,0.0030368973502598227,0.07948312641488808,0.0010114193097459253,0.07729808783957176,0.0816681649902044,8.720683393124695,8.48736078058181,8.96719698938138,0.9978994031306977,0.015755649215994462,15,57
2023,Asian non-Hispanic,Male,50,64,57,0.004103581598517052,0.08170418426165726,3.93938338603939e-4,0.08085313222235829,0.08255523630095624,8.483619129470098,8.39616251636744,8.572916861819108,0.9996978796184034,0.00613667765284656,15,57
2023,Asian non-Hispanic,Female,50,64,57,0.0021321968937931457,0.07832621298238952,0.0022693076618126046,0.07342367183793871,0.08322875412684033,8.84949181337018,8.328217667461313,9.440377513261186,0.9892055038243588,0.03535073449573522,15,57
2023,Black non-Hispanic,Both,50,64,57,0.010752984176280631,0.07619458279751326,6.717029621899925e-4,0.07474345677154479,0.07764570882348173,9.097066420088954,8.92705071616685,9.273683751054847,0.9989907212185561,0.010463628830923208,15,57
2023,Black non-Hispanic,Male,50,64,57,0.013862455375016064,0.07514352433864703,8.591916524124154e-4,0.07328735362288077,0.07699969505441329,9.224310233788875,9.00194708654521,9.457937096851868,0.9983033086716935,0.013384283011287641,15,57
2023,Black non-Hispanic,Female,50,64,57,0.008035310893190668,0.07917259975508915,6.592763748375952e-4,0.0777483197389436,0.08059687977123471,8.754887204716178,8.600173884241753,8.915268945841316,0.9990993889731938,0.010270050411577558,15,57
2023,White non-Hispanic,Both,50,64,57,0.007296770557295095,0.07835079644150253,7.036236680063705e-4,0.07683070992319618,0.07987088295980888,8.846715184030781,8.678346286828177,9.021746398710228,0.9989526729662805,0.010960881986685227,15,57
2023,White non-Hispanic,Male,50,64,57,0.008977969165791562,0.078202259641209207,7.793287635799249e-4,0.07651862220729123,0.07988589707512718,8.863518570180634,8.676715239338028,9.05854235956038,0.9987106054775801,0.01214019794222091,15,57
2023,White non-Hispanic,Female,50,64,57,0.005622835492937005,0.08005047703611798,8.022993941628643e-4,0.07831721457186944,0.08178373950036652,8.658876326835681,8.475366677954838,8.850508593150542,0.9986958675989189,0.012498028956764131,15,57
2005,Total,Both,55,69,62,0.011136597206036637,0.0833340516440488,8.658157830884618e-4,0.08146357036399371,0.0852045329241039,8.317694470450549,8.135097473949742,8.508676669373077,0.9985986702645858,0.013487472141935058,15,62
2005,Total,Male,55,69,62,0.013818820004592378,0.08026854110982717,8.774824664967517e-4,0.07837285549261193,0.08216422672704242,8.635352916300658,8.43611883384052,8.844225161928508,0.9984488445385279,0.013669212958551714,15,62
2005,Total,Female,55,69,62,0.00868038069607928,0.08975977333946497,9.116066575919891e-4,0.08779036688938043,0.09172917978954952,7.7222474475120695,7.556452397701629,7.895481077477897,0.9986609003978903,0.014200791483398333,15,62
2006,Total,Both,55,69,62,0.01091580554981439,0.08122329356856647,7.220985073434176e-4,0.07966329458642318,0.08278329255070976,8.533847251279086,8.373032277441137,8.70096051335136,0.9989735706700816,0.01124867863552466,15,62
2006,Total,Male,55,69,62,0.013549642249287237,0.07844500592624692,6.884988412811125e-4,0.07695759460953226,0.07993241724296159,8.836090613743265,8.671665445235613,9.006871694429096,0.9989995751221734,0.010725271036766022,15,62
2006,Total,Female,55,69,62,0.00850226132250289,0.08716527777974292,8.927539560335228e-4,0.08523660011519493,0.08909395544429091,7.952102009144651,7.779957429248493,8.132036937456162,0.998638153883747,0.013907108586832273,15,62
2007,Total,Both,55,69,62,0.010668938308668698,0.08013024549348305,7.027260787304326e-4,0.07861209809891481,0.08164839288805129,8.650256545343026,8.489416093104545,8.81730926056423,0.9990011769701006,0.010946899554636083,15,62
2007,Total,Male,55,69,62,0.013296637983870166,0.07654494933751599,8.275330537778245e-4,0.07475717286594744,0.07833272580908454,9.055426733690735,8.848756039069924,9.271982259185728,0.9984828742068529,0.012891112898802959,15,62
2007,Total,Female,55,69,62,0.008254743800315129,0.08723669973462823,6.166757498135676e-4,0.08590445277353032,0.08856894669572615,7.945591507570563,7.826074560209179,8.06881550584214,0.9993508028502959,0.009606428016994933,15,62
2008,Total,Both,55,69,62,0.010625800619121254,0.07973746636120864,5.939506077615716e-4,0.07845431408471351,0.08102061863770377,8.692866881674,8.555194865389268,8.835042261812369,0.9992792145611534,0.009252421164342656,15,62
2008,Total,Male,55,69,62,0.013261633509156821,0.07544757009673402,7.921330653498425e-4,0.07373627065060442,0.0771588695428636,9.187137235450216,8.983376566641963,9.400355814635487,0.9985690409051378,0.01233966030683924,15,62
2008,Total,Female,55,69,62,0.00819906424019472,0.08783142508813031,5.591193680079891e-4,0.08662352113026457,0.08903932904599605,7.891790209078804,7.784730500404809,8.001835662136033,0.9994734691317839,0.008709828403825254,15,62
2009,Total,Both,55,69,62,0.010426300497433826,0.07708290744787005,8.164217211008058e-4,0.07531913555114847,0.07884667934459164,8.992229321769027,8.791076381677584,9.202803185244154,0.9985437920579917,0.012718023203664252,15,62
2009,Total,Male,55,69,62,0.013039700645155422,0.07320627155433192,9.814692216203213e-4,0.07108593621066044,0.0753266068980034,9.468412553226512,9.20189039576025,9.750834236828933,0.9976687625050311,0.015289093873469235,15,62
2009,Total,Female,55,69,62,0.00802111484006326,0.08452752470251997,7.559513138662344e-4,0.08289439117823148,0.08616065822680845,8.200254094738455,8.04482225211548,8.361810379541934,0.9989613161645308,0.01177602959611134,15,62
2010,Total,Both,55,69,62,0.010354068713944443,0.0770234508268465,9.807662129655368e-4,0.07490463424103805,0.07914226741265495,8.999170682681864,8.758242633431426,9.253728925895887,0.9978966383079452,0.015278142572012104,15,62
2010,Total,Male,55,69,62,0.012963912596494952,0.072831539530713807,0.0010768482023773833,0.07050515042652941,0.0751579286348982,9.517129323727092,9.222542360462223,9.831156679571178,0.9971661238732066,0.01677488492858055,15,62
2010,Total,Female,55,69,62,0.007948096559326844,0.08489727730973345,0.0010251787569371044,0.08268251325597505,0.08711204136349186,8.164539576824287,7.95696174387252,8.383237921349169,0.998107950304309,0.015969990608591243,15,62
2011,Total,Both,55,69,62,0.010265331385493931,0.07549867368698507,0.0011251205905561219,0.07306799842840672,0.07792934894556341,9.180918640156646,8.894558852841627,9.486330479397253,0.997121204566895,0.017526860699295842,15,62
2011,Total,Male,55,69,62,0.01282722243933422,0.07137432239657698,0.0010781541829916377,0.0690451118928076,0.07370353290034637,9.711436232047335,9.404531279350488,10.039047827687714,0.9970424319800096,0.0167952291836712,15,62
2011,Total,Female,55,69,62,0.007901770256693532,0.08312106480205735,0.0013174708547093177,0.08027484206174008,0.0859672875423746,8.339007473142825,8.062917888601316,8.634675108134623,0.9967447290921668,0.020523247320946302,15,62
2012,Total,Both,55,69,62,0.01024132850119432,0.07268033282806427,6.098369678450049e-4,0.07136286015717962,0.07399780549894892,9.536929091941339,9.36713157756808,9.712996074334189,0.9990855926072857,0.009499895099615284,15,62
2012,Total,Male,55,69,62,0.012829644874399235,0.06915611855458222,4.95108172730159e-4,0.06808650237665742,0.07022573473250701,10.022933545827494,9.870273101451685,10.180390479238097,0.999334124493433,0.007712677243099084,15,62
2012,Total,Female,55,69,62,0.007854068960752079,0.07930534596748319,0.0011442189815114797,0.07683341114369602,0.08177728079127036,8.740232730894961,8.476036056140645,9.021429222550093,0.9973011233963155,0.017824370886794765,15,62
2013,Total,Both,55,69,62,0.010280482308002017,0.07192405340061109,5.228654090578518e-4,0.07079447135933391,0.07305363544188827,9.637209636937065,9.488195575308785,9.790978974074324,0.9993134430068802,0.008145072862374382,15,62
2013,Total,Male,55,69,62,0.01288546187140664,0.06876222649438224,5.939670674690397e-4,0.067479038658851,0.07004541432991347,10.080348119858717,9.895682496718862,10.272036981205977,0.9990309478141151,0.00925267756974699,15,62
2013,Total,Female,55,69,62,0.007876839592949502,0.07797701015592748,0.0012538319221381698,0.07526827097086768,0.08068574934098728,8.889122308920115,8.59070140912524,9.20902222967531,0.9966501022212128,0.019531895180039272,15,62
2014,Total,Both,55,69,62,0.010318575697719618,0.0697784873285551,4.962976609745272e-4,0.06870630141750994,0.07085067323960026,9.933536926592161,9.783212337529738,10.088553251438672,0.9993427975180975,0.007731206807785289,15,62
2014,Total,Male,55,69,62,0.01292736685699208,0.0677468401834026,8.56494508258903e-4,0.06589649629332756,0.06959718407347765,10.231431882040168,9.959414160034852,10.518725873899474,0.9979264573775914,0.013342267541780355,15,62
2014,Total,Female,55,69,62,0.007915318854720419,0.07419792448526455,0.0010535191469350235,0.0719219347412427,0.0764739142292864,9.341867516760551,9.063838140698937,9.63749352758261,0.9973859856595262,0.016411470456908422,15,62
2015,Total,Both,55,69,62,0.010367325987369044,0.07029092827254439,3.896181795880291e-4,0.06944920936937432,0.07113264717571446,9.861118605125725,9.744431116807839,9.98063457963006,0.9996007455255593,0.006069379244208217,15,62
2015,Total,Male,55,69,62,0.012998294851480907,0.06898313586422772,8.91166343921161e-4,0.0670578880271259,0.07090838370132954,10.048067138092915,9.775250039255212,10.336549523891316,0.997835120016693,0.013882377143312847,15,62
2015,Total,Female,55,69,62,0.007944450269559818,0.07370886625582541,0.0010941938140889315,0.07134500423577221,0.07607272827587862,9.403850795292405,9.111638247628495,9.715427001298053,0.9971433961466646,0.01704509073830812,15,62
2016,Total,Both,55,69,62,0.01042308547422386,0.06956980333664531,3.847062731900217e-4,0.06873869596210097,0.07040091071118965,9.963333908043921,9.845713266458857,10.083798810238,0.9996026367214098,0.005992862735730398,15,62
2016,Total,Male,55,69,62,0.013064276890577448,0.06871270102732178,8.661299200938096e-4,0.0668415410955265,0.07058386095911708,10.087613646337868,9.82019361283486,10.370005975316083,0.9979387092098996,0.013492365693416953,15,62
2016,Total,Female,55,69,62,0.007994546625481692,0.07245097020884056,7.377024670778209e-4,0.07085726092117037,0.07404467949651075,9.567120751619232,9.361201713252184,9.78230278095396,0.9986540390014426,0.011491753405391887,15,62
2017,Total,Both,55,69,62,0.01044024021368456,0.07042647970213167,4.3291830902890947e-4,0.06949121655649675,0.0713617428477666,9.842138688340048,9.713148150523885,9.974601322404721,0.9995090129780271,0.006743898352063734,15,62
2017,Total,Male,55,69,62,0.01307870376546404,0.0700451363642347,8.166103468122728e-4,0.06828095696643827,0.07180931576203115,9.89572176654179,9.652608066298326,10.151398154841969,0.9982361954775207,0.012720961570090868,15,62
2017,Total,Female,55,69,62,0.008017933164809131,0.07274039053733009,7.60559436450956e-4,0.07109730176944444,0.07438347930521573,9.529054978117347,9.318563571297506,9.749275476131217,0.9985808064523322,0.011847813832668395,15,62
2018,Total,Both,55,69,62,0.010419514920250141,0.07068699484990427,5.718828544843586e-4,0.0694515170559078,0.07192247264390075,9.805865732894203,9.637421449507498,9.980302950070458,0.9991498235252624,0.008908654957517692,15,62
2018,Total,Male,55,69,62,0.013146576235901678,0.07088294853027098,8.881714812956942e-4,0.06896417070051564,0.07280172636002633,9.778757725688184,9.521026701099435,10.050830358999194,0.9979631083015318,0.013835723886328064,15,62
2018,Total,Female,55,69,62,0.007918261331022414,0.07234493276179191,6.290828970138084e-4,0.07098588178876647,0.07370398373481735,9.581143476105662,9.4044737534656,9.76457801316819,0.9990179893845322,0.009799703602278458,15,62
2019,Total,Both,55,69,62,0.010341263001244787,0.07113562163438293,8.927565570352867e-4,0.06920693835071226,0.0730643049180536,9.744023664016414,9.486810027651057,10.01557354043551,0.997956630740252,0.013907149104618523,15,62
2019,Total,Male,55,69,62,0.013051117270142043,0.0713970399616405,9.146655134863224e-4,0.0694210252551572,0.0733730546681238,9.708346185393017,9.44689005650839,9.984686599085517,0.9978709692393699,0.014248441612290472,15,62
2019,Total,Female,55,69,62,0.007855213631277863,0.0728257302094167,9.847378828011064e-4,0.07069833335258166,0.07495312706625173,9.517888506805775,9.247741991435078,9.804293081466735,0.997628714267407,0.015340012299164832,15,62
2019,Hispanic,Both,55,69,62,0.007816143801069273,0.07542198264856548,8.573350749373126e-4,0.07356982282458473,0.07727414247254623,9.190254037602244,8.96997570443703,9.421623621585198,0.9983230514219825,0.013355361689380722,15,62
2019,Hispanic,Male,55,69,62,0.010186166887230765,0.07587833650416269,4.854165908614485e-4,0.0748296577159386,0.07692701529238678,9.134981240949045,9.010452022938992,9.263000817018385,0.9994682518533846,0.00756170408804843,15,62
2019,Hispanic,Female,55,69,62,0.005640903658135783,0.08011396556918293,0.0014960267788744137,0.07688199620687365,0.08334593493149221,8.652014360235027,8.316508551133188,9.015728190704476,0.9954872494259749,0.023304748998316558,15,62
2019,American Indian or Alaska Native non-Hispanic,Both,55,69,62,0.018040396394640137,0.05038606843570804,5.30064172692152e-4,0.049240934411110035,0.05153120246030604,13.756722881532065,13.451018945150164,14.076645556172737,0.998563336935579,0.008257213488441117,15,62
2019,American Indian or Alaska Native non-Hispanic,Male,55,69,62,0.022618055902642903,0.05051147700955279,8.617841321608569e-4,0.04864970558179549,0.05237324843731009,13.722568049808888,13.23475631628294,14.247715834467824,0.9962301862003784,0.013424668043610458,15,62
2019,American Indian or Alaska Native non-Hispanic,Female,55,69,62,0.014042000062251876,0.05235600492284144,9.655604107360407e-4,0.05027003847556596,0.05444197137011692,13.239115199516394,12.731853074306787,13.788475234544599,0.9955979673900328,0.015041270204965929,15,62
2019,Asian non-Hispanic,Both,55,69,62,0.004658903988579317,0.08745691854096455,4.6359174037273845e-4,0.08645538947566825,0.08845844760626084,7.925584300517944,7.83585060914958,8.01739700397767,0.9996348529647991,0.007221721763034267,15,62
2019,Asian non-Hispanic,Male,55,69,62,0.006384377889557538,0.08030104665463673,7.254385047084454e-4,0.07873383204687337,0.0818682612624001,8.631857359731208,8.466616609070323,8.803676418890513,0.9989401567974122,0.011300708319315197,15,62
2019,Asian non-Hispanic,Female,55,69,62,0.0032755171890613177,0.100042324778002,0.0015901799183969038,0.09660694992416077,0.10347769963184322,6.928539316714872,6.698517487594428,7.17492044934744,0.9967262596493542,0.024771444190514927,15,62
2019,Black non-Hispanic,Both,55,69,62,0.015523700375791556,0.07142576198205315,0.001384450795792655,0.06843483787640774,0.07441668608769857,9.704442225399141,9.314405370632674,10.128571968151052,0.9951395929292209,0.021566644897053615,15,62
2019,Black non-Hispanic,Male,55,69,62,0.020044827864218007,0.07470783474613626,0.001279256602778228,0.07194416887792111,0.07747150061435142,9.278105608539182,8.947124749917926,9.634515088166717,0.9962027070290088,0.019927954802130204,15,62
2019,Black non-Hispanic,Female,55,69,62,0.011822247407082154,0.07049849399463465,0.0014363384955560176,0.06739547332876451,0.07360151466050478,9.832084932377391,9.41756679542757,10.284773536327533,0.9946326491543073,0.022374939130927543,15,62
2019,White non-Hispanic,Both,55,69,62,0.010353171608926471,0.06928953340352353,8.437562739259421e-4,0.0674667087956401,0.07111235801140697,10.00363469794555,9.747211313802294,10.273914245017071,0.9980759971089606,0.01314383435996609,15,62
2019,White non-Hispanic,Male,55,69,62,0.012951715816947342,0.06974661129300502,8.282540879515255e-4,0.06795727712180737,0.07153594546420268,9.938076814198741,9.689494925412054,10.199749164722133,0.9981700936738505,0.012902344997502391,15,62
2019,White non-Hispanic,Female,55,69,62,0.00790952185052803,0.07038702508394186,0.0010422556695460867,0.06813536860343385,0.07263868156444987,9.847655583302672,9.542397599066263,10.173089171855048,0.9971576961056439,0.016236010687668938,15,62
2020,Total,Both,55,69,62,0.012134528661658728,0.07144666936399595,9.447633485861579e-4,0.06940563223793558,0.07348770649005631,9.701602422201114,9.432151493988123,9.98690103684534,0.997732019273166,0.014717298522005767,15,62
2020,Total,Male,55,69,62,0.015467142686422167,0.07113429152924443,0.0010292983617826588,0.06891062761030067,0.07335795544818818,9.744205862723488,9.448834503702964,10.058639786010808,0.9972855152518928,0.016034164832110242,15,62
2020,Total,Female,55,69,62,0.009074335810203964,0.07421750949170318,8.509375833147671e-4,0.07237917060810375,0.0760558483753026,9.33940232307893,9.113660492478695,9.576611264489106,0.9982939786508469,0.01325570308795219,15,62
2020,Hispanic,Both,55,69,62,0.011653337944236989,0.07650464108441596,8.820827366515169e-4,0.0745990171877471,0.07841026498108482,9.06019779630258,8.840005587624983,9.291639577710077,0.9982748115320385,0.013740874871824356,15,62
2020,Hispanic,Male,55,69,62,0.015653609901837603,0.0768060948912933,4.357644738122933e-4,0.07586468298046921,0.07774750680211738,9.024637713204713,8.915362164913411,9.13662528239116,0.9995817134233593,0.006788235229465429,15,62
2020,Hispanic,Female,55,69,62,0.007955792179433673,0.08273748108813798,0.0017295531976415028,0.07900100857026829,0.08647395360600768,8.377668397005639,8.015675838276806,8.7739029299027,0.9943513265445311,0.02694256795362794,15,62
2020,American Indian or Alaska Native non-Hispanic,Both,55,69,62,0.02467458789887941,0.04125110938913026,7.714976830823008e-4,0.03958438997606559,0.04291782880219493,16.803116105832316,16.150564926166442,17.51061923599307,0.9954734116234152,0.012018207234594642,15,62
2020,American Indian or Alaska Native non-Hispanic,Male,55,69,62,0.031153815943325867,0.04197452383057915,0.0016773745843912911,0.038350776353312896,0.0455982713078454,16.513520995680143,15.201172340072596,18.073876110726204,0.9796620031066249,0.02612974193871441,15,62
2020,American Indian or Alaska Native non-Hispanic,Female,55,69,62,0.01902658631057399,0.04289447357322305,0.0028508202944138384,0.036735650763963366,0.04905329638248273,16.159358603077568,14.13049135689631,18.868515083987653,0.945695990207033,0.044409399844171256,15,62
2020,Asian non-Hispanic,Both,55,69,62,0.00599166573723829,0.09369358342882751,5.438512077149127e-4,0.09251866432590078,0.09486850253175425,7.398021883606159,7.306399511554808,7.491971329355836,0.999562181947831,0.008471984637710369,15,62
2020,Asian non-Hispanic,Male,55,69,62,0.008521470639247217,0.08985841844857119,0.0012265051939981003,0.08720871507046887,0.0925081218266735,7.713770089962749,7.492825136571796,7.948141192079814,0.997583904879741,0.019106205914818562,15,62
2020,Asian non-Hispanic,Female,55,69,62,0.003969752061727402,0.10213866189569962,0.00228984329711333,0.09719175620840456,0.10708556758299467,6.7863350439010315,6.472834726516573,7.13174869557513,0.9935084840226412,0.03567063373347778,15,62
2020,Black non-Hispanic,Both,55,69,62,0.019481143303424243,0.07413600727382386,0.0011930068388150887,0.07155867269230198,0.07671334185534573,9.34966969558777,9.035549277294894,9.686417515602011,0.9966448552405525,0.018584376512818215,15,62
2020,Black non-Hispanic,Male,55,69,62,0.025314368238203443,0.07679002703638074,0.0011800394668360944,0.07424070675883898,0.0793393473139225,9.026526064791637,8.736487052475557,9.336484131428616,0.996939477543097,0.018382373879305438,15,62
2020,Black non-Hispanic,Female,55,69,62,0.014695972717473506,0.07407573135553072,9.984933000442824e-4,0.07191861772642695,0.07623284498463449,9.35727758438382,9.092500492401355,9.637938025959084,0.9976435557576128,0.015554290914191042,15,62
2020,White non-Hispanic,Both,55,69,62,0.011518569104253414,0.07022417479030837,9.606448183194112e-4,0.06814882783481772,0.07229952174579903,9.870492357221782,9.58716135076261,10.171080010943511,0.9975731635470109,0.014964696276567553,15,62
2020,White non-Hispanic,Male,55,69,62,0.014502888423342195,0.07022411540159668,0.0010366740697000355,0.067984517234449,0.07246371356874436,9.870500704722089,9.565438292123622,10.19566231778307,0.9971749468175101,0.01614906185409316,15,62
2020,White non-Hispanic,Female,55,69,62,0.00871206344325367,0.07215590377764049,9.680853998280917e-4,0.07006448242307263,0.07424732513220834,9.606243484884963,9.335651881407097,9.89298938047515,0.9976654033192986,0.015080603883911173,15,62
2021,Total,Both,55,69,62,0.01294081038256271,0.06869143976598668,0.0010384601766739714,0.06644798294931542,0.07093489658265795,10.090735947904308,9.771596406745235,10.431425451825342,0.9970376976280884,0.01617688540330999,15,62
2021,Total,Male,55,69,62,0.016202126671840747,0.06806137224949936,0.0010005922239746212,0.06589972417092418,0.07022302032807454,10.184149358890481,9.870654627522924,10.518210649290864,0.99719819644834,0.015586987451481578,15,62
2021,Total,Female,55,69,62,0.00986878096905722,0.07188685320193912,0.0010434735435627853,0.06963256566457791,0.07414114073930032,9.642196725635056,9.349022332920832,9.954353597982522,0.9972683859195605,0.01625498243915863,15,62
2021,Hispanic,Both,55,69,62,0.011765760477102077,0.07191596109286594,0.0013144400705369045,0.06907628596367926,0.07475563622205261,9.638294059157133,9.272172849964583,10.034517213684683,0.9956759334963994,0.020476034486655123,15,62
2021,Hispanic,Male,55,69,62,0.015301605624367812,0.07147429587593805,9.583174057030083e-4,0.06940397698971454,0.07354461476216156,9.697852522577904,9.42485296580229,9.987139219164165,0.9976684294401974,0.01492844039692241,15,62
2021,Hispanic,Female,55,69,62,0.008393431597843538,0.07841024521720978,0.0017582137939637019,0.07461185524537008,0.08220863518904949,8.84000781581296,8.431561708401592,9.290040815637774,0.9935060103383672,0.02738903589983239,15,62
2021,American Indian or Alaska Native non-Hispanic,Both,55,69,62,0.027157062633643075,0.032462511285411416,0.001375460375213398,0.02949100980259384,0.035434012768228995,21.352235335885556,19.561633763970363,23.503677398628124,0.9771936426393923,0.02142659426564278,15,62
2021,American Indian or Alaska Native non-Hispanic,Male,55,69,62,0.033578362188779215,0.02843382219159373,0.0023742458467543356,0.023304575881528705,0.03356306850165876,24.377559087531665,20.65208014355685,29.742964818739154,0.9168920715751021,0.03698543655785069,15,62
2021,American Indian or Alaska Native non-Hispanic,Female,55,69,62,0.021393353813341703,0.039859912415316084,7.605337423748932e-4,0.03821687915610702,0.04150294567452515,17.389581124458392,16.701156250347907,18.137199998163144,0.9952896072981523,0.011847413576468544,15,62
2021,Asian non-Hispanic,Both,55,69,62,0.005964847695954839,0.09247804413273901,7.27415372103826e-4,0.09090655876261669,0.09404952950286133,7.495262113946004,7.370022840346662,7.624831365247837,0.9991963224141973,0.011331503488962471,15,62
2021,Asian non-Hispanic,Male,55,69,62,0.008250538957939497,0.08668767622343966,0.0010957200271803332,0.08432051702046071,0.08905483542641861,7.995913730267046,7.783375009801201,8.22038579758412,0.9979273462678927,0.017068865722496454,15,62
2021,Asian non-Hispanic,Female,55,69,62,0.0040796755574373945,0.10361795647363567,0.0015930798823292223,0.10017631662861018,0.10705959631866116,6.689450401739086,6.474404951955955,6.919271978522553,0.9969365138886043,0.02481661913825062,15,62
2021,Black non-Hispanic,Both,55,69,62,0.019626129536470624,0.06883040503958221,0.0010598585206021095,0.0665407199113884,0.07112009016777603,10.070363237893748,9.746151599706563,10.416887305743046,0.9969271460790322,0.016510223710663095,15,62
2021,Black non-Hispanic,Male,55,69,62,0.02482124673741193,0.07077664339856007,9.589532548256629e-4,0.06870495084382174,0.07284833595329841,9.793445228204297,9.514934987729958,10.088751568072423,0.9976191989722076,0.014938345503176865,15,62
2021,Black non-Hispanic,Female,55,69,62,0.015251762411660008,0.06931860756379792,0.0010065912983627404,0.06714399927294687,0.07149321585464896,9.999438894123802,9.695286080978162,10.323293042796495,0.9972662351792141,0.015680439604084443,15,62
2021,White non-Hispanic,Both,55,69,62,0.012604068312320534,0.06757778464674484,0.0010335980712017504,0.06534483177034019,0.0698107375231495,10.257027278761697,9.928947969215985,10.60752873304607,0.9969680636607711,0.016101144681797838,15,62
2021,White non-Hispanic,Male,55,69,62,0.01565142769392173,0.06729984196883555,9.66576738498843e-4,0.06521167987891661,0.06938800405875449,10.299387937358308,9.989438231614516,10.629187621710763,0.9973256089340302,0.015057102316895065,15,62
2021,White non-Hispanic,Female,55,69,62,0.009665881449231861,0.06997395673599673,0.0011087603697991415,0.06757862558555457,0.072369287886438885,9.905787994454933,9.577919042779921,10.256899641772392,0.9967466509394467,0.01727200507526394,15,62
2022,Total,Both,55,69,62,0.011561655471885575,0.07292177744576252,0.0010501600879811203,0.0706530445074199,0.07519051038410514,9.50535223960348,9.218546024213087,9.810577667140045,0.9973111254441086,0.01635914383622442,15,62
2022,Total,Male,55,69,62,0.014365384603103692,0.07279178215582009,0.0010206766133303963,0.07058674439199651,0.07499681991964367,9.522327384101894,9.24235429319039,9.819792462882562,0.9974505508740603,0.015899857287322995,15,62
2022,Total,Female,55,69,62,0.008909325498299899,0.07541928912789249,0.0010404908060375785,0.0731714454031912,0.07766713285259377,9.190582257869586,8.924588240890586,9.472919070281414,0.997531792184626,0.016208518064099044,15,62
2022,Hispanic,Both,55,69,62,0.008939125297701748,0.07631342038189143,0.0011280059767675421,0.07387651162538013,0.07875032913840273,9.082900190965935,8.801832171923342,9.382510967421151,0.9971677437937428,0.01757180855876594,15,62
2022,Hispanic,Male,55,69,62,0.011512361102456951,0.07570321004989036,8.715508155255565e-4,0.07382033898551436,0.07758608111426636,9.156113460752106,8.933911477486532,9.389650468767968,0.9982799046660925,0.013576811111886022,15,62
2022,Hispanic,Female,55,69,62,0.006467220622762802,0.08285506983899411,0.0014165176700100628,0.07979486946337867,0.08591527021460955,8.365778725512934,8.067799575424932,8.686613377794428,0.9962146842774432,0.022066175029368192,15,62
2022,American Indian or Alaska Native non-Hispanic,Both,55,69,62,0.022430357173575978,0.031209540227691773,0.001412365198382422,0.028158310721627534,0.03426076973375601,22.209464654174106,20.231512191537547,24.616078265929506,0.9740670758194789,0.022001488814942533,15,62
2022,American Indian or Alaska Native non-Hispanic,Male,55,69,62,0.02712851944097779,0.031593985923522416,0.0015218220952737144,0.02830628916818055,0.03488168267886428,21.939212805810676,19.87138025826779,24.487391351146112,0.9707209693966918,0.02370658229602675,15,62
2022,American Indian or Alaska Native non-Hispanic,Female,55,69,62,0.018197657921759147,0.03277777858912036,0.0012694154291389892,0.03003537328397822,0.035520183894262494,21.146862612282565,19.514177703114537,23.077694890167756,0.9808748235562617,0.01977465134209196,15,62
2022,Asian non-Hispanic,Both,55,69,62,0.00509629114746256,0.09285862435470439,8.331880809867926e-4,0.09105863093960215,0.09465861776980664,7.464542850777534,7.322599852932135,7.612097539877353,0.9989544840586322,0.012979205566357217,15,62
2022,Asian non-Hispanic,Male,55,69,62,0.006967119823488766,0.08740899955838136,4.494872364055817e-4,0.08643794142137065,0.08838005769539206,7.929929229964304,7.8428007248979705,8.019015367117174,0.9996563498717281,0.007002005158129869,15,62
2022,Asian non-Hispanic,Female,55,69,62,0.0035412688059689814,0.10333988564975566,0.002033047583495033,0.09894775337327556,0.10773201792623575,6.707450624719984,6.433994219198085,7.005183613872277,0.9949936318020766,0.03167033124275587,15,62
2022,Black non-Hispanic,Both,55,69,62,0.017202946844738862,0.07178115458707644,0.0010736178388848633,0.06946174425893026,0.07410056491522263,9.656394976471168,9.3541416499721,9.978833499719261,0.9971002488076145,0.016724563095155118,15,62
2022,Black non-Hispanic,Male,55,69,62,0.02202870060220041,0.07403236128100411,7.339600148185543e-4,0.07244673706989314,0.07561798549211508,9.362759319927287,9.166432774544383,9.567679768534365,0.9987238833168166,0.011433454375072382,15,62
2022,Black non-Hispanic,Female,55,69,62,0.013132160890483299,0.07202648979119924,0.0014775863841810595,0.06883435847959829,0.0752186211028002,9.623503555002335,9.21510086727901,10.069784855558524,0.9945587951606226,0.023017488919936248,15,62
2022,White non-Hispanic,Both,55,69,62,0.011608074659019427,0.07095989451570713,0.0010182646495852695,0.06876006748275904,0.07315972154865522,9.768154043781951,9.474437106748205,10.080664634800506,0.9973302061003742,0.015862284290323894,15,62
2022,White non-Hispanic,Male,55,69,62,0.014243582185259307,0.07122537413326309,0.0010371659149837505,0.06898471339898064,0.07346603486754553,9.73174502759456,9.43493386855088,10.047837360011235,0.9972509994554598,0.016156723702827985,15,62
2022,White non-Hispanic,Female,55,69,62,0.00905374644880973,0.07257143061412326,9.656296903207041e-4,0.07048531449740454,0.07465754673084198,9.551240408164844,9.284355177901894,9.833923356977698,0.9977036674960896,0.015042349425842242,15,62
2023,Total,Both,55,69,62,0.010506220080514241,0.0753088881034074,0.0010131224559219588,0.073120170104475,0.0774976061023398,9.204055431122258,8.944110862529183,9.479561926204056,0.9976527779263448,0.01578218042165227,15,62
2023,Total,Male,55,69,62,0.01308959633751567,0.07429846107647008,9.540410742958625e-4,0.0722373806425832,0.07635954151035695,9.329226615427991,9.077414123367031,9.595408559863285,0.9978611124178384,0.014861824724339239,15,62
2023,Total,Female,55,69,62,0.008068299087617366,0.07901430965486446,0.0010595705044403952,0.07672524674775896,0.08130337256196996,8.772425951547527,8.525441918557856,9.034147297547676,0.9976677371168079,0.01650573706346467,15,62
2023,Hispanic,Both,55,69,62,0.0078086221152659984,0.07500640395075943,0.0012750490995522199,0.0722518278406357,0.07776098006088315,9.241173340545508,8.913817444394914,9.593489898813425,0.9962574117779651,0.01986241131856669,15,62
2023,Hispanic,Male,55,69,62,0.010064518853547082,0.07414141748981859,9.067236511490387e-4,0.0721825601338027,0.07610027484583448,9.348987435465894,9.10834004166394,9.602695987439052,0.9980594364226919,0.014124725171540103,15,62
2023,Hispanic,Female,55,69,62,0.005642925019215398,0.08169211991205773,0.0017163381702427732,0.07798419672517454,0.08540004309894092,8.48487199629688,8.116473427968812,8.888303139194692,0.9942943684672181,0.0267367074029465,15,62
2023,American Indian or Alaska Native non-Hispanic,Both,55,69,62,0.019623683846723042,0.039798136474282104,6.412113242992662e-4,0.03841288362709697,0.041183389321467236,17.416573788771817,16.830746375666454,18.044653645085624,0.9966367654954988,0.009988637355085067,15,62
2023,American Indian or Alaska Native non-Hispanic,Male,55,69,62,0.024709539094033124,0.04405752919939733,0.0010826886374005272,0.04171852260244882,0.04639653579634584,15.73277469607685,14.939632208802475,16.614854441639753,0.9922104204189722,0.016865865834923516,15,62
2023,American Indian or Alaska Native non-Hispanic,Female,55,69,62,0.015117044800639827,0.03665780823829899,7.616259239559569e-4,0.03501241546423503,0.03830320101236295,18.90858220584409,18.096325169695902,19.79718255280019,0.9944196237174444,0.011864427321119845,15,62
2023,Asian non-Hispanic,Both,55,69,62,0.0046507836243485975,0.09007511821488287,0.001307432510337386,0.08725058199910951,0.09289965443065623,7.695212554774293,7.46124605961087,7.944327300498919,0.9972686058302886,0.02036687238217512,15,62
2023,Asian non-Hispanic,Male,55,69,62,0.0062301651989123295,0.08458329484474905,4.96863674933101e-4,0.08350988613488866,0.08565670355460944,8.194847242971594,8.092153349306015,8.300181123949145,0.9995516121112814,0.007740024038479534,15,62
2023,Asian non-Hispanic,Female,55,69,62,0.0033378523383890174,0.0996880962054979,0.0026477887082418756,0.09396789647127606,0.10540829593971975,6.953158972271732,6.575831383863164,7.376425423887459,0.9909122038520161,0.04124662213104258,15,62
2023,Black non-Hispanic,Both,55,69,62,0.015565020032670879,0.07310630752540676,9.814209935228016e-4,0.07098607637220553,0.07522653867860798,9.481359461617656,9.21413098004274,9.764551247001249,0.9976626268799442,0.01528834258764786,15,62
2023,Black non-Hispanic,Male,55,69,62,0.02002091291038697,0.07390318928309661,0.0010069534073961102,0.07172779870323964,0.07607857986295358,9.37912405789075,9.110937425600829,9.663578042143914,0.9975923748933778,0.015686080452398037,15,62
2023,Black non-Hispanic,Female,55,69,62,0.01180519857919244,0.07491265012166567,7.684192646569793e-4,0.07325258122727855,0.0765727190160528,9.252738748852224,9.05214271436062,9.462426701515659,0.9986340465878772,0.011970252365252067,15,62
2023,White non-Hispanic,Both,55,69,62,0.010634303805391656,0.07345222087554605,9.906302742896038e-4,0.07131209428082766,0.07559234747026444,9.436708275089202,9.169541676591095,9.719910592308866,0.9976409835816987,0.015431802570955663,15,62
2023,White non-Hispanic,Male,55,69,62,0.013082439051331798,0.07266881609487906,8.903827537924695e-4,0.07074526110133078,0.07459237108842734,9.538440527983104,9.292467452713591,9.797789558895367,0.998052157223624,0.013870170562839434,15,62
2023,White non-Hispanic,Female,55,69,62,0.008267806300333504,0.07659580521821976,0.0011384292097674131,0.07413637843583654,0.07905523200060299,9.049414371781642,8.767884971290178,9.34962288668915,0.9971364811494575,0.017734179200951727,15,62
2005,Total,Both,60,74,67,0.017115258610403153,0.08550324504741585,0.0010021766939785116,0.08333817392950718,0.08766831616532453,8.106676888994802,7.906473066652853,8.317283039417854,0.9982172443438619,0.015611669947983287,15,67
2005,Total,Male,60,74,67,0.02102325135144874,0.08423348563762635,0.001224536595461531,0.0815880351580996,0.0868789361171531,8.228879231495586,7.9783111020749775,8.495696448833202,0.9972601561474141,0.019075539555485264,15,67
2005,Total,Female,60,74,67,0.013700363704974338,0.08990520612304176,8.218594232218922e-4,0.0881296867850946,0.09168072546098892,7.709755757762497,7.560446070585321,7.865081629646475,0.9989148314227384,0.012802730432738642,15,67
2006,Total,Both,60,74,67,0.016596442277805483,0.08418632469174657,9.305847709897749e-4,0.08217591852031865,0.08619673086317449,8.23348902684547,8.04145555891466,8.434918563016234,0.998414074329552,0.014496428015740186,15,67
2006,Total,Male,60,74,67,0.020335450922968828,0.0823961671585851,9.093438739705385e-4,0.08043164915531269,0.0843606851618575,8.412371648621331,8.216471680262526,8.617841208520854,0.9984191214273422,0.01416554237885016,15,67
2006,Total,Female,60,74,67,0.013314241490393976,0.08907576324006178,0.0010614011427849132,0.08678274547925546,0.0913687810008681,7.781546352759206,7.586258380237772,7.987154321196662,0.9981576061719538,0.016534254311770736,15,67
2007,Total,Both,60,74,67,0.016124830452068206,0.08538471314560407,6.383755122582983e-4,0.08400558669786787,0.08676383959334028,8.117930657891202,7.988894726290434,8.251203375948066,0.9992738604852707,0.009944461750240025,15,67
2007,Total,Male,60,74,67,0.019791647108906296,0.0831130791367381,7.500602049219173e-4,0.08149267257956473,0.08473348569391147,8.339808701101973,8.180321804107622,8.505638097501299,0.9989423614143058,0.011684259303488409,15,67
2007,Total,Female,60,74,67,0.012890078332824783,0.09096087537895427,5.503494279104612e-4,0.08977191772479427,0.09214983303311426,7.6202782533942015,7.521958073552463,7.7212027784107775,0.9995243313828799,0.008573212364868429,15,67
2008,Total,Both,60,74,67,0.016062532063858218,0.08536856297470462,7.817671186950228e-4,0.08367965779482266,0.08705746815458658,8.119466421911428,7.9619496782187,8.28334148138487,0.9989109971790583,0.01217818205769836,15,67
2008,Total,Male,60,74,67,0.019679518753043353,0.0827974422084554,9.076068113906347e-4,0.08083667690073494,0.08475820751617587,8.371601369216693,8.177935811439383,8.57466198679975,0.9984403500780928,0.014138482831527426,15,67
2008,Total,Female,60,74,67,0.012858200274042001,0.09122341134419246,6.72489055788275e-4,0.08977058706625321,0.0926762356221317,7.598347511305529,7.47923322421198,7.7213172288645415,0.9992940166422103,0.010475874409849902,15,67
2009,Total,Both,60,74,67,0.015576884922678134,0.08395249539601694,8.035392654200091e-4,0.08221655435276642,0.08568843643926746,8.256421411778918,8.089156592922784,8.430749573691205,0.9988104753970186,0.012517343376028556,15,67
2009,Total,Male,60,74,67,0.019117061927221027,0.08092320648034648,8.693573401050079e-4,0.07904507413151776,0.0828013388291752,8.565493270812093,8.37120740269617,8.769011708517908,0.9985018933564321,0.013542641673991117,15,67
2009,Total,Female,60,74,67,0.01243017901077997,0.09033006603472674,7.574123620200154e-4,0.08869377610780124,0.09196635596165223,7.6734935662891015,7.536964722718502,7.815059984789373,0.9990868403483532,0.011798789456415404,15,67
2010,Total,Both,60,74,67,0.015451618247663211,0.0842124252220413,7.629644321208164e-4,0.08256414077689155,0.08586070966719105,8.230937165535101,8.072926292441414,8.395256997017604,0.998934051052336,0.011885278282649903,15,67
2010,Total,Male,60,74,67,0.018987056792502368,0.08098973246218745,9.382543134841008e-4,0.07896275725154539,0.08301670767282951,8.558457467229719,8.349490120611048,8.778153203944504,0.9982583234559653,0.01461590232280885,15,67
2010,Total,Female,60,74,67,0.012301435432852177,0.09087833588125513,5.507704915402083e-4,0.08968846857442705,0.0920682031880832,7.627199308156744,7.5286272193662445,7.728386843674828,0.9995227382522974,0.008579771593848914,15,67
2011,Total,Both,60,74,67,0.01525056737994267,0.08383662352020378,9.276422548556386e-4,0.0818325742684032,0.08584067277200437,8.267832737716397,8.074810671637755,8.470308880745794,0.9984109185358225,0.014450590199935083,15,67
2011,Total,Male,60,74,67,0.018729329312429127,0.08043413500310141,0.001139952494925896,0.07797141736320695,0.08289685264299587,8.617574870833367,8.361562091447036,8.889759914599509,0.9973956249475036,0.017757908574498108,15,67
2011,Total,Female,60,74,67,0.012144814916957356,0.09060374852702924,7.17209809873605e-4,0.08905431093367067,0.09215318612038781,7.650314604292151,7.5216843794681845,7.783420850633659,0.9991860647992977,0.011172523670204852,15,67
2012,Total,Both,60,74,67,0.015097220226648044,0.08154621669614244,0.0012742628791727402,0.07879333911188362,0.08429909428040126,8.500053204709063,8.222474825819042,8.797027621531587,0.9968357020781763,0.01985016376467269,15,67
2012,Total,Male,60,74,67,0.018607955049939548,0.07737434578157655,0.0015485109607288597,0.07402899123782884,0.08071970032532426,8.958359176524231,8.587088130485585,9.36318554352726,0.9948200867619145,0.024122335088199342,15,67
2012,Total,Female,60,74,67,0.011954583133136848,0.08933659408662309,9.623598149080775e-4,0.08725754210625634,0.09141564606698983,7.7588270254387774,7.582369215571737,7.943693620385014,0.9984937229163543,0.014991412085132097,15,67
2013,Total,Both,60,74,67,0.015116862949835485,0.08072110034910933,0.0013872976190141318,0.07772402605580574,0.08371817464241292,8.586939196345995,8.279530502433891,8.918055532304344,0.996174888691621,0.021610992031447167,15,67
2013,Total,Male,60,74,67,0.01866031770567186,0.07612183737381939,0.0017181117618583156,0.07241008257520062,0.07983359217243816,9.105759982592586,8.682399998521527,9.57252299553844,0.9934209834569956,0.02676433599088985,15,67
2013,Total,Female,60,74,67,0.011938377394529812,0.08901783200872476,0.0010120820415849012,0.08683136168831587,0.09120430232913365,7.786610445556672,7.599939507881431,7.982682375154045,0.9983223878055952,0.015765973094803733,15,67
2014,Total,Both,60,74,67,0.0150815383399771,0.07909125415630057,0.001767425881115207,0.07527296268011814,0.082909545632483,8.763891633203135,8.360281982879162,9.208448237988994,0.9935500168012551,0.02753253960033298,15,67
2014,Total,Male,60,74,67,0.018661902369241062,0.07464314948002503,0.0019722839557535336,0.07038228904037064,0.07890400991967941,9.28614595429733,8.784688905741756,9.848318234753098,0.9910054720201358,0.0307237699159538,15,67
2014,Total,Female,60,74,67,0.011873507664182327,0.08710725982738898,0.001557445802397584,0.0837426027317497,0.09047191692302826,7.957398521472033,7.661462298291538,8.27711532659528,0.9958613432588609,0.024261519924573715,15,67
2015,Total,Both,60,74,67,0.01517376405755969,0.07896444010255246,0.0017112431060329525,0.07526752413269083,0.0826613560724141,8.777966128294498,8.38538361205598,9.209113605729614,0.9939317950804143,0.02665733770568111,15,67
2015,Total,Male,60,74,67,0.018798459785875438,0.0740340874969604,0.001791490801845787,0.07016380692031136,0.07790436807360944,9.36254101312998,8.8974109886240509,9.878984778394196,0.9924453273072611,0.027907417206275636,15,67
2015,Total,Female,60,74,67,0.011922204336879249,0.08757744617528607,0.0016680399353264967,0.08397386498127848,0.09118102736929365,7.914676789873647,7.601879476007871,8.254320325907099,0.9953061589520849,0.025984328997907237,15,67
2016,Total,Both,60,74,67,0.015179963089424164,0.07745789205597593,0.0017498383107573533,0.07367759621553795,0.08123818789641392,8.948696668107539,8.532282643278196,9.407841951469187,0.9934092318014008,0.02725856461641698,15,67
2016,Total,Male,60,74,67,0.018813410827403877,0.07297000982659435,0.0016875247168092677,0.06932433432139336,0.07661568533179534,9.499069305419276,9.047066244440298,9.998612858602543,0.993095285147751,0.026287858285053204,15,67
2016,Total,Female,60,74,67,0.011924764660566519,0.08536621737727625,0.001859804778641037,0.08134835342636043,0.08938408132819206,8.119689519527137,7.754704979457278,8.520727849610479,0.9938675431252453,0.028971596073105777,15,67
2017,Total,Both,60,74,67,0.015138477725145323,0.07581595578455368,0.0013614112952013725,0.07287480549384621,0.07875710607526114,9.14249742533963,8.80107478679532,9.511478979089377,0.9958256952623522,0.021207741041916497,15,67
2017,Total,Male,60,74,67,0.01876166072129166,0.0713748162039112,0.0011849955972493954,0.0688147888575672,0.0739348435502552,9.711369043384831,9.375108504676788,10.072648511566618,0.9964294642887025,0.018459579298964975,15,67
2017,Total,Female,60,74,67,0.011893772373050336,0.08353768791063897,0.001606309444198422,0.08006746733481253,0.0870079084864654,8.297418780627627,7.966484801410534,8.657038915212095,0.9952164050136463,0.025022706103452783,15,67
2018,Total,Both,60,74,67,0.015076139292406109,0.0745999963767752,0.0013404097010451977,0.07170421727181849,0.07749577548173191,9.291517616959817,8.944322142093293,9.666756111880314,0.9958205230282818,0.020880583208055782,15,67
2018,Total,Male,60,74,67,0.018802730193116998,0.07004302597615791,9.885053318805343e-4,0.06790749004041685,0.07217856191189898,9.896019923466572,9.603227914210864,10.20722721672383,0.9974174511385535,0.015398700723997754,15,67
2018,Total,Female,60,74,67,0.011738361623941863,0.08258339659985178,0.0018588817974299194,0.07856752662861496,0.0865992665710886,8.393299489950858,8.00407680116952,8.82231133272681,0.993456497480075,0.02895721809153553,15,67
2019,Total,Both,60,74,67,0.014940843732588515,0.07282948401538175,0.0013154662381692542,0.06998759198580588,0.07567137604495762,9.51739793204564,9.159965323587285,9.903858111028049,0.9957767162062923,0.020492019881729464,15,67
2019,Total,Male,60,74,67,0.018621230509785956,0.06895251933757593,8.323786838506139e-4,0.06715427451867731,0.07075076415647455,10.052528714236727,9.797027478416485,10.321713480311121,0.9981091242139297,0.012966596970465106,15,67
2019,Total,Female,60,74,67,0.011646361334835471,0.07984471185555775,0.002124148898583929,0.07525576715339707,0.08443365655771842,8.68119083219783,8.209370632741853,9.210552317499781,0.9908831794621871,0.03308948584048348,15,67
2019,Hispanic,Both,60,74,67,0.011507869703278715,0.07632766252168585,9.651492569974745e-4,0.07424258431806016,0.07841274072531154,9.0812053934314,8.8397264800131925,9.336248016238992,0.9979257236963259,0.015034865349910984,15,67
2019,Hispanic,Male,60,74,67,0.014868441826507766,0.07488233443225199,1.6818041046264543e-4,0.07451900274485744,0.07524566611964655,9.256484667783075,9.211788748840187,9.301616433773054,0.9999344297346935,0.002619874395039037,15,67
2019,Hispanic,Female,60,74,67,0.008604455498702642,0.0826822680293688,0.0019286570205478439,0.07851565785311032,0.08684887820562728,8.38326278512025,7.981072350972906,8.828139501253467,0.992976275515799,0.03004415990569758,15,67
2019,American Indian or Alaska Native non-Hispanic,Both,60,74,67,0.023417626334990657,0.05334539490834791,4.430264478849826e-4,0.052388294456353145,0.05430249536034267,12.993571080518445,12.764554850754674,13.230955268784992,0.9991041824478225,0.006901360532692715,15,67
2019,American Indian or Alaska Native non-Hispanic,Male,60,74,67,0.02894606403331841,0.05065531130542182,7.530720810114994e-4,0.04902839798554737,0.052282224625296275,13.683603213504588,13.257798143206255,14.137667332395234,0.9971350276055159,0.01173117759216674,15,67
2019,American Indian or Alaska Native non-Hispanic,Female,60,74,67,0.01866700031160926,0.05722078972401922,0.001703944637286074,0.05353964113727853,0.060901938310759914,12.113554949224811,11.38136485940847,12.946429334157816,0.9886035709131412,0.026543643897107685,15,67
2019,Asian non-Hispanic,Both,60,74,67,0.007267167722689248,0.08999784385670154,4.2506603537392166e-4,0.08907954451695281,0.09091614319645026,7.701819853191197,7.62402755099502,7.781216039200019,0.9997100881108901,0.006621577502477561,15,67
2019,Asian non-Hispanic,Male,60,74,67,0.0095997748724062,0.08031238745208741,8.838886013772468e-4,0.07840286222186726,0.08222191268230755,8.630638467489982,8.430200149176244,8.840840256551505,0.9984278642668427,0.013769006202594863,15,67
2019,Asian non-Hispanic,Female,60,74,67,0.005418661215489096,0.104012816806016,5.962649318493354e-4,0.10272466473630078,0.10530096887573122,6.664055467824369,6.582533740766894,6.747621735629782,0.9995729657838356,0.009288473154004682,15,67
2019,Black non-Hispanic,Both,60,74,67,0.021728118777499382,0.06189531261448328,7.741376794564154e-4,0.0602228898359988,0.06356773539296776,11.198702313327543,10.90407226677176,11.50969643681247,0.9979705331512079,0.012059332469599789,15,67
2019,Black non-Hispanic,Male,60,74,67,0.0281357289886385,0.06180537291726534,0.0014806999307614213,0.05860651519722174,0.06500423063730894,11.214998758891308,10.663108750988217,11.827135229374706,0.9925937809653321,0.023065991007314983,15,67
2019,Black non-Hispanic,Female,60,74,67,0.016743505867844993,0.06547308664552355,8.374233525350783e-4,0.06366394348251678,0.06728222980853032,10.586749702403656,10.30208396083902,10.887594180374572,0.9978778053309213,0.013045181618234291,15,67
2019,White non-Hispanic,Both,60,74,67,0.01493873187544259,0.07370284402963227,0.0016609093382532426,0.07011466755404361,0.07729102050522094,9.404619179705806,8.96801693170973,9.885908394640467,0.9934414326667953,0.025873250254299887,15,67
2019,White non-Hispanic,Male,60,74,67,0.018469182585173383,0.06981099538250063,0.001089881501714135,0.06745644954693882,0.07216554121806244,9.92891129487741,9.60496060668989,10.275476773760923,0.9968415037453291,0.016977914562776975,15,67
2019,White non-Hispanic,Female,60,74,67,0.011695649978035511,0.08083821743937782,0.002540932969133072,0.07534886549468979,0.08632756938406584,8.574498578964215,8.029267886324677,9.199172091168311,0.9873189912238775,0.03958204886662957,15,67
2020,Total,Both,60,74,67,0.017500658634219547,0.07197453389820767,0.00123976136937767,0.06929619229431076,0.07465287550210457,9.630450424871821,9.284936124669498,10.002673416975796,0.9961577118533825,0.01931270745894932,15,67
2020,Total,Male,60,74,67,0.022027766026236913,0.06818180177792849,9.093885135581435e-4,0.06621718733669019,0.07014641621916679,10.166161094093114,9.881433976530792,10.467783493061178,0.9976927102723896,0.01416623776371841,15,67
2020,Total,Female,60,74,67,0.013450928148863376,0.07926420075667522,0.0017616637865821324,0.07545835752891762,0.08307004398443281,8.744769693543804,8.34412921088425,9.185823853829751,0.993619490811664,0.02744277906349358,15,67
2020,Hispanic,Both,60,74,67,0.017058784446141333,0.07386792884116103,4.352401850630339e-4,0.07292764958731779,0.07480820809500427,9.38360113020668,9.265656780331756,9.504586867701335,0.9995488785091682,0.006780067984148255,15,67
2020,Hispanic,Male,60,74,67,0.022780408606412093,0.07372288837697466,3.6230933346990284e-4,0.07294016664900235,0.07450561010494697,9.40206217932762,9.303288431348907,9.50295581165122,0.9996861216396005,0.005643968540868119,15,67
2020,Hispanic,Female,60,74,67,0.012102525638885715,0.07975265797166188,0.0013331780998098548,0.07687250179135005,0.08263281415197371,8.691211029057337,8.38827997900625,9.01684171072393,0.9963804501711214,0.020767931045657745,15,67
2020,American Indian or Alaska Native non-Hispanic,Both,60,74,67,0.03137507205449618,0.050803457038479695,0.0020694551264851236,0.04633267104726499,0.0552742430296944,13.643701058275225,12.540147862134866,14.960224931838063,0.978884550918554,0.032237479279816975,15,67
2020,American Indian or Alaska Native non-Hispanic,Male,60,74,67,0.03893311826513449,0.05055410239710809,7.488134732310691e-4,0.04893638924000265,0.05217181555421353,13.710997677600863,13.285855077051558,14.16424855459785,0.9971559258227398,0.011664838014021033,15,67
2020,American Indian or Alaska Native non-Hispanic,Female,60,74,67,0.02491157330492112,0.0516768853580957,0.00428655585368325,0.042416344447621296,0.0609374262685701,13.413099023998297,11.3747367259167,16.34151149955632,0.9178965505773302,0.06677494657716866,15,67
2020,Asian non-Hispanic,Both,60,74,67,0.009454678508911542,0.09026755549499377,8.888582648885438e-4,0.08834729395949066,0.09218781703049687,7.678807482477879,7.518858813314167,7.845709240146843,0.9987410805805674,0.01384642243763312,15,67
2020,Asian non-Hispanic,Male,60,74,67,0.013037644649963693,0.07944354367453114,9.153938942987852e-4,0.07746595539697064,0.08142113195209165,8.725028473045844,8.513111571180248,8.94776520870291,0.9982769685275592,0.014259788155179504,15,67
2020,Asian non-Hispanic,Female,60,74,67,0.006617651269786361,0.10760972801536872,0.0013929654977119055,0.10460040901457783,0.11061904701615961,6.44130594272063,6.266074417172369,6.62662017376379,0.9978264181349323,0.021699284896434457,15,67
2020,Black non-Hispanic,Both,60,74,67,0.027597545171492946,0.06461754884433861,8.514711547641712e-4,0.06277805724970392,0.0664570404389733,10.726918506762186,10.43000374349282,11.041233369215393,0.9977478201926224,0.01326401493696226,15,67
2020,Black non-Hispanic,Male,60,74,67,0.03604950433250168,0.06497062336019019,0.001254651625869367,0.06226011331288193,0.06768113340749846,10.668624444577228,10.241364848112175,11.133085753901602,0.9951754673043443,0.019544664329614856,15,67
2020,Black non-Hispanic,Female,60,74,67,0.0210182891425416,0.0680199356495238,5.902500649404538e-4,0.06674477790975132,0.06929509338929628,10.190353371273705,10.002832042752003,10.385039882778267,0.999022046785788,0.009194774989273144,15,67
2020,White non-Hispanic,Both,60,74,67,0.016688058644320793,0.07416296910221536,0.001754604799685059,0.07037237588849658,0.07795356231593413,9.346270638175406,8.891796089455456,9.849705538693494,0.9927759786315882,0.027332815846162355,15,67
2020,White non-Hispanic,Male,60,74,67,0.02076986030286023,0.07035737102265668,0.0013328511033910318,0.06747792127515885,0.07323682077015452,9.851806150299959,9.464463001955114,10.27220707842283,0.9953562804999405,0.020762837173294205,15,67
2020,White non-Hispanic,Female,60,74,67,0.012944945360262692,0.08148731684360352,0.002371596782091164,0.07636379348980575,0.0866108401974013,8.506197128692856,8.00300723304544,9.076908687786412,0.9891084687568797,0.03694417005919752,15,67
2021,Total,Both,60,74,67,0.018324372416621854,0.06762452594488882,9.443460523406069e-4,0.06558439033255781,0.06966466155721984,10.249937738932639,9.94976742965472,10.568782861976974,0.9974712981215398,0.014710797980439378,15,67
2021,Total,Male,60,74,67,0.022704640594067318,0.06494923159144926,6.150241800861773e-4,0.06362055262982436,0.06627791055307417,10.672138277478867,10.458193005418984,10.895019799545222,0.998835676280302,0.00958070025697515,15,67
2021,Total,Female,60,74,67,0.014329687668343073,0.07361288202521853,0.0013814709902914201,0.07062839539798033,0.07659736865245673,9.41611252664289,9.049229663553382,9.814001530888047,0.9954424085892082,0.02152022619636543,15,67
2021,Hispanic,Both,60,74,67,0.016817519962835255,0.06783541070954992,7.517292873346353e-4,0.06621139831904706,0.06945942310005278,10.218073028669133,9.979166967187474,10.468698715890847,0.9984061017177185,0.011710259871950934,15,67
2021,Hispanic,Male,60,74,67,0.021598280204086138,0.06541983475074584,4.77239483433559e-4,0.06438882152910948,0.0664508479723822,10.595367340820788,10.430975701740119,10.765023556869744,0.9993086517814281,0.0074343230552820164,15,67
2021,Hispanic,Female,60,74,67,0.012529978910333556,0.07631754578005104,0.001484280445054875,0.07311095282915385,0.07952413873094823,9.082409208461863,8.716185948332626,9.48075703759047,0.9951067639083364,0.023121767406556047,15,67
2021,American Indian or Alaska Native non-Hispanic,Both,60,74,67,0.03308290491639983,0.04036092197784792,0.0025382816470852446,0.03487729786621021,0.045844546089485634,17.17372018757101,15.119512345197315,19.873878510281024,0.9510980576305257,0.039540747202975665,15,67
2021,American Indian or Alaska Native non-Hispanic,Male,60,74,67,0.039978628904742054,0.032658137219222394,0.00294958979736883,0.026285935871564338,0.03903033856688045,21.224333032441386,17.759189543595753,26.369507402997954,0.904123626925618,0.045948007646891484,15,67
2021,American Indian or Alaska Native non-Hispanic,Female,60,74,67,0.026987323204727562,0.05084271254441727,0.0017687254504138016,0.04702161351945526,0.054663811569379286,13.633166797589668,12.680183848508317,14.741033509476544,0.9845108606133369,0.027552783981474635,15,67
2021,Asian non-Hispanic,Both,60,74,67,0.009381429752321402,0.08930606525604723,6.557848953239596e-4,0.08788932812280761,0.09072280238928684,7.761479341550207,7.640275237372922,7.8865909589320315,0.9992995132311209,0.010215660974939757,15,67
2021,Asian non-Hispanic,Male,60,74,67,0.0125233508673135,0.0791228226778977,6.732466257014987e-4,0.07766836176966285,0.08057728358613256,8.76039500488612,8.602265424088294,8.924447030511303,0.9990596714825721,0.01048767565360146,15,67
2021,Asian non-Hispanic,Female,60,74,67,0.006831409398827467,0.10567857909503846,9.709386192600102e-4,0.10358099373463987,0.10777616445543704,6.5590130610725454,6.431358770858334,6.691837523162716,0.9989038331793277,0.015125050656948223,15,67
2021,Black non-Hispanic,Both,60,74,67,0.027105549472749783,0.05986910003281613,7.396931264500933e-4,0.05827109018703238,0.061467109878599886,11.577711710715704,11.276716636408317,11.895215592074129,0.9980194761555755,0.011522763423171689,15,67
2021,Black non-Hispanic,Male,60,74,67,0.03437782999963543,0.06010329538876754,0.0011837496981127462,0.057545959643867474,0.06266063113366761,11.53259860505893,11.061924656987962,12.045105944007178,0.9949825619931807,0.0184401709788287,15,67
2021,Black non-Hispanic,Female,60,74,67,0.02132060238073242,0.06338319845730744,3.083310861721372e-4,0.06271708964292803,0.06404930727168685,10.935818914642235,10.82208707769042,11.051966609201619,0.9996924639057606,0.004803108255205354,15,67
2021,White non-Hispanic,Both,60,74,67,0.017897304575271177,0.06926327049364167,0.0013604562704382286,0.06632418340849866,0.07220235757878468,10.007427827474242,9.60006298691296,10.45089656499452,0.9950096177164789,0.021192863893521468,15,67
2021,White non-Hispanic,Male,60,74,67,0.022036174857251727,0.06704400048603243,9.837675804065138e-4,0.06491869984007796,0.0691693011319869,10.338690643980168,10.021023332840988,10.677157464142967,0.9972087764782684,0.015324897159464284,15,67
2021,White non-Hispanic,Female,60,74,67,0.014033890054076403,0.07470498098044275,0.001894120322212085,0.07061298280476655,0.07879697915611894,9.278460036572481,8.796621240855263,9.816143618750463,0.9917120910960443,0.02950615544126479,15,67
2022,Total,Both,60,74,67,0.016686591155089563,0.07142346580834653,9.055819313781347e-4,0.06946707498793818,0.07337985662875489,9.704754210890508,9.446014375126568,9.978067749078235,0.9979144992920285,0.014106939732761156,15,67
2022,Total,Male,60,74,67,0.020578312604958196,0.06935104795378418,5.588433057599115e-4,0.0681437403921464,0.07055835551542194,9.994761449341926,9.823743417722428,10.17183935855436,0.9991565663009282,0.008705527971847558,15,67
2022,Total,Female,60,74,67,0.013139545040032294,0.07672413076614588,0.0013784047356937743,0.07374626837923318,0.07970199315305859,9.034278702650258,8.696735842337533,9.399081415150416,0.9958215574513257,0.02147246081223452,15,67
2022,Hispanic,Both,60,74,67,0.013252943801217418,0.0769762269186744,0.0012291484739721564,0.07432081308136587,0.07963164075598292,9.004691556163921,8.70441917282569,9.326420847967485,0.9966962920543596,0.019147382300961864,15,67
2022,Hispanic,Male,60,74,67,0.016942308330852907,0.07598326353646064,8.30455825607061e-4,0.0741891728002422,0.07777735427267907,9.122366535721882,8.911940847587147,9.342969525031318,0.9984495182800038,0.01293664314252691,15,67
2022,Hispanic,Female,60,74,67,0.009944129358719316,0.08369630915539678,0.001600912246712507,0.08023774851585165,0.0871548697949419,8.281693512589626,7.953051644627351,8.638666879131188,0.9952662526965882,0.024938629845942056,15,67
2022,American Indian or Alaska Native non-Hispanic,Both,60,74,67,0.027593373103936034,0.0447093931733381,0.0031665058883665184,0.037868573101606205,0.051550213245069997,15.503390481562052,13.446058453041111,18.304021614443805,0.938783056197176,0.04932707487067509,15,67
2022,American Indian or Alaska Native non-Hispanic,Male,60,74,67,0.03313842309235776,0.041602929017736254,0.0027943742894946497,0.03556605038828653,0.04763980764718598,16.661018753377707,14.54974767516486,19.48901193673811,0.944599654567328,0.04353009741778744,15,67
2022,American Indian or Alaska Native non-Hispanic,Female,60,74,67,0.02272178036235353,0.04951368215495736,0.003450083256594488,0.042060230425223555,0.05696713388469117,13.99910389194407,12.16749261008926,16.47987121212404,0.9406295073423606,0.05374457560092827,15,67
2022,Asian non-Hispanic,Both,60,74,67,0.008173782160671543,0.09645007078865103,4.7278616629383666e-4,0.09542867837378062,0.09747146320352144,7.186590687723017,7.111283218480538,7.263510219066284,0.9996877286554621,0.007364950341092225,15,67
2022,Asian non-Hispanic,Male,60,74,67,0.010890175854281373,0.08914379280114954,8.418743910053329e-4,0.08732503375414291,0.09096255184815616,7.775607911435051,7.620137809205444,7.93755410975791,0.998841882888086,0.013114518835853604,15,67
2022,Asian non-Hispanic,Female,60,74,67,0.005971641920933136,0.1093252371294998,7.759166257519227e-4,0.10764897117119698,0.11100150308780263,6.3402302959460926,6.2444846355968995,6.438957781190636,0.9993455924321685,0.012087044471472826,15,67
2022,Black non-Hispanic,Both,60,74,67,0.024143291497697564,0.06335995660725309,6.794115582476252e-4,0.06189217717197638,0.06482773604252981,10.939830417759435,10.69213924276502,11.19926963683852,0.998507443505614,0.010583711505103482,15,67
2022,Black non-Hispanic,Male,60,74,67,0.03100528403289521,0.06442645773041307,0.0013688987025968638,0.061469131879450224,0.06738378358137592,10.7587349200597,10.2865577401552,11.276345693628897,0.994165332883178,0.02132437809177689,15,67
2022,Black non-Hispanic,Female,60,74,67,0.018701435550122318,0.0663476449010259,5.319010841538426e-4,0.06519854247048136,0.06749674733157045,10.447200975919305,10.269341975176003,10.631329387060573,0.9991651828310457,0.00828582845787304,15,67
2022,White non-Hispanic,Both,60,74,67,0.016690090863524517,0.07155817416563663,0.0012488968640841879,0.06886009652531448,0.07425625180595878,9.686484998282776,9.334529601241236,10.06602104173829,0.9960557752066463,0.019455018020576455,15,67
2022,White non-Hispanic,Male,60,74,67,0.02037325738916651,0.06978470923686067,9.29268195830292e-4,0.06777714735314118,0.07179227112058016,9.932651266157617,9.654899750918256,10.226856803937483,0.9977001210518099,0.014475918721346235,15,67
2022,White non-Hispanic,Female,60,74,67,0.01325052138576271,0.07642491231969235,0.0017187464814611988,0.07271178629273788,0.08013803834664683,9.069649666857943,8.64941536953591,9.53280363336602,0.9934679282014987,0.02677422350175421,15,67
2023,Total,Both,60,74,67,0.0152576842866891,0.07216000319392277,6.789073711233748e-4,0.07069331298870628,0.07362669339913926,9.605697753327169,9.414346191024906,9.804989344192713,0.998850598269054,0.01057585739811505,15,67
2023,Total,Male,60,74,67,0.018820241222540984,0.0699020704053092,4.6059728223587544e-4,0.06890701047351487,0.07089713033710353,9.915974970997416,9.776801645766916,10.05916779434748,0.9994358936886251,0.007175074807076656,15,67
2023,Total,Female,60,74,67,0.012017217140453227,0.0776842329379378,0.0010396750620564777,0.07543815152096497,0.07993031435491063,8.922623733875353,8.671893588234848,9.188284264458854,0.997676927459426,0.016195810598567752,15,67
2023,Hispanic,Both,60,74,67,0.011526178503647786,0.07590135883579775,0.0014164422732560978,0.07284132134496638,0.07896139632662913,9.132210426686495,8.778304498222084,9.515851274543698,0.9954930758068541,0.022065000516684828,15,67
2023,Hispanic,Male,60,74,67,0.014680005946255225,0.07376573082235455,8.019543556709986e-4,0.07203321376844911,0.07549824787625999,9.39660154969804,9.180970420611597,9.6226052441318,0.9984658544246728,0.012492654029282058,15,67
2023,Hispanic,Female,60,74,67,0.008686088462613383,0.083887845043092,0.002125349319678154,0.0792963069888248,0.08847938309735921,8.262784438006308,7.83399653450605,8.741229029211036,0.9917244486738541,0.03310818571450195,15,67
2023,American Indian or Alaska Native non-Hispanic,Both,60,74,67,0.024275252419523934,0.04220255230299825,0.0010539047476905649,0.039925729519190226,0.04447937508680627,16.424295279190996,15.583563824968184,17.360914600866227,0.9919580393786801,0.016417477253677266,15,67
2023,American Indian or Alaska Native non-Hispanic,Male,60,74,67,0.030464332322912294,0.03766057271428897,3.465094393291656e-4,0.036911984582393746,0.0384091608461842,18.405115233336723,18.0464026104545,18.778377494516025,0.998900685483831,0.005397841551465636,15,67
2023,American Indian or Alaska Native non-Hispanic,Female,60,74,67,0.01892173777229027,0.049763473398277996,0.00230355444812642,0.04478694657009023,0.05474000022646576,13.928834408571062,12.66253521542409,15.476544699808697,0.9728989158782131,0.03588422277971028,15,67
2023,Asian non-Hispanic,Both,60,74,67,0.007317728116507223,0.09443307969497161,5.78276960864972e-4,0.09318378827396437,0.09568237111597885,7.3400886934841125,7.244251709855364,7.438495401389591,0.9995127462813022,0.009008260824453338,15,67
2023,Asian non-Hispanic,Male,60,74,67,0.009593889460257332,0.08839978986368165,4.1132183375448323e-4,0.08751118306631966,0.08928839666104363,7.84105009331837,7.763015201082272,7.920669750683739,0.9997186271446716,0.0064074736017678035,15,67
2023,Asian non-Hispanic,Female,60,74,67,0.005472655270563967,0.10523385500754326,0.0015551968620677805,0.10187405645210273,0.10859365356298378,6.5867318127826815,6.382943733980949,6.803961721950636,0.9971687917658374,0.024226486467527113,15,67
2023,Black non-Hispanic,Both,60,74,67,0.02197372993341025,0.0645923492185767,8.096484003113971e-4,0.06284321019178872,0.06634148824536469,10.731103434779497,10.448170502240366,11.029786327664622,0.997961606855503,0.012612510024948956,15,67
2023,Black non-Hispanic,Male,60,74,67,0.02829333604895177,0.06431626229499877,0.001043935600593024,0.06206097654411195,0.06657154804588561,10.77716825926068,10.412063425086366,11.168808793514026,0.9965867798936574,0.01626218025357257,15,67
2023,Black non-Hispanic,Female,60,74,67,0.016940731707223433,0.06934457537912131,4.422665510771518e-4,0.06838911658437233,0.07030003417387029,9.995694353456843,9.859841303143776,10.135343387639798,0.9994714854309548,0.006889523041130938,15,67
2023,White non-Hispanic,Both,60,74,67,0.015381146201257512,0.07209916201966209,9.928099246464134e-4,0.06995432657663078,0.07424399746269339,9.613803560864103,9.336070312057785,9.90856769667626,0.997541071369202,0.015465756645299011,15,67
2023,White non-Hispanic,Male,60,74,67,0.018758751100676006,0.07032633175664585,7.137785288436931e-4,0.06878430699527581,0.07186835651801589,9.85615434853735,9.64467832774481,10.077112219907246,0.9986626250677924,0.011119071991214886,15,67
2023,White non-Hispanic,Female,60,74,67,0.012233726311072361,0.07682485571301514,0.001441138491434392,0.07371146528649822,0.07993824613953207,9.022433874125936,8.671033129123925,9.403519220054218,0.9954462509158938,0.022449712323973352,15,67
2005,Total,Both,65,79,72,0.02652795223973506,0.09176681400340678,5.151038534540468e-4,0.09065399978358145,0.0928796282232321,7.553353443590323,7.46285481347962,7.646073887690532,0.9995905661070416,0.008024165196992054,15,72
2005,Total,Male,65,79,72,0.032459116318397346,0.09183833497220653,5.311362320902702e-4,0.09069088490408697,0.09298578504032609,7.547471116170777,7.454334877737937,7.642964133529022,0.9995653712924848,0.008273913774517031,15,72
2005,Total,Female,65,79,72,0.021705839958105842,0.09560522703966359,6.574412099724608e-4,0.09418491165617211,0.09702554242315507,7.25009711312521,7.143966044909492,7.359429109944088,0.9993856342071544,0.010241462650210968,15,72
2006,Total,Both,65,79,72,0.025670923585334227,0.09134799660493174,7.051876992983197e-4,0.08982453120244455,0.09287146200741894,7.587984480466683,7.463511024566125,7.716680190601223,0.9992258619387224,0.010985246093798211,15,72
2006,Total,Male,65,79,72,0.03131445180066789,0.09065725545156257,9.206908097537707e-4,0.08866822388387718,0.09264628701924796,7.645799303181952,7.481650942103474,7.817312112484779,0.9986609896937806,0.014342302243086814,15,72
2006,Total,Female,65,79,72,0.02104409275804202,0.09593281705560082,6.248479621686106e-4,0.0945829151030771,0.09728271900812453,7.225339584870217,7.125080257080986,7.328460745839233,0.9994487885650718,0.009733732795481927,15,72
2007,Total,Both,65,79,72,0.025083538034465912,0.09114429786366016,7.39404545543104e-4,0.08954691145902272,0.0927416842682976,7.604942896118438,7.473955061617181,7.740603994780258,0.9991451750832216,0.011518267978505817,15,72
2007,Total,Male,65,79,72,0.03052677972357999,0.08993648591351625,8.553533325061041e-4,0.08808860738376906,0.09178436444326343,7.707074314939123,7.55190913794925,7.868749446113534,0.998825502087247,0.013324490577585934,15,72
2007,Total,Female,65,79,72,0.020588150637070732,0.09610880127371303,7.21637820675085e-4,0.09454979754460846,0.0976678050028176,7.21210931125753,7.096987390470676,7.331027654849493,0.9992676184113127,0.01124150216828225,15,72
2008,Total,Both,65,79,72,0.025011855053866928,0.09191277929678636,7.377605898519774e-4,0.09031894444249665,0.09350661415107607,7.541358077333001,7.412814450109876,7.674438456278143,0.9991631283454389,0.011492658828130258,15,72
2008,Total,Male,65,79,72,0.030362522914872802,0.09055215926437948,8.969286875287543e-4,0.08861446264076005,0.09248985588799892,7.654673131937216,7.494304904089326,7.822054774173149,0.9987261802010864,0.013972141560175797,15,72
2008,Total,Female,65,79,72,0.020563954541109694,0.09689095807226125,6.658005592386299e-4,0.09545258341262672,0.09832933273189579,7.153889220942539,7.049241170484463,7.261691153644082,0.999386522482811,0.010371682602947312,15,72
2009,Total,Both,65,79,72,0.024152159225223874,0.09111241346009771,8.761347564117926e-4,0.08921963939350801,0.09300518752668742,7.60760421370581,7.452779774902877,7.768997782010556,0.9987993723796919,0.013648218651701068,15,72
2009,Total,Male,65,79,72,0.029317413328878675,0.08919508412679651,0.0011146891240969394,0.08678694468139753,0.0916032235721955,7.771136574910253,7.566842666990352,7.986767861278552,0.9979737726698767,0.017364361798241065,15,72
2009,Total,Female,65,79,72,0.01983046690352384,0.09665554313205182,7.043892341953478e-4,0.09513380270854636,0.09817728355555728,7.171313285291463,7.060158475129351,7.286024113673701,0.9993100533711348,0.010972807794516782,15,72
2010,Total,Both,65,79,72,0.02398477167635373,0.09089421567440575,8.671416571362271e-4,0.08902087001761544,0.09276756133119607,7.6258667882990885,7.4718702379735005,7.786344712456589,0.998818217881187,0.013508126292196863,15,72
2010,Total,Male,65,79,72,0.02910425590148821,0.08907853259106119,9.956515194759132e-4,0.08692755825562587,0.0912295069264965,7.781304433269267,7.597839820820396,7.973848506380719,0.9983785364085503,0.015510022333047085,15,72
2010,Total,Female,65,79,72,0.019682667162243365,0.09615791715719502,8.182631932358361e-4,0.09439016700179116,0.09792566731259887,7.2084254843708475,7.078299281303613,7.3434257251265596,0.9990595176464017,0.012746709218179691,15,72
2011,Total,Both,65,79,72,0.023656370346202302,0.09131302173381721,9.035492655761282e-4,0.08936102222089656,0.09326502124673786,7.590890843372918,7.432016540544021,7.756706037297957,0.9987287553108701,0.014075275348819537,15,72
2011,Total,Male,65,79,72,0.028610046124013876,0.08916347364498019,8.899913186878863e-4,0.08724076429556289,0.09108618299439748,7.773891619788512,7.609795007027348,7.945221321212096,0.9987064631818203,0.01386407287997021,15,72
2011,Total,Female,65,79,72,0.01946594004793915,0.0967606553587978,0.0010146502092527603,0.09456863684945473,0.09895267386814087,7.163523004155863,7.004835275938039,7.329567218605223,0.9985725592981632,0.015805979399323284,15,72
2012,Total,Both,65,79,72,0.023255645585331514,0.09198236571242405,0.0010475799005973797,0.08971920693003306,0.09424552449481503,7.535652895980278,7.354695984508836,7.725739050507787,0.9983166406834734,0.01631895029143244,15,72
2012,Total,Male,65,79,72,0.028122700917999063,0.08927410405666829,0.0011202187405837778,0.08685401860112887,0.0916941895122077,7.764258044191158,7.559335921363514,7.980599996681515,0.9979572747007993,0.017450500847422848,15,72
2012,Total,Female,65,79,72,0.01911260971476508,0.09807640282142811,0.0010308169826847065,0.09584945812148653,0.1003033475213697,7.067420507071287,6.910508947991689,7.2316233617241785,0.9985659833552528,0.016057821546980315,15,72
2013,Total,Both,65,79,72,0.023200929263130568,0.09181372033382525,0.0010686618238261462,0.08950501682527288,0.09412242384237761,7.549494542207127,7.36431502997337,7.744227141067095,0.9982418959888768,0.016647359472461827,15,72
2013,Total,Male,65,79,72,0.028070697908034285,0.08913547638202814,0.0011698837415938437,0.08660809621498339,0.09166285654907289,7.776333382559904,7.561919916698866,8.00326079030045,0.9977656247051633,0.018224170409281596,15,72
2013,Total,Female,65,79,72,0.01903643742459707,0.09779059777068502,0.0010154949652882131,0.0955967542768806,0.09998444126448945,7.088075912833125,6.932550422783869,7.250739690935073,0.9986001022810432,0.0158191388077303,15,72
2014,Total,Both,65,79,72,0.022969648202653476,0.09144026336081111,0.001056645765113963,0.08915751896887476,0.09372300775274746,7.580327911183707,7.3956992757696245,7.77441082453097,0.9982670979845626,0.01646017617053781,15,72
2014,Total,Male,65,79,72,0.027863519562843136,0.08835037888309583,0.001172294233341114,0.08581779116523361,0.09088296660095804,7.845435292101118,7.6268106828352416,8.076963659264539,0.9977164689667384,0.01826172047584853,15,72
2014,Total,Female,65,79,72,0.01877290130964321,0.09786187804128904,9.586295016592277e-4,0.0957908849127439,0.09993287116983418,7.0829131264729925,6.936127947149179,7.236045279165491,0.9987541193968958,0.014933302153426899,15,72
2015,Total,Both,65,79,72,0.023092971316640724,0.09109177100778636,0.0010924757952778606,0.0887316205417238,0.09345192147384891,7.609328185096943,7.417152795022111,7.811726826672914,0.9981336314948016,0.01701832785028247,15,72
2015,Total,Male,65,79,72,0.027997852021354405,0.08734907621585097,0.0012596518512956788,0.08462776383825646,0.09007038859344549,7.935369331749864,7.695616632549827,8.190541131214484,0.9973037805112934,0.019622556650889265,15,72
2015,Total,Female,65,79,72,0.018872586439631585,0.09823766728508655,9.167500492568722e-4,0.09625714921286128,0.10021818535731182,7.055818808771448,6.916381274402849,7.200994276561551,0.9988691688529557,0.014280914014253238,15,72
2016,Total,Both,65,79,72,0.02293202572905045,0.0896188932411787,0.0011323005027741747,0.0871727067252883,0.09206507975706908,7.734386751402698,7.528882638117988,7.951424323031457,0.9979290611744881,0.017638707662488283,15,72
2016,Total,Male,65,79,72,0.027870415366438785,0.08579548996777316,0.0012940783121470976,0.08299980374320229,0.08859117619234402,8.079063139802663,7.824110824028618,8.351190596841795,0.9970511479058057,0.020158843862035526,15,72
2016,Total,Female,65,79,72,0.01868144926086153,0.09678643195201705,9.819278824227653e-4,0.09466510573192403,0.09890775817211007,7.1616151828345185,7.008016290833274,7.322097991659395,0.998663734191125,0.015296238782255138,15,72
2017,Total,Both,65,79,72,0.022856081184606806,0.08922454619190359,0.0014650222297280446,0.08605955808577789,0.09238953429802929,7.768570535165611,7.502442628663952,8.054273063650486,0.9965074419577131,0.022821767513048135,15,72
2017,Total,Male,65,79,72,0.027778751182083335,0.08508185928402844,0.0017322185248009267,0.0813396286769043,0.08882408989115258,8.146826907555168,7.803594513710711,8.521641810208541,0.9946402958742725,0.026984087785576077,15,72
2017,Total,Female,65,79,72,0.018613482007205133,0.09665074137147518,0.0011939191906202601,0.09407143577370974,0.09923004696924062,7.171669567394709,6.985254988086496,7.36830659444086,0.998020196130836,0.018598588912033205,15,72
2018,Total,Both,65,79,72,0.02266186385201384,0.08830356379085864,0.0015586695187239333,0.08493626301682351,0.09167086456489378,7.84959463472641,7.561259336321265,8.160792056776174,0.9959659667563029,0.024280582686172253,15,72
2018,Total,Male,65,79,72,0.027688730057622166,0.08316584934716151,0.0018876850347482336,0.07908775376481755,0.08724394492950546,8.334516944166852,7.944931663968423,8.764279519445576,0.9933470635371766,0.029405908065218558,15,72
2018,Total,Female,65,79,72,0.018318414089908377,0.09701120086219481,0.0012130094553486842,0.09439065325486651,0.09963174846952311,7.145022166508035,6.957091401160905,7.343387895498102,0.9979716347524049,0.018895972511103584,15,72
2019,Total,Both,65,79,72,0.02232444338931674,0.08741228566866928,0.0017299229005393812,0.0836750144562468,0.09114955688109176,7.9296311182992705,7.6045041169446765,8.283801144992788,0.9949342207128103,0.026948327097354955,15,72
2019,Total,Male,65,79,72,0.027332995603499773,0.08202336156911447,0.002119362934594987,0.07744475631354646,0.08660196682468248,8.45060684297712,8.003827233660367,8.950214495525524,0.9913954961102626,0.03301493123287065,15,72
2019,Total,Female,65,79,72,0.017996260459048098,0.0964473919113898,0.0013486500284725313,0.0935338106613401,0.0993609731614395,7.186790299075875,6.976050641470017,7.4106590510851555,0.9974645306255444,0.021008949066922588,15,72
2019,Hispanic,Both,65,79,72,0.017236777397623138,0.08601917259406476,0.0011697505916684328,0.08349208007994548,0.08854626510818404,8.058054497117679,7.82807925001774,8.301951273656638,0.9976017382830232,0.018222096231442896,15,72
2019,Hispanic,Male,65,79,72,0.021993182845012213,0.08066307048828172,0.0011561272181703423,0.07816540948326299,0.08316073149330046,8.593116730668488,8.335029864615683,8.867697171193916,0.9973365359857402,0.01800987456244163,15,72
2019,Hispanic,Female,65,79,72,0.013390795711616561,0.09705929981093103,0.001266531752011442,0.09432312431147061,0.09979547531039146,7.14148136149939,6.945677430806019,7.348645261909034,0.9977912787369517,0.019729730106323555,15,72
2019,American Indian or Alaska Native non-Hispanic,Both,65,79,72,0.031327242035340576,0.062076529262099236,0.001593619456576682,0.05863372373778171,0.06551933478641676,11.166010548581776,10.579276832090885,11.821646935811161,0.9915052080964439,0.024825024497419697,15,72
2019,American Indian or Alaska Native non-Hispanic,Male,65,79,72,0.03759988814964805,0.05181041463989526,0.0018236172666938493,0.04787072905554552,0.055750100224245,13.378529883955133,12.433110932032092,14.47956181648436,0.984149689746822,0.028407875627247645,15,72
2019,American Indian or Alaska Native non-Hispanic,Female,65,79,72,0.025973501355311013,0.07491834106028507,0.0019209935052263997,0.07076828690232537,0.07906839521824477,9.252035893349342,8.76642530364653,9.79460166269998,0.9915253327355177,0.02992477948849316,15,72
2019,Asian non-Hispanic,Both,65,79,72,0.011714841557739346,0.09920722203531739,0.0016547618740251691,0.09563232634876379,0.10278211772187099,6.986862108820945,6.743849960706255,7.248042654866415,0.99639620687498065,0.025777486520097773,15,72
2019,Asian non-Hispanic,Male,65,79,72,0.014865944984993024,0.09326917331451469,0.0018925249118319416,0.08918062181341796,0.09735772481561142,7.431685689145876,7.119590991600477,7.7723968107122525,0.994676074384236,0.029481302518186425,15,72
2019,Asian non-Hispanic,Female,65,79,72,0.009240987102230997,0.10679073832420437,0.0014136648785277781,0.10373670102989067,0.10984477561851806,6.490705012785194,6.310242582379965,6.681793171350437,0.9977270971239388,0.022021734922828655,15,72
2019,Black non-Hispanic,Both,65,79,72,0.030268178492063487,0.06738264443284077,0.0016772307612043505,0.06375920766667965,0.07100608119900188,10.286731641272914,9.761800240986807,10.871326760890438,0.9920099605914565,0.026127501495348603,15,72
2019,Black non-Hispanic,Male,65,79,72,0.03888468660685609,0.06276707968051569,0.0018265620350782778,0.05882103231084769,0.06671312705018369,11.04316441179139,10.389966880709077,11.784002308849587,0.9891108662419449,0.0284537485280716,15,72
2019,Black non-Hispanic,Female,65,79,72,0.023967222540669877,0.07631042126476464,0.0016849222142134932,0.07267036812459993,0.07995047440492936,9.083257162937418,8.669706911923079,9.53823681437091,0.9937021603842068,0.026247317119200794,15,72
2019,White non-Hispanic,Both,65,79,72,0.022459561471712988,0.0898335670118654,0.001659533893700865,0.0862483620035764,0.0934187720201544,7.715904016907099,7.419784756006041,8.03664167594514,0.9955831175598655,0.02585182390651862,15,72
2019,White non-Hispanic,Male,65,79,72,0.02729343887214088,0.08464846936638389,0.002068212058150052,0.08018036886103812,0.08911656987172965,8.188537675262586,7.777983169208935,8.644848987427954,0.9922991637209603,0.032218115057233744,15,72
2019,White non-Hispanic,Female,65,79,72,0.018177383661440838,0.09882263225072939,0.0012448658127198926,0.09613326316742725,0.10151200133403153,7.014053003580354,6.828228893636936,7.21027413115842,0.997941358992357,0.019392223262106354,15,72
2020,Total,Both,65,79,72,0.02606908575712294,0.0865474080206447,0.001875078494246042,0.0824965472132681,0.0905982688280213,8.008872783279708,7.650777321978591,8.402135652635714,0.9939349818869505,0.029209526378547318,15,72
2020,Total,Male,65,79,72,0.03222766718407243,0.08156663574722625,0.002163680827623378,0.07689228750463924,0.08624098398981327,8.49792533687423,8.037329219734081,9.014521521656183,0.9909353721850425,0.03370530481959079,15,72
2020,Total,Female,65,79,72,0.020756385895879057,0.09519407469223702,0.001566886285996979,0.09180902267172776,0.09857912671274628,7.281410978581325,7.031378788531319,7.549880832936885,0.996490287457169,0.024408581530564587,15,72
2020,Hispanic,Both,65,79,72,0.02521271619905512,0.08167756669266153,0.0013361155412909592,0.07879106455584373,0.08456406882947934,8.486383821498228,8.196710377756938,8.7972815758654,0.9965332892072131,0.020813689809726046,15,72
2020,Hispanic,Male,65,79,72,0.03325993085809715,0.07609966863569022,0.0011142322758687234,0.07369251615088422,0.07850682112049621,9.108412598722724,8.829133197178729,9.405937220826301,0.9972207947851757,0.017357245125304968,15,72
2020,Hispanic,Female,65,79,72,0.018686803882771528,0.09416674924498884,0.0017479618049180835,0.09039050734894968,0.097942991141028,7.360848559788546,7.077047295419878,7.668362540372438,0.9955406550024118,0.027229332855197463,15,72
2020,American Indian or Alaska Native non-Hispanic,Both,65,79,72,0.04167229977496553,0.06532652612271077,9.9990096452451e-4,0.06316637141938511,0.06748668082603643,10.610501150144163,10.27087377947514,10.973357579112507,0.9969636103316316,0.01557621917633768,15,72
2020,American Indian or Alaska Native non-Hispanic,Male,65,79,72,0.05113609288549797,0.05629952120429628,9.846949174010693e-4,0.05417221716856479,0.05842682524002777,12.311777537942017,11.863509230774968,12.795252193631217,0.9960389196641836,0.015339342994391937,15,72
2020,American Indian or Alaska Native non-Hispanic,Female,65,79,72,0.03372311565120542,0.07721430517241054,0.0017712449862295353,0.07338776302124339,0.08104084732357769,8.976926995745522,8.553059394756401,9.444996713679657,0.9932057066979328,0.027592032710579684,15,72
2020,Asian non-Hispanic,Both,65,79,72,0.015013514848792563,0.09178591603697157,0.0017332488508083027,0.08804145954583516,0.09553037252810799,7.551781476808969,7.255778054838004,7.8729633076912675,0.9953857140517282,0.027000137958826578,15,72
2020,Asian non-Hispanic,Male,65,79,72,0.019783144584038213,0.08379064691963813,0.002035725294001309,0.0793927298013092,0.08818856403796706,8.27236936390679,7.8598306721666384,8.730612768884981,0.9923849844344256,0.031712043979533124,15,72
2020,Asian non-Hispanic,Female,65,79,72,0.011272376812696577,0.10318788444937092,0.0015399112762663108,0.09986110839439157,0.10651466050435028,6.7173310535311685,6.507528421701497,6.941112428097925,0.9971131661822294,0.023988371250991014,15,72
2020,Black non-Hispanic,Both,65,79,72,0.03881583761649338,0.06840416548494946,0.0015742774970085335,0.06500314572383753,0.07180518524606139,10.133113614439958,9.653163322184527,10.66328672007267,0.993161502282037,0.024523720056057737,15,72
2020,Black non-Hispanic,Male,65,79,72,0.050310572269345155,0.06461753624791268,0.0013054625108843193,0.06179725595721098,0.06743781653861437,10.726920597848325,10.278315878792643,11.216471829103336,0.9947219551655144,0.02033618419969814,15,72
2020,Black non-Hispanic,Female,65,79,72,0.030414004241647384,0.0764274733511389,0.0019857736620406802,0.07213747017283688,0.08071747652944093,9.069345749209125,8.587324707891808,9.608698210502917,0.9913002046622854,0.03093390934896548,15,72
2020,White non-Hispanic,Both,65,79,72,0.025208048446640444,0.09115070522900968,0.0017911304861963815,0.08728120306699606,0.0950202073910233,7.60440831278773,7.294734452720505,7.941540173637311,0.9950053718180877,0.02790180429487048,15,72
2020,White non-Hispanic,Male,65,79,72,0.030850534744514362,0.08653963805429468,0.0021449504231734313,0.0819057543904042,0.09117352171818516,8.009591860380407,7.602505283304117,8.462740935832855,0.992076937631159,0.03341352703826565,15,72
2020,White non-Hispanic,Female,65,79,72,0.020223645804469382,0.09946192393322958,0.001380898860969291,0.09647867331624636,0.1024451745502128,6.968970166163952,6.766030548566286,7.1844601167750914,0.9975004232735799,0.021511313701993624,15,72
2021,Total,Both,65,79,72,0.02689233495336276,0.08341685630292583,0.0021457569467868993,0.07878123025070012,0.08805248235515155,8.309437819651246,7.871977734417529,8.798379745457014,0.9914714152985394,0.03342609087110509,15,72
2021,Total,Male,65,79,72,0.032836404931990054,0.07927917667707758,0.002274498025614535,0.07436542243335344,0.08419293092080173,8.743117797291136,8.232842983123753,9.32082623723608,0.9894129778758932,0.03543158874735828,15,72
2021,Total,Female,65,79,72,0.02169720611088814,0.09106493502533736,0.0019991508660763186,0.08674603215472564,0.09538383789594908,7.611570582761501,7.2669248360091725,7.990534706228462,0.9937738484019192,0.03114229624868688,15,72
2021,Hispanic,Both,65,79,72,0.024390049731171627,0.0794270341503874,0.001758652139649027,0.07562769719026842,0.08322637111050639,8.726842037781974,8.328456128882486,9.165255671028651,0.9936670300130137,0.027395864344560292,15,72
2021,Hispanic,Male,65,79,72,0.030829682908595762,0.07378345891970176,0.0018883392631908514,0.0697039499627362,0.07786296787666731,9.394343809691744,8.902141794259247,9.944159275485857,0.9915568790809397,0.029416099480143787,15,72
2021,Hispanic,Female,65,79,72,0.019023502166682783,0.09117924094992827,0.0016255450411415684,0.08766746439337751,0.09469101750647903,7.602028415005034,7.3200943322054615,7.9065498854818745,0.9958851059281623,0.02532235365316449,15,72
2021,American Indian or Alaska Native non-Hispanic,Both,65,79,72,0.04211519206028215,0.05915872738199738,0.0014366650305564065,0.05605500128014716,0.062262453483847596,11.71673582638421,11.13266731031993,12.36548327054334,0.9923914871510063,0.02238002581542457,15,72
2021,American Indian or Alaska Native non-Hispanic,Male,65,79,72,0.04932677696579422,0.05480151465858405,0.0017932412838233516,0.05092745239553698,0.05867557692163112,12.648321581589196,11.813214576240702,13.610482126152634,0.9862712168830812,0.02793468579778034,15,72
2021,American Indian or Alaska Native non-Hispanic,Female,65,79,72,0.03595304492059984,0.06514108352589146,0.0011893312476184195,0.06257168957638484,0.06771047747539807,10.640706955456794,10.236926490612822,11.07764845815424,0.9956851956822705,0.01852711902821406,15,72
2021,Asian non-Hispanic,Both,65,79,72,0.014973748916811224,0.09435275488677414,0.0018979023682318516,0.09025258609741954,0.09845292367612873,7.346337490534756,7.040392044020206,7.680081098305098,0.9947675686923806,0.029565071253759175,15,72
2021,Asian non-Hispanic,Male,65,79,72,0.019103554676646418,0.08633214318295514,0.002180286632334459,0.08162192028035496,0.09104236608555531,8.02884250297166,7.613457452419169,8.492169483137905,0.9917768265981368,0.03396398609199286,15,72
2021,Asian non-Hispanic,Female,65,79,72,0.011675620022849238,0.10584390214563529,0.0014111328739197652,0.10279533491471476,0.1088924693765558,6.548768200233336,6.365428064295304,6.742982851653941,0.9976946062568367,0.021982291957845953,15,72
2021,Black non-Hispanic,Both,65,79,72,0.03727252048874491,0.06404501695695491,0.0016375829690075752,0.06050723403835367,0.06758279987555615,10.822812039003974,10.256266118543097,11.45560843387058,0.9915724037768237,0.02550987762756032,15,72
2021,Black non-Hispanic,Male,65,79,72,0.046970602177764956,0.060738657413732675,0.0014821389001158376,0.05753669098939818,0.06394062383806717,11.41196085119966,10.840481980835458,12.047046304551401,0.9923185729881734,0.023088406929338903,15,72
2021,Black non-Hispanic,Female,65,79,72,0.030074951649215982,0.07134735451583786,0.0018104566671483724,0.06743610067824643,0.07525860835342929,9.71510696175958,9.210204596194355,10.278577402734394,0.9916987472547776,0.028202862940706393,15,72
2021,White non-Hispanic,Both,65,79,72,0.026578754576511227,0.08725833551208965,0.0021127058280989036,0.08269411206073851,0.0918225589634408,7.943621391493419,7.54876784512096,8.382062075360714,0.9924367163658145,0.03291122841274934,15,72
2021,White non-Hispanic,Male,65,79,72,0.032298991981429485,0.08336215008136433,0.0022016003807470335,0.07860588162474189,0.08811841853798677,8.314890869338301,7.866087386272576,8.818006569393544,0.9910140841471713,0.03429600659054438,15,72
2021,White non-Hispanic,Female,65,79,72,0.021462361902677734,0.09482020382175572,0.001987020806994803,0.09052750635058475,0.0991129012929267,7.310121183275798,6.993511152613313,7.656757691696519,0.9943235848083334,0.030953337076149764,15,72
2022,Total,Both,65,79,72,0.024698896967409154,0.08396045250029979,0.0018111112795140862,0.08004778445867133,0.08787312054192825,8.255638933788147,7.888045585330196,8.659167586553469,0.9939873635509321,0.028213060336294216,15,72
2022,Total,Male,65,79,72,0.030011178775944877,0.07951975391495739,0.0017553189511854929,0.0757276178707211,0.08331188995919367,8.716666569431709,8.319907049275322,9.153162347497263,0.9937054735490058,0.02734394072821621,15,72
2022,Total,Female,65,79,72,0.020056393325789446,0.09184026563566781,0.0018390343427225745,0.08786727348349131,0.09581325778784432,7.547312453446881,7.234355626386851,7.888570489104516,0.9948144021588693,0.028648039167239712,15,72
2022,Hispanic,Both,65,79,72,0.019806124871003195,0.0857328398863286,8.115424359743487e-4,0.08397960904426015,0.08748607072839705,8.084966991399968,7.922943330165554,8.253755744381149,0.9988365015586055,0.012642014861588413,15,72
2022,Hispanic,Male,65,79,72,0.024930724981510406,0.08052373379411057,5.831752409361204e-4,0.07926386028236704,0.0817836073058541,8.607986091805413,8.47538037748464,8.74480725630445,0.9993186069928239,0.009084565065255403,15,72
2022,Hispanic,Female,65,79,72,0.01553353309780832,0.09654484177962232,0.001185021704824678,0.09398475803129099,0.09910492552795365,7.179536138680043,6.994073976317508,7.375102038664302,0.998045264275437,0.018459985996557227,15,72
2022,American Indian or Alaska Native non-Hispanic,Both,65,79,72,0.034875179454961644,0.05696934516734825,0.001463989800349182,0.05380658748929266,0.060132102845403844,12.167020325120742,11.527073688774639,12.882199241828511,0.9914881390084405,0.022805684573977362,15,72
2022,American Indian or Alaska Native non-Hispanic,Male,65,79,72,0.040337998500515754,0.04644675626140384,0.0021890398740927776,0.04171762312966655,0.05117588939314113,14.923478760473403,13.544409071918242,16.6152126741619,0.9719342403942359,0.03410034200819689,15,72
2022,American Indian or Alaska Native non-Hispanic,Female,65,79,72,0.03010564446558655,0.06903880633971465,0.0012426907862836342,0.06635413611535239,0.07172347656407692,10.03996472866611,9.664160380467553,10.446178959438996,0.9958057184792772,0.019358341218096525,15,72
2022,Asian non-Hispanic,Both,65,79,72,0.013256838353368652,0.09748583548573314,0.001125071502116733,0.09505526627628064,0.09991640469518565,7.110234805972259,6.937271038469859,7.292043962564838,0.9982715005834463,0.017526096011273654,15,72
2022,Asian non-Hispanic,Male,65,79,72,0.016875610933774102,0.0891296916349331,0.0014399591205524534,0.08601884908430385,0.09224053418556236,7.77683808667275,7.51456164776242,8.058084802792672,0.9966183570362859,0.022431340365150407,15,72
2022,Asian non-Hispanic,Female,65,79,72,0.010374461333149414,0.10940041248744171,0.0011103581866511252,0.10700162946355377,0.11179919551132966,6.335873556596626,6.1999299493143685,6.477912383530952,0.9986626335264734,0.01729689548578773,15,72
2022,Black non-Hispanic,Both,65,79,72,0.03353062864094187,0.06537908177897818,0.0012189433253514163,0.06274571482488445,0.06801244873307191,10.601971788212206,10.191475141269155,11.046924598666756,0.9955014284386738,0.018988408925314268,15,72
2022,Black non-Hispanic,Male,65,79,72,0.042893932836576616,0.06154585867921574,0.0010760597318332074,0.05922117296208152,0.06387054439634995,11.262287917253865,10.852376273147234,11.704381151041328,0.9960418156966401,0.016762602322156612,15,72
2022,Black non-Hispanic,Female,65,79,72,0.026601376152506486,0.07391030151033653,0.0013821306961948048,0.07092438967514218,0.07689621334553089,9.3782215252228,9.014061296429626,9.773043994242249,0.9954745497934315,0.02153050293787046,15,72
2022,White non-Hispanic,Both,65,79,72,0.024833762889639257,0.08625633201518848,0.0019069324718018407,0.08213665487311667,0.0903760091572603,8.03589909709924,7.669592705225818,8.438950692972675,0.9936863380192127,0.029705740057352208,15,72
2022,White non-Hispanic,Male,65,79,72,0.029919324427261307,0.08235412412093808,0.00184374340802954,0.07837095865167118,0.08633728959020498,8.41666629277788,8.028363918417277,8.844439221940851,0.9935262939798923,0.028721395865492185,15,72
2022,White non-Hispanic,Female,65,79,72,0.020286136424202614,0.09360114697729773,0.0019310772046633275,0.08942930831113328,0.09777298564346217,7.405327850609171,7.089352708196595,7.750783201279145,0.9944971984650797,0.030081860957669054,15,72
2023,Total,Both,65,79,72,0.02263570395493396,0.08347779622351136,0.001967686374189093,0.07922686825496432,0.08772872419205839,8.303371817627378,7.9010288470910215,8.748890317477784,0.992828870659106,0.030652149884901156,15,72
2023,Total,Male,65,79,72,0.02743707993316797,0.07859287846754022,0.0018412386347084761,0.07461512423204769,0.08257063270303275,8.819465504705025,8.394596939239472,9.289633806737454,0.9929154966631265,0.028682377103014557,15,72
2023,Total,Female,65,79,72,0.018438360156975964,0.0918325054106999,0.0020681101095136557,0.08736462515199277,0.09630038566940703,7.547950232436793,7.197761210837458,7.933957014684618,0.9934499623109344,0.03221652692564714,15,72
2023,Hispanic,Both,65,79,72,0.01716732299747775,0.08592210386841319,0.001075529180336148,0.08359856433810385,0.08824564339872253,8.067157918077482,7.854746748551436,8.29137660494502,0.9979672020625426,0.0167543375172452,15,72
2023,Hispanic,Male,65,79,72,0.021376435050378638,0.07864934039145009,0.0010350652485341199,0.07641321787112311,0.08088546291177708,8.813134059485344,8.569490185349755,9.07103770618576,0.9977534717403476,0.016124000020986764,15,72
2023,Hispanic,Female,65,79,72,0.013613558037250615,0.09898055490584634,0.001240922501541967,0.09629970482841567,0.10166140498327701,7.002862140137428,6.818193990865716,7.197812099164551,0.9979608629619581,0.019330795299370984,15,72
2023,American Indian or Alaska Native non-Hispanic,Both,65,79,72,0.030586442634640082,0.05156665983247079,0.001353170460144512,0.04864331278352325,0.05449000688141833,13.441769988822903,12.720629345273874,14.249588296846678,0.9911276238221319,0.02107936727531777,15,72
2023,American Indian or Alaska Native non-Hispanic,Male,65,79,72,0.03679018036230369,0.038057470430871,0.0010104686488812444,0.035874485633489654,0.04024045522825235,18.213170048151348,17.22513268372011,19.321452790751,0.9909187165040023,0.015740840047370766,15,72
2023,American Indian or Alaska Native non-Hispanic,Female,65,79,72,0.025255083642630686,0.06798933433209568,0.0017990655182601358,0.0641026895755235,0.07187597908866787,10.194939947113612,9.643655493094053,10.81307485145852,0.9909797100850147,0.028025414335245913,15,72
2023,Asian non-Hispanic,Both,65,79,72,0.011902107972328798,0.09753341950695907,0.0014654760132750124,0.09436745106108169,0.10069938795283645,7.106765907151331,6.883330620485872,7.345193419617623,0.9970736845942237,0.022828836445109368,15,72
2023,Asian non-Hispanic,Male,65,79,72,0.015009427483352251,0.09119771816965537,0.0011630882349012764,0.08868501880227402,0.09371041753703672,7.600488197198987,7.396692905417863,7.8158316919945445,0.9978899954006174,0.018118311623848752,15,72
2023,Asian non-Hispanic,Female,65,79,72,0.009437567077202249,0.10666431717421604,0.00196414429991661,0.10242104139190614,0.11090759295652594,6.498397954658259,6.249772103805808,6.767624807754801,0.9956112422322717,0.03059697229515525,15,72
2023,Black non-Hispanic,Both,65,79,72,0.03045905900187479,0.0639392393370248,0.0011477004409324988,0.06145978327742571,0.0664186953966239,10.840716713978326,10.436025224837199,11.278060930204084,0.9958289034191854,0.017878604232815298,15,72
2023,Black non-Hispanic,Male,65,79,72,0.038822423267969315,0.06053053990444347,0.0010406278004651956,0.05828240022127465,0.0627786795876123,11.451197720261243,11.041123915207663,11.89290725722253,0.9961724608953979,0.016210652130677843,15,72
2023,Black non-Hispanic,Female,65,79,72,0.024240088277100103,0.0719662958683808,0.0012856443782511527,0.06918883005024941,0.07474376168651219,9.631552828947076,9.273645919335987,10.01819484527397,0.9958683010346698,0.020027462047693092,15,72
2023,White non-Hispanic,Both,65,79,72,0.022938243183818038,0.08577979133974212,0.00211015703872953,0.0812210742130565,0.09033850846642774,8.080541695591739,7.672776452995543,8.534080437568507,0.9921945174344685,0.032871523978750164,15,72
2023,White non-Hispanic,Male,65,79,72,0.027555793741974307,0.08130525714341282,0.001954486915665221,0.07708284487134304,0.0855276694154826,8.525244306617418,8.10436184333194,8.992236621739366,0.9925437358620123,0.030446531862445714,15,72
2023,White non-Hispanic,Female,65,79,72,0.01880517968494178,0.09371830981742298,0.0022420058700184905,0.08887475060822944,0.09856186902661651,7.3960700092681755,7.0326099474915775,7.799146279638197,0.992615029000226,0.03492543368297515,15,72
2005,Total,Both,70,84,77,0.0426297396334793,0.0969447746375095,7.762680152608718e-4,0.09526774954832533,0.09862179972669367,7.149917911014003,7.028336356473255,7.275779934408347,0.9991671705347539,0.012092518333587023,15,77
2005,Total,Male,70,84,77,0.05211426867207334,0.09653995222231043,6.633823634986938e-4,0.09510680175695765,0.09797310268766321,7.17989976796113,7.074872200074016,7.288092625922386,0.9993865339558942,0.010334012525416743,15,77
2005,Total,Female,70,84,77,0.035726026416364125,0.10267280070839545,0.0010283746053574455,0.10045113244387893,0.10489446897291196,6.751030222001798,6.608043182323981,6.900342123541512,0.9986975256009224,0.016019774774439364,15,77
2006,Total,Both,70,84,77,0.041245991479608966,0.09800229860155087,7.357406493100374e-4,0.09641282756349588,0.09959176963960585,7.072764521351506,6.959884165812565,7.189366789429032,0.9992678463293161,0.011461192675260419,15,77
2006,Total,Male,70,84,77,0.050195055250557626,0.0982807039827917,6.366716549511118e-4,0.09690525849497703,0.09965614947060639,7.052729096052372,6.955387943865815,7.1528335131150165,0.9994547433149994,0.009917919466750417,15,77
2006,Total,Female,70,84,77,0.03464852727212567,0.1024500392249719,9.026469326151814e-4,0.10049998908389778,0.10440008936604601,6.765709274526004,6.639335126712805,6.896987620379773,0.9989918692329485,0.014061219020774665,15,77
2007,Total,Both,70,84,77,0.040236972991404836,0.0980995482365683,6.563559200928521e-4,0.09668157747931591,0.09951751899382069,7.0657530337286785,6.965076979089327,7.169382199087902,0.9994183851514526,0.010224556262844211,15,77
2007,Total,Male,70,84,77,0.04888336950369882,0.09852645098877279,9.270485424834206e-4,0.0965236843745721,0.10052921760297348,7.035138012216946,6.894982345306179,7.1811098493723255,0.9988504097374792,0.014441341489947322,15,77
2007,Total,Female,70,84,77,0.033876554570251835,0.10323002572455689,7.413838257062796e-4,0.10162836334509256,0.10483168810402121,6.714588858181945,6.612000561053228,6.820410737170609,0.9993299204161996,0.011549100733675386,15,77
2008,Total,Both,70,84,77,0.04021761185738632,0.09843655000494884,6.359818425044931e-4,0.09706259476632269,0.099810505243575,7.041563123911775,6.944631518179441,7.141238931729476,0.9994576440475365,0.009907173732682434,15,77
2008,Total,Male,70,84,77,0.048639930480215775,0.09845988823983892,7.948187351932069e-4,0.09674278675675811,0.10017698972291973,7.039894041637592,6.919225487580792,7.164846122354692,0.9991535659819603,0.012381497032274758,15,77
2008,Total,Female,70,84,77,0.03393685753515106,0.10355569834439904,7.748791905856289e-4,0.10188167362851258,0.1052297230602855,6.693472127962673,6.586990447203261,6.803453024214566,0.999272643468505,0.012070883553437191,15,77
2009,Total,Both,70,84,77,0.038710960146898156,0.09829872985983988,6.466924368937751e-4,0.09690163578880302,0.09969582393087674,7.051435776924843,6.952620011852583,7.1531009246392765,0.9994376602107472,0.010074020822179586,15,77
2009,Total,Male,70,84,77,0.046748328616766054,0.09840796487397252,8.483013308516153e-4,0.09657532126756502,0.10024060848038002,7.0436085274970734,6.914834128282593,7.177270253541884,0.9990349188872915,0.013214636174700695,15,77
2009,Total,Female,70,84,77,0.032660090943985,0.10319528037241858,7.543299151660381e-4,0.10156564966706164,0.10482491107777553,6.716849627797567,6.612428032928739,6.824622131912943,0.9993058636625239,0.011750771833170292,15,77
2010,Total,Both,70,84,77,0.03848285243515712,0.09873107870176369,7.757675265148433e-4,0.09705513485277935,0.10040702255074803,7.020557150537475,6.903373518616317,7.141787826181107,0.9991980443416311,0.012084721839054046,15,77
2010,Total,Male,70,84,77,0.0464283812554729,0.09820296745567123,8.934129093050835e-4,0.09627286620912928,0.10013306870221317,7.058311968758292,6.922260443463521,7.199818680522634,0.9989251903878067,0.013917373604017924,15,77
2010,Total,Female,70,84,77,0.03242131468782715,0.10391728541262737,8.842695405049874e-4,0.10200693721345565,0.1058276336117991,6.670181748952022,6.549774920816748,6.795098446191881,0.9990595656595489,0.013774940381635634,15,77
2011,Total,Both,70,84,77,0.03814110154100996,0.09989114726215433,9.093800810129411e-4,0.09792655103832237,0.10185574348598628,6.939025124427191,6.805185027737894,7.078235404090669,0.9989237514878132,0.014166106403536802,15,77
2011,Total,Male,70,84,77,0.04580045341538001,0.09860936716996732,0.0010746746159193859,0.09628767381383889,0.10093106052609575,7.029222481117916,6.867530935937524,7.198711456048522,0.9984583317231701,0.016741025316209253,15,77
2011,Total,Female,70,84,77,0.0322091655515799,0.10540867916977438,8.760797314271369e-4,0.10351602397743685,0.10730133436211191,6.57580747638002,6.459818833387178,6.6960375208289395,0.9991028025051168,0.013647361485590044,15,77
2012,Total,Both,70,84,77,0.03760410009788308,0.10032287295744508,8.396143303169094e-4,0.09850899647471142,0.10213674944017873,6.90916398351116,6.786462114362863,7.0363845472518385,0.9990902797760464,0.013079312148507874,15,77
2012,Total,Male,70,84,77,0.04501922349229355,0.09858597654273057,0.0010230874621565888,0.09637573045666742,0.10079622262879373,7.030890242888767,6.876717822180956,7.192134132478498,0.9986019233254909,0.015937412916380362,15,77
2012,Total,Female,70,84,77,0.03180473824402786,0.10609768375013169,7.640177801336804e-4,0.10444712368495061,0.10774824381531277,6.533103796991091,6.433025319169405,6.636345321013548,0.9993263321696421,0.011901687087220994,15,77
2013,Total,Both,70,84,77,0.03753418698208645,0.10042882541603416,9.27143460979082e-4,0.09842585374289052,0.10243179708917781,6.901874812221785,6.766914183458938,7.042328353794062,0.9988932754232119,0.014442820107675244,15,77
2013,Total,Male,70,84,77,0.04493501193210304,0.09854556704223413,0.0010093808452044633,0.09636493230182049,0.10072620178264778,7.033773322983468,6.881498242688176,7.192940045752002,0.9986379678519711,0.015723894500670126,15,77
2013,Total,Female,70,84,77,0.03169257982082169,0.10620051044517256,9.530164482952865e-4,0.10414164358118193,0.1082593773091632,6.526778239147841,6.402652571892047,6.655811803273622,0.9989542291636417,0.014845863344437648,15,77
2014,Total,Both,70,84,77,0.0371482469802205,0.09989050878998101,0.0010065215191257337,0.09771605124800646,0.10206496633195557,6.939069476733587,6.791235087518248,7.093483329578224,0.9986818398339731,0.015679352599742877,15,77
2014,Total,Male,70,84,77,0.0444632673444557,0.09752722269723663,0.0010821839393091732,0.09518930643422566,0.0998651389602476,7.107217465955638,6.940832284185376,7.281775721718272,0.9984019174347271,0.016858003768211196,15,77
2014,Total,Female,70,84,77,0.03133003224937879,0.10601775794570309,0.00102986993698808,0.10379285921360074,0.10824265667780544,6.538029043350832,6.403641612596075,6.67817791909443,0.9987747676785617,0.016043068694583898,15,77
2015,Total,Both,70,84,77,0.0373584405089674,0.10013127365153607,0.0011030112237831876,0.0977483627759482,0.10251418452712394,6.922384538642209,6.761475826562786,7.091138520127725,0.9984250049831059,0.017182446247341564,15,77
2015,Total,Male,70,84,77,0.044586118961069704,0.09762460924412567,0.0011569267926871346,0.09512522086338235,0.10012399762486898,7.100127579784949,6.922887589416227,7.2866814317880495,0.9981775974628956,0.018022330143907434,15,77
2015,Total,Female,70,84,77,0.03157276125808253,0.10620215434297384,0.001129363295629793,0.1037623132773357,0.10864199540861197,6.526677211476009,6.380103549764146,6.6801438659843955,0.9985320676083368,0.017592952548861653,15,77
2016,Total,Both,70,84,77,0.036806498579980036,0.09864052659830809,0.0010697215023610861,0.09632953379346292,0.10095151940315326,7.0270020291217135,6.866139159251669,7.195583257426534,0.9984734516602516,0.016663866892398693,15,77
2016,Total,Male,70,84,77,0.04392622132800673,0.09570542079059034,0.0010515636984606877,0.09343365553616179,0.0979771860450189,7.242507005706565,7.074577343356806,7.41860282124652,0.9984330310572418,0.016381008946113922,15,77
2016,Total,Female,70,84,77,0.031072384122206854,0.1050716775715966,0.0011578512653946254,0.10257029198899227,0.10757306315420094,6.596898389555356,6.443501376979024,6.7577771996040825,0.9984238682280323,0.018036731359653103,15,77
2017,Total,Both,70,84,77,0.03672999501238984,0.10108182495540399,0.001136802395346968,0.09862591269190459,0.1035377372189034,6.857287953257205,6.694633272644034,7.0280432559874315,0.998358451710752,0.01770883707320997,15,77
2017,Total,Male,70,84,77,0.04382391389082333,0.09841138546092111,0.0011735270954824162,0.09587613430633109,0.10094663661551113,7.04336370546467,6.866471274323156,7.229611264314126,0.9981548281723764,0.018280925708775035,15,77
2017,Total,Female,70,84,77,0.03098905487162425,0.10715103777410824,0.0011597798133269497,0.10464548581699842,0.10965658973121806,6.468879769706122,6.321071832152862,6.623765709035026,0.9984793097911213,0.018066773820208427,15,77
2018,Total,Both,70,84,77,0.03626327032136152,0.10074785565842857,0.0011446622398722985,0.09827496323317196,0.10322074808368518,6.880019192765385,6.71519237583885,7.053141082488635,0.9983246781618247,0.01783127586001193,15,77
2018,Total,Male,70,84,77,0.0432975698075503,0.09751755229991552,0.0011940774889968525,0.09493790471929892,0.10009719988053212,7.10792225822249,6.924740965653679,7.301058335017613,0.9980546528451912,0.018601054846457257,15,77
2018,Total,Female,70,84,77,0.03053675713343359,0.10738549593798018,0.0011490932400959664,0.10490303091872358,0.10986796095723678,6.454756059051663,6.308910937463695,6.607503848930538,0.9985136651858599,0.01790030092659647,15,77
2019,Total,Both,70,84,77,0.035633948287034076,0.10079104239674488,0.0012018891942531102,0.09819451865293914,0.10338756614055063,6.877071256307703,6.704357268819383,7.058919276439654,0.9981548729688772,0.018722743731186233,15,77
2019,Total,Male,70,84,77,0.04258846746234475,0.09762000717032472,0.0012814486671450223,0.09485160563495859,0.10038840870569085,7.100462299194068,6.904653530190402,7.307701076010867,0.9977649032211571,0.019962102258965653,15,77
2019,Total,Female,70,84,77,0.029960484210208874,0.10728874776659479,0.0011886719277124278,0.10472077819114765,0.10985671734204193,6.46057666800136,6.309556641873909,6.619003339478039,0.9984068137544428,0.01851684829968453,15,77
2019,Hispanic,Both,70,84,77,0.027472809633758682,0.09902290165160803,0.0017827774969572637,0.09517144502573437,0.10287435827748169,6.999867394298774,6.737803201555127,7.283142337205432,0.9958039544927858,0.027771683417121395,15,77
2019,Hispanic,Male,70,84,77,0.034224749396589725,0.09487871198108479,0.0019641186008185364,0.09063549171830086,0.09912193224386871,7.305613304469526,6.99287397722032,7.647635241107066,0.9944597619700848,0.030596571960723712,15,77
2019,Hispanic,Female,70,84,77,0.022500458784241166,0.10898036966560382,0.0016525219555977547,0.10541031302861383,0.1125504263025938,6.360293901432004,6.158547802354891,6.5757055514272995,0.9970198024069377,0.02574259360409872,15,77
2019,American Indian or Alaska Native non-Hispanic,Both,70,84,77,0.04445847022705944,0.07689316669049147,0.0017799130426019712,0.07304789834202485,0.08073843503895808,9.014418450861632,8.585095564776385,9.488940767528884,0.993082474840117,0.027727061629122758,15,77
2019,American Indian or Alaska Native non-Hispanic,Male,70,84,77,0.051981455670986006,0.07315431342713792,0.0032890298734157253,0.0660487963784408,0.08025983047583504,9.47513752897597,8.63629011487435,10.494471036056574,0.9743944612649553,0.05123572434016762,15,77
2019,American Indian or Alaska Native non-Hispanic,Female,70,84,77,0.038349423384623445,0.08387923987107813,5.8919438579373e-4,0.08260636278744551,0.08515211695471075,8.263632117140167,8.140105088973941,8.390965988219126,0.9993589777588311,0.009178329870853765,15,77
2019,Asian non-Hispanic,Both,70,84,77,0.01998035539937625,0.11449279770365679,0.001729263694192596,0.11075695061996405,0.11822864478734954,6.054067980363509,5.8627685516201735,6.25827252086701,0.9970431898836714,0.026938058137823705,15,77
2019,Asian non-Hispanic,Male,70,84,77,0.024600132309834516,0.10904572588017859,0.001574743677572914,0.10564369899718712,0.11244775276317007,6.35648187918514,6.164171035234519,6.561178632891311,0.997296228535729,0.02453098210590484,15,77
2019,Asian non-Hispanic,Female,70,84,77,0.016427534470659626,0.12223511025170204,0.002127035662846592,0.11763992907450971,0.12683029142889438,5.670606253249513,5.465154836047574,5.892108113401922,0.9960790188849211,0.03313445516690777,15,77
2019,Black non-Hispanic,Both,70,84,77,0.043902392767120456,0.08200367263211782,0.0013894185214683651,0.07900201640762869,0.08500532885660694,8.452635818758013,8.154161508264917,8.773791000263795,0.99628186513307,0.021644030944950446,15,77
2019,Black non-Hispanic,Male,70,84,77,0.055181070569917015,0.07822397328928508,0.0016686019231411504,0.0746191779944174,0.08182876858415276,8.86105820777696,8.470702817030812,9.28912913797848,0.9941195884759692,0.02599308351029001,15,77
2019,Black non-Hispanic,Female,70,84,77,0.036328978535907545,0.09052971628134787,0.0012237756437747042,0.08788590973799443,0.09317352282470132,7.656570781750662,7.439314942121995,7.886897713482814,0.9976300773121234,0.019063685631269624,15,77
2019,White non-Hispanic,Both,70,84,77,0.036181853387749235,0.10205029942552525,0.0010972284877621597,0.09967988139158582,0.10442071745946468,6.792211139623294,6.638023540003157,6.95373199569693,0.9984994282852943,0.01709236416231701,15,77
2019,White non-Hispanic,Male,70,84,77,0.04299720953039081,0.09937600186021565,0.0011942018252699615,0.09679608566741177,0.10195591805301954,6.974995648697363,6.798498741382447,7.160900937064508,0.9981262086365472,0.018602991727318684,15,77
2019,White non-Hispanic,Female,70,84,77,0.030513023722914517,0.10806689921951575,0.0011001784622599918,0.10569010815313383,0.11044369028589766,6.414056344412723,6.276023363269054,6.558297580277315,0.9986544510831019,0.01713831816273613,15,77
2020,Total,Both,70,84,77,0.041351103431840626,0.0997885914915086,0.0011625101160130712,0.09727714107405303,0.10230004190896416,6.946156571604961,6.775629487784281,7.125488813782893,0.9982387966887191,0.018109305825442557,15,77
2020,Total,Male,70,84,77,0.04991338670568007,0.09613177517541865,0.0012329670488881892,0.09346811180854918,0.09879543854228813,7.210385736611117,7.015983640411217,7.415868012608613,0.9978660481554144,0.019206867151905758,15,77
2020,Total,Female,70,84,77,0.034349141179854,0.10698993775772132,0.0011495476131190923,0.10450649112522722,0.10947338439021542,6.4786202804377435,6.331650240109849,6.6325753845219655,0.9985014883378789,0.017907379041376955,15,77
2020,Hispanic,Both,70,84,77,0.039394054710354065,0.09592826765106834,0.0018403948656909896,0.09195233626771447,0.0999041990344222,7.225682247085026,6.938118590201799,7.538113860879871,0.9952378937784053,0.028669233070138432,15,77
2020,Hispanic,Male,70,84,77,0.050642983592730145,0.09024449845289914,0.002126563973784886,0.08565033629797131,0.09483866060782697,7.6807693814345495,7.308698542530242,8.092754920991046,0.9928330395698628,0.03312710730700076,15,77
2020,Hispanic,Female,70,84,77,0.03104206842444429,0.10906957671798961,0.0015682413029774705,0.10568159736126671,0.11245755607471251,6.355091872705688,6.163633683266642,6.558825735671461,0.9973196208215938,0.024429689662494272,15,77
2020,American Indian or Alaska Native non-Hispanic,Both,70,84,77,0.05819577087136043,0.0691021681884235,4.6452140931967637e-4,0.06809863069547335,0.07010570568137366,10.030758784151526,9.887172147018372,10.178577358766482,0.999412894130701,0.007236203924560959,15,77
2020,American Indian or Alaska Native non-Hispanic,Male,70,84,77,0.06783541914355112,0.05964822257751513,8.222582741089112e-4,0.057871841574613045,0.06142460358041721,11.620583994085896,11.284520211066168,11.977278788792026,0.9975357016224051,0.012808943636901155,15,77
2020,American Indian or Alaska Native non-Hispanic,Female,70,84,77,0.05023837738376828,0.08143328738353219,4.947562745203575e-4,0.0803644314354701,0.08250214333159427,8.511840831076613,8.401565735983782,8.625049268425657,0.999520361887705,0.0077071954565641155,15,77
2020,Asian non-Hispanic,Both,70,84,77,0.024914745750076267,0.10914129051399495,0.002577083694495837,0.10357383967532481,0.11470874135266508,6.350916113375667,6.042670962877243,6.692299742220323,0.9928040889494238,0.04014519625983345,15,77
2020,Asian non-Hispanic,Male,70,84,77,0.03158820373662692,0.10291019434499563,0.0024473056606704696,0.09762311190289918,0.10819727678709207,6.735456919226507,6.4063274154663175,7.100236481391661,0.9927016993429122,0.03812354494549617,15,77
2020,Asian non-Hispanic,Female,70,84,77,0.01981401765604558,0.1185324646877656,0.002971159400478374,0.11211366504561734,0.12495126432991385,5.847741227568424,5.547340271242081,6.182539659888152,0.9918980850795622,0.04628401378900039,15,77
2020,Black non-Hispanic,Both,70,84,77,0.055985308236057116,0.07965994480893715,0.0010917019036882443,0.07730146623400831,0.08201842338386599,8.70132639713027,8.451115639175962,8.966805085709996,0.997564363848404,0.01700627235134181,15,77
2020,Black non-Hispanic,Male,70,84,77,0.07109009141600706,0.074805602190344,0.001188854592991103,0.07223723799055419,0.07737396639013382,9.265979555865638,8.958403102472081,9.595427508601338,0.996727279400412,0.018519693815908136,15,77
2020,Black non-Hispanic,Female,70,84,77,0.045760388665427185,0.08922610467946289,0.0011238868794645458,0.0867980946916579,0.09165411466726787,7.768434843704283,7.562641165388799,7.985741887794723,0.9979416943999679,0.017507642241624086,15,77
2020,White non-Hispanic,Both,70,84,77,0.0407675371736559,0.10294752271528645,0.0010247784954483137,0.10073362337390282,0.10516142205667009,6.733014668812632,6.591268613564559,6.880991245466504,0.9987134920473861,0.015963755430410155,15,77
2020,White non-Hispanic,Male,70,84,77,0.04884857766883725,0.10010923073113549,0.0011045307079328016,0.09772303720961681,0.10249542425265418,6.923908769427452,6.762713414906382,7.092976235205811,0.9984199750158224,0.017206116409676706,15,77
2020,White non-Hispanic,Female,70,84,77,0.03403915768415017,0.10922217380093178,0.0010362762100618048,0.10698343515727621,0.11146091244458736,6.346213011867669,6.218746692070572,6.479014059895819,0.9988311336725724,0.016142864091368274,15,77
2021,Total,Both,70,84,77,0.041832086993253664,0.0963346910209255,0.001021147430544312,0.09412863611835005,0.09854074592350094,7.195198045628051,7.034117451252588,7.3638290019249375,0.9985414513135539,0.01590719156579269,15,77
2021,Total,Male,70,84,77,0.05018388911439698,0.0935758258675736,0.0011731333925181916,0.09104142525652743,0.09611022647861976,7.407331692064055,7.2120023639122275,7.6135361304687885,0.9979609664880359,0.018274792697728234,15,77
2021,Total,Female,70,84,77,0.03496538970002206,0.1025423242697119,9.00346148464601e-4,0.10059724467060198,0.10448740386882181,6.759620337225781,6.633786991493763,6.890319738175762,0.9989987995720848,0.014025377953030596,15,77
2021,Hispanic,Both,70,84,77,0.037402220503422845,0.09279923339734288,0.0012526382117867738,0.09009307306671113,0.09550539372797462,7.469320113799477,7.257675755300452,7.693678958499853,0.9976369201357966,0.019513299844374953,15,77
2021,Hispanic,Male,70,84,77,0.0461681592409642,0.08902934435805489,0.0015196691973302276,0.0857462986559507,0.09231239006015908,7.785603562037612,7.50871232028797,8.08369797209715,0.9962265964343052,0.02367304496440913,15,77
2021,Hispanic,Female,70,84,77,0.03083057238008826,0.10282702509031331,0.0010682845909262973,0.10051913654389397,0.10513491363673266,6.740904737360162,6.592930517401114,6.895673842734083,0.9985988204616089,0.016641483028156795,15,77
2021,American Indian or Alaska Native non-Hispanic,Both,70,84,77,0.056889121170760094,0.06290540260670677,5.095647821511396e-4,0.061804554822910154,0.06400625039050338,11.018881556065969,10.829367074794115,11.215147209554926,0.9991476931885689,0.007937878862936489,15,77
2021,American Indian or Alaska Native non-Hispanic,Male,70,84,77,0.06501964164045344,0.058264510591326035,6.99174643687133e-4,0.05675403560571081,0.05977498557694126,11.896558874779867,11.595940573966999,12.213178731032796,0.9981314950800891,0.010891576145030946,15,77
2021,American Indian or Alaska Native non-Hispanic,Female,70,84,77,0.05017779782855534,0.06988228319445403,5.182043745754732e-4,0.06876277070597928,0.07100179568292878,9.918782685322373,9.762389442308164,10.080268340607638,0.9992856665479075,0.0080724643768725,15,77
2021,Asian non-Hispanic,Both,70,84,77,0.024958327471910728,0.11022570873982285,0.0019774663732786187,0.10595365236778256,0.11449776511186313,6.288434780637721,6.053805328713165,6.541984774190864,0.9958333938348498,0.030804500382367945,15,77
2021,Asian non-Hispanic,Male,70,84,77,0.030714472773386046,0.10422383313389848,0.0020557266680935543,0.09978270567389447,0.10866496059390249,6.650563117069826,6.37875518264201,6.946566300028574,0.9949679021273699,0.03202362062336293,15,77
2021,Asian non-Hispanic,Female,70,84,77,0.020556721274348228,0.11911988640254212,0.0020986209115407975,0.11458609156345201,0.12365368124163223,5.818903975593054,5.605552326464614,6.049138871065476,0.9959812225760383,0.032691816935839904,15,77
2021,Black non-Hispanic,Both,70,84,77,0.0527545203634678,0.07616963232352005,0.0013145985297282501,0.07332961486406306,0.07900964978297703,9.10004629687456,8.772943336211153,9.452486309179276,0.9961426640992069,0.02047850292621311,15,77
2021,Black non-Hispanic,Male,70,84,77,0.0651664058626866,0.0716244425213682,0.0014223656749249298,0.06855160829923183,0.07469727674350456,9.677522870117336,9.27941701194909,10.111319015803637,0.9948993851412676,0.02215727385768224,15,77
2021,Black non-Hispanic,Female,70,84,77,0.044312096897731496,0.08478758289867677,0.001378887746265749,0.08180867703086363,0.08776648876648992,8.175102495707103,7.897629155521093,8.472783153533268,0.996573537224207,0.021479985035933156,15,77
2021,White non-Hispanic,Both,70,84,77,0.04198418976730142,0.09887059434787238,9.049234609698252e-4,0.09691562606629534,0.10082556262944942,7.010650488467113,6.8747167135320195,7.152068337110019,0.9989121724245679,0.014096682237504278,15,77
2021,White non-Hispanic,Male,70,84,77,0.050232983991941,0.09652084296679819,0.0010427721156643836,0.09426807077228347,0.09877361516131292,7.181321248907639,7.017533775876548,7.352936947594171,0.9984849691015124,0.0162440557623481,15,77
2021,White non-Hispanic,Female,70,84,77,0.03507590232450153,0.10475627141941556,8.076609162339133e-4,0.10301142609093379,0.10650111674789732,6.616760707192154,6.5083559846674595,6.728837827641242,0.9992278424021381,0.012581549471155418,15,77
2022,Total,Both,70,84,77,0.03892589405181914,0.09892127610513085,0.0013366822391478383,0.09603354969202536,0.10180900251823634,7.007058621274631,6.8083093185770744,7.217760696994254,0.9976319512609293,0.020822517694025277,15,77
2022,Total,Male,70,84,77,0.046505278500609426,0.09596220099037542,0.0016364583774350035,0.09242684760415888,0.09949755437659195,7.223127162636306,6.966474552092276,7.49941384486596,0.9962337069343242,0.025492359007777247,15,77
2022,Total,Female,70,84,77,0.0327140467147538,0.10524871426435647,0.0010886796515428903,0.10289676486823437,0.10760066366047857,6.5858018827569325,6.441848562821981,6.736335991200139,0.9986109870163596,0.016959192426936918,15,77
2022,Hispanic,Both,70,84,77,0.03154838945326208,0.09757310958202986,0.0018255269515555573,0.09362929837436117,0.10151692078969855,7.103875068952429,6.827898001318047,7.403101300497966,0.9954701086793245,0.028437624243379686,15,77
2022,Hispanic,Male,70,84,77,0.03887021041339923,0.0927114489549754,0.002278778595392602,0.08778844710247093,0.09763445080747989,7.476392488446241,7.0994118861458535,7.895653738479624,0.992207382985522,0.03549827044427461,15,77
2022,Hispanic,Female,70,84,77,0.026046787397873864,0.10875658727938028,0.0014865406340928483,0.10554511148692777,0.1119680630718328,6.37338112476211,6.190579362931898,6.567307294433951,0.9975771180261479,0.02315697609330051,15,77
2022,American Indian or Alaska Native non-Hispanic,Both,70,84,77,0.04793807335455143,0.06370264949601226,0.002133838681507528,0.05909277129053551,0.06831252770148902,10.880978829669177,10.146706671268975,11.729813400559909,0.9856231930030969,0.033240430971995465,15,77
2022,American Indian or Alaska Native non-Hispanic,Male,70,84,77,0.053414238509338616,0.05495557628443031,0.0034105027868592116,0.04758763296092067,0.062323519607939956,12.612863469440564,11.121759247878533,14.565699897894966,0.9523196554494688,0.05312800046641758,15,77
2022,American Indian or Alaska Native non-Hispanic,Female,70,84,77,0.043287901918518966,0.07440354579557441,8.065340447584907e-4,0.07266113492490801,0.07614595666624081,9.31605037298067,9.102875725865704,9.539448857718524,0.9984747585986405,0.01256399533558851,15,77
2022,Asian non-Hispanic,Both,70,84,77,0.02262678102794885,0.11159052857213438,0.002715286542931382,0.1057245086314702,0.11745654851279855,6.211523409998734,5.901307243711636,6.556163651477322,0.9923618169348118,0.04229808733045053,15,77
2022,Asian non-Hispanic,Male,70,84,77,0.027806445529665134,0.10323016184203884,0.0033442787033430266,0.09600528695286054,0.11045503673121715,6.714580004442772,6.275378661515087,7.21988551422472,0.9865398562577578,0.052096377459542376,15,77
2022,Asian non-Hispanic,Female,70,84,77,0.018699760482569203,0.12358445114303145,0.002279541093108983,0.11865980201435987,0.12850910027170304,5.608692470201821,5.393759501034903,5.841465844314005,0.9955965414115068,0.03551014845217058,15,77
2022,Black non-Hispanic,Both,70,84,77,0.047961861940879404,0.07749944039740257,0.001550799454151394,0.07414914186419429,0.08084973893061086,8.943899168892274,8.57327667013047,9.348013518881432,0.9948215156566759,0.024157984693907994,15,77
2022,Black non-Hispanic,Male,70,84,77,0.06021557759453562,0.0731773869078636,0.0016475398488683154,0.06961809345809505,0.07673668035763215,9.472149933867891,9.032801227907242,9.956422908610225,0.9934535032182082,0.025664983531570634,15,77
2022,Black non-Hispanic,Female,70,84,77,0.03967714246654899,0.08597718118772125,0.0014968596572630783,0.08274341250104647,0.08921094987439604,8.06199006509109,7.769754514842149,8.377067848768975,0.9960750765742069,0.02331772337956965,15,77
2022,White non-Hispanic,Both,70,84,77,0.03952509272333842,0.10096463040815316,0.0011894442728316418,0.09839499228251851,0.10353426853378782,6.865247540231394,6.694857561424126,7.044537170852488,0.9981990146978751,0.018528879708077435,15,77
2022,White non-Hispanic,Male,70,84,77,0.046970450962985834,0.09870060399145276,0.001493376229513097,0.09547436079290608,0.10192684718999945,7.022724811491226,6.800437761680844,7.260034786338652,0.9970327671274812,0.023263459371389152,15,77
2022,White non-Hispanic,Female,70,84,77,0.03331100964519901,0.10659117382105178,9.512258855366083e-4,0.10453617523272243,0.10864617240938113,6.502857185188898,6.379858260888858,6.630691997452886,0.998965766053651,0.014817970384066894,15,77
2023,Total,Both,70,84,77,0.03575740550721295,0.10036301108032084,0.0016105268989062514,0.09688367924753355,0.10384234291310812,6.906400805424395,6.674995585759734,7.154426689236116,0.9966635813355553,0.025088404608830932,15,77
2023,Total,Male,70,84,77,0.04247643539323788,0.09633328266988991,0.0019338358091590506,0.09215548440103734,0.10051108093874249,7.195303236319554,6.896226506432569,7.52149679495519,0.9947885257517376,0.030124833841755277,15,77
2023,Total,Female,70,84,77,0.03023385111732546,0.10765661526714033,0.0013013567142800637,0.10484520501073229,0.11046802552354838,6.438500586703029,6.274640804656979,6.611148125362457,0.9981040344809876,0.020272225077674733,15,77
2023,Hispanic,Both,70,84,77,0.02743068582106889,0.09871109737711325,0.0020136944649358514,0.09436077497137323,0.10306141978285328,7.021978267669988,6.725573760000411,7.345713097102364,0.9946190948400907,0.03136885296928824,15,77
2023,Hispanic,Male,70,84,77,0.033169287773835314,0.09269550405304153,0.002599497006095924,0.08707963219850302,0.09831137590758003,7.477678530808978,7.050528732418057,7.959923153784992,0.9898798456414469,0.040494345491944174,15,77
2023,Hispanic,Female,70,84,77,0.023079165693735946,0.11059749440938535,0.0015249668584744061,0.10730300380619272,0.11389198501257798,6.267295513894793,6.086004914949859,6.459718330084083,0.9975345197929705,0.023755570668485167,15,77
2023,American Indian or Alaska Native non-Hispanic,Both,70,84,77,0.041681962193845214,0.06834047158402744,0.0024754037226869413,0.06299268696944325,0.07368825619861162,10.142557762535954,9.406480982420169,11.0036134971696,0.9832299412409218,0.03856124986621001,15,77
2023,American Indian or Alaska Native non-Hispanic,Male,70,84,77,0.04704126015248263,0.05487395446325415,0.0029321341417541534,0.04853946376686405,0.061208445159644256,12.631624371524108,11.324371641071332,14.280074948688023,0.9642109187091686,0.0456760875994394,15,77
2023,American Indian or Alaska Native non-Hispanic,Female,70,84,77,0.03710376135711662,0.08384251182364402,0.0019176208748351885,0.07969974379067132,0.08798527985661672,8.267252083500606,7.877990292120652,8.696981289933289,0.9932454430251338,0.02987224145518977,15,77
2023,Asian non-Hispanic,Both,70,84,77,0.0203371619336114,0.11490713875677742,0.0024367992560714725,0.10964275402186877,0.12017152349168608,6.032237753540462,5.767981967940182,6.321869481878336,0.9941875775686071,0.037959878675940084,15,77
2023,Asian non-Hispanic,Male,70,84,77,0.02492242577735178,0.10716606268737154,0.002905165017193173,0.10088983524237523,0.11344229013236785,6.467972818801953,6.110130355717964,6.870337124594819,0.99053673502291,0.045255968997638125,15,77
2023,Asian non-Hispanic,Female,70,84,77,0.016842085579719876,0.12543389897172327,0.0021188737482060642,0.12085635053909706,0.1300114474043495,5.5259956538240305,5.331431919253875,5.735297958841741,0.9963041392187781,0.0330073108037659,15,77
2023,Black non-Hispanic,Both,70,84,77,0.043664513710311104,0.07764716260235004,0.0021291924491332256,0.07304732197166537,0.0822470032330347,8.926883576026084,8.427628403627248,9.489015638777463,0.9903195099822013,0.03316805307020922,15,77
2023,Black non-Hispanic,Male,70,84,77,0.054596494478858955,0.0724982877653688,0.0021949288584700074,0.06775643225636455,0.07724014327437306,9.560876565846979,8.973924065595558,10.229983449207305,0.9882243657598103,0.03419207920481954,15,77
2023,Black non-Hispanic,Female,70,84,77,0.036222144320623394,0.0868594030803652,0.002063495598134053,0.08240149186740746,0.09131731429332295,7.9801052733303095,7.590534017825661,8.411828048881578,0.9927164686877534,0.03214464316596444,15,77
2023,White non-Hispanic,Both,70,84,77,0.03655795219595613,0.1023848186238828,0.001407155573820008,0.09934484382743514,0.10542479342033045,6.770019128580635,6.574802359786048,6.977183252348375,0.9975504217967915,0.02192033452377812,15,77
2023,White non-Hispanic,Male,70,84,77,0.043131847155699315,0.09881475554261501,0.0017309795615870734,0.0950752015527846,0.10255430953244543,7.014612106802384,6.758830357496114,7.2905149738243615,0.9960266703441897,0.02696478751159386,15,77
2023,White non-Hispanic,Female,70,84,77,0.03103718366001318,0.10917989310392422,0.0010840337580262037,0.10683798055053684,0.1115218056573116,6.348670628392763,6.215351127741547,6.487834915899319,0.998720066481625,0.01688681980379394,15,77
2005,Total,Both,75,89,82,0.07070397616825744,0.10530368866987593,8.240757979393679e-4,0.10352338114545814,0.1070839961942937,6.5823637264307235,6.472929711198821,6.695561648880279,0.9992044913972769,0.012837256590429379,15,82
2005,Total,Male,75,89,82,0.08593473390310381,0.10350988677180897,7.046680206054182e-4,0.10198754406688135,0.1050322294767366,6.696434535649832,6.599376058312361,6.796390548490838,0.9993978742060087,0.01097715066284145,15,82
2005,Total,Female,75,89,82,0.06119744682965955,0.1127678156564767,9.117028249145502e-4,0.11079820144952272,0.11473742986343068,6.146675596443861,6.041160076402116,6.2559425287758685,0.9991509940345156,0.014202289555054384,15,82
2006,Total,Both,75,89,82,0.0685491011705762,0.10516162967034962,7.211267023646944e-4,0.10360373014522256,0.10671952919547667,6.5912556008570355,6.4950359675061655,6.690368962472228,0.9993890769802038,0.011233540088926252,15,82
2006,Total,Male,75,89,82,0.08317332737277543,0.10377967371631434,5.290566010669649e-4,0.10263671641787453,0.10492263101475416,6.679026400243744,6.606269532666174,6.753403701438283,0.9996622648020904,0.008241517777539153,15,82
2006,Total,Female,75,89,82,0.05932319518634455,0.11234318867856427,9.90293400856952e-4,0.11020378985465097,0.11448258750247757,6.169908373734827,6.054607916203366,6.289685513303535,0.998990888497526,0.015426554836822152,15,82
2007,Total,Both,75,89,82,0.06703661858501592,0.10555392364279062,8.079238490055385e-4,0.10380851028259028,0.10729933700299096,6.566759023621454,6.459939081828845,6.67717105922281,0.9992389646915735,0.012585645375274707,15,82
2007,Total,Male,75,89,82,0.08129105876306335,0.10527049848268726,6.531005099459735e-4,0.1038595606114801,0.1066814363538944,6.5844390456072555,6.497355156154513,6.673889013962652,0.9994998816540133,0.010173844258600103,15,82
2007,Total,Female,75,89,82,0.058121764044962394,0.11200681405235548,9.927537279229013e-4,0.10986210001496426,0.1141515280897467,6.188437609125697,6.0721673389688515,6.309247506333231,0.9989797791038396,0.015464881226119042,15,82
2008,Total,Both,75,89,82,0.06719804064761084,0.10624139390314709,9.237907631322755e-4,0.10424566529334628,0.1082371225129479,6.524266626168699,6.403969030838078,6.649170290289154,0.9990180793105494,0.014390592578803194,15,82
2008,Total,Male,75,89,82,0.08102068550484579,0.10549696723892348,7.45270202313335e-4,0.10388690885325007,0.10710702562459688,6.570304329129627,6.471537945506776,6.672132111843661,0.9993516503940199,0.0116096417832203,15,82
2008,Total,Female,75,89,82,0.05837479030956067,0.11276112790603544,0.0010895361483438475,0.1104073281610702,0.11511492765100069,6.14704014966531,6.021349226413033,6.278090341510049,0.9987877811364774,0.01697253473019381,15,82
2009,Total,Both,75,89,82,0.06458748640398713,0.10573386147595597,8.330982133592045e-4,0.10393406220805959,0.10753366074385234,6.55558371636288,6.445862400342139,6.669105063673678,0.9991935875757275,0.012977805629849673,15,82
2009,Total,Male,75,89,82,0.07783185040178058,0.10541562973269859,6.78506714715102e-4,0.10394980509302855,0.10688145437236864,6.575373901550956,6.485196001778397,6.668095047793712,0.9994617205469513,0.01056961606797229,15,82
2009,Total,Female,75,89,82,0.05601142373002178,0.11179552093350954,0.0010127016953997308,0.10960771193242123,0.11398332993459785,6.200133733194866,6.081127661015555,6.323890612617714,0.9989343990791886,0.01577562591440855,15,82
2010,Total,Both,75,89,82,0.06449678224745137,0.10705685440405023,9.137573148219148e-4,0.10508280174149537,0.10903090706660509,6.474570772870773,6.357345813297817,6.596200035331124,0.9990538390467829,0.01423429390971355,15,82
2010,Total,Male,75,89,82,0.07740970954181588,0.10605923985690474,7.850616204626615e-4,0.10436321733866531,0.10775526237514417,6.535471888117813,6.432606308792517,6.641680835793308,0.9992882219459135,0.012229503021904023,15,82
2010,Total,Female,75,89,82,0.05590185200665024,0.11322387064889348,0.001049343894365418,0.11095690098965583,0.11549084030813114,6.121917371199845,6.001750257514961,6.2469947734441975,0.9988846315171728,0.01634642936639235,15,82
2011,Total,Both,75,89,82,0.06412787902853094,0.10798788784822383,7.19642488197965e-4,0.10643319477286205,0.10954258092358561,6.418749309498103,6.327650624221359,6.512509391822573,0.9994229994977774,0.01121041935398767,15,82
2011,Total,Male,75,89,82,0.0763942479314887,0.10675922216515554,6.084833493254039e-4,0.10544467380929344,0.10807377052101765,6.492621119772238,6.413648540421244,6.5735627558919365,0.999577869647813,0.009478808752576427,15,82
2011,Total,Female,75,89,82,0.05582983842636277,0.11411460923257619,9.014763687531206e-4,0.11216708794098006,0.11606213052417232,6.074131833087619,5.9722079667974315,6.17959504239483,0.9991893799151035,0.01404298425561067,15,82
2012,Total,Both,75,89,82,0.06332082016285921,0.10822015019043378,7.221645052676511e-4,0.10666000862844359,0.10978029175242397,6.404973374553833,6.313949156950026,6.4986604583407095,0.9994214405022859,0.011249706735476072,15,82
2012,Total,Male,75,89,82,0.07512384070496872,0.10705054712665271,6.865255393646735e-4,0.10556739886954807,0.10853369538375736,6.474952246062554,6.386469917098929,6.5659208049303395,0.9994656241446034,0.010694531409300859,15,82
2012,Total,Female,75,89,82,0.055244709924404556,0.11421019061875956,8.62736212330818e-4,0.11234636234684463,0.1160740188906745,6.069048451847103,5.9715962898880335,6.16973408021887,0.9992587449723414,0.013439499321833909,15,82
2013,Total,Both,75,89,82,0.06324233463719064,0.10865130073390579,6.858123177243558e-4,0.10716969329847799,0.11013290816933359,6.379557132569526,6.293733563216226,6.467753701874122,0.9994823226399385,0.010683421012386523,15,82
2013,Total,Male,75,89,82,0.07523040477285677,0.10784794919286392,7.627941776019311e-4,0.1062000325602404,0.10949586582548744,6.427077990332425,6.330350240480046,6.526807608714883,0.9993500918761252,0.011882626098287646,15,82
2013,Total,Female,75,89,82,0.05500580916217396,0.11460672627115692,7.670695522842644e-4,0.11294957325307504,0.1162638792892388,6.048049735928891,5.961844596940968,6.136784412694312,0.9994179774865656,0.011949226867239452,15,82
2014,Total,Both,75,89,82,0.06230053235848795,0.10790670433609259,6.167825025652391e-4,0.10657422674969597,0.10923918192248921,6.423578449778507,6.345224930847328,6.503891247439173,0.9995754526182308,0.009608090985945566,15,82
2014,Total,Male,75,89,82,0.07397299002058567,0.10682311595362526,7.772175202218164e-4,0.1051440395836843,0.10850219232356621,6.488737707865204,6.3883241961867405,6.592358285875714,0.9993122996183742,0.012107309495817497,15,82
2014,Total,Female,75,89,82,0.05413684810137168,0.11387358009584636,6.033188659080069e-4,0.11257018892808603,0.1151769712636067,6.086988570803952,6.018105641739201,6.157466618473504,0.9996352185348426,0.009398357659422225,15,82
2015,Total,Both,75,89,82,0.06284003154745345,0.10891351110738048,7.209166009749576e-4,0.10735606547871049,0.11047095673605048,6.36419828460543,6.2744743146933155,6.456525557909921,0.9994307505822324,0.011230267179496314,15,82
2015,Total,Male,75,89,82,0.07421328087603178,0.10711914651562658,8.361223144135205e-4,0.10531281407459848,0.10892547895665468,6.470805669263139,6.363499038051264,6.581793361527245,0.9992085838122443,0.013024914356118194,15,82
2015,Total,Female,75,89,82,0.05475678891092991,0.11515326547143134,7.274252117996175e-4,0.11358175884393865,0.11672477209892404,6.019344546784996,5.938303995766248,6.102627636822649,0.9994815077158923,0.011331656769400946,15,82
2016,Total,Both,75,89,82,0.061634403127572505,0.10812154741984614,9.113153878561178e-4,0.10615277021976956,0.11009032461992273,6.410814468538723,6.296168014337097,6.529713535736402,0.9990773109845579,0.014196254152796274,15,82
2016,Total,Male,75,89,82,0.07283672230014489,0.1063689933053417,0.0011512449168324587,0.10388187987110475,0.10885610673957866,6.516440167579704,6.367554391947825,6.672455113634765,0.9984794949878929,0.017933819234542268,15,82
2016,Total,Female,75,89,82,0.05361920820802303,0.11434470989957808,8.07002530434746e-4,0.11260128692714069,0.11608813287201547,6.061908602231741,5.97087026392374,6.155766061612157,0.9993528873898528,0.012571293293919612,15,82
2017,Total,Both,75,89,82,0.06200605557049435,0.10925029949966814,7.369434777374766e-4,0.10765822990877941,0.11084236909055686,6.344579225268402,6.253449707427785,6.4384040230576,0.9994088337625848,0.011479930050142572,15,82
2017,Total,Male,75,89,82,0.07323505628451574,0.10749990099001946,8.593972760278894e-4,0.10564328605143931,0.10935651592859962,6.447886688047263,6.3384168256833515,6.5612042796779475,0.9991698539766878,0.013387486167016143,15,82
2017,Total,Female,75,89,82,0.05387334602793901,0.11518746203424245,7.556588616981998e-4,0.11355496031445131,0.11681996375403358,6.017557538978412,5.933465122617042,6.104067833236991,0.9994408329371259,0.011771473845862544,15,82
2018,Total,Both,75,89,82,0.06127171298295982,0.10948502529044714,8.848825234032303e-4,0.1075733528222351,0.11139669775865918,6.330977032896793,6.222331491923108,6.443484026247379,0.9991515299837265,0.013784489283290029,15,82
2018,Total,Male,75,89,82,0.07232782660888994,0.1075385780527496,0.0010947308048130126,0.1051735559347673,0.10990360017073192,6.44556765684538,6.306865102536788,6.5905081785944555,0.9986546206215848,0.017053455851965073,15,82
2018,Total,Female,75,89,82,0.05322100439095668,0.115715647279369,8.326168128510035e-4,0.11391688801404175,0.11751440654469626,5.990090336586025,5.898401744438957,6.084674473151916,0.9993273992895078,0.012970306487341189,15,82
2019,Total,Both,75,89,82,0.06041868373981591,0.11037837585077101,9.083689977113965e-4,0.10841596393961278,0.11234078776192924,6.27973708815089,6.170040235331547,6.3934051349303616,0.9991203340973265,0.014150355988576575,15,82
2019,Total,Male,75,89,82,0.07129880570932215,0.10797608607832514,0.0010623265898913065,0.10568106901059696,0.11027110314605332,6.419450877828086,6.285846071947576,6.558858526406857,0.9987432232449583,0.01654867070647053,15,82
2019,Total,Female,75,89,82,0.05239114352535005,0.11674302193214536,8.970869510621465e-4,0.11480498340094893,0.1186810604633418,5.937375691395275,5.840419506312421,6.0376053375590315,0.9992329612213088,0.013974606951820767,15,82
2019,Hispanic,Both,75,89,82,0.046384420419940044,0.11201690540864431,9.422442965958117e-4,0.10998131036354789,0.11405250045374074,6.187880106411646,6.077439580915485,6.302408820814354,0.9990810244512632,0.01467805732981742,15,82
2019,Hispanic,Male,75,89,82,0.056862176829712896,0.10956656629794863,0.0011860904267324641,0.10700417371630523,0.11212895887959203,6.32626542913687,6.181696392136048,6.477758357329607,0.9984788860957934,0.018476634292003313,15,82
2019,Hispanic,Female,75,89,82,0.03980903776349548,0.12088470533165713,8.667553591806774e-4,0.11901219422086204,0.12275721644245222,5.733952683743068,5.646488252565487,5.824169406318208,0.9993321121327805,0.013502108634612268,15,82
2019,American Indian or Alaska Native non-Hispanic,Both,75,89,82,0.06569724809365979,0.08296562647241773,7.052818472311269e-4,0.08144195767568743,0.08448929526914803,8.354630827628174,8.203964518248902,8.510934662451858,0.9990614345453726,0.010986712707881438,15,82
2019,American Indian or Alaska Native non-Hispanic,Male,75,89,82,0.07548424935723591,0.08369595291551483,0.0015666770245316957,0.08031135297691618,0.0870805528541135,8.28172876243644,7.9598389978205395,8.630749637092729,0.9954656019450664,0.02440532170527783,15,82
2019,American Indian or Alaska Native non-Hispanic,Female,75,89,82,0.058626282705095005,0.0853515052812051,4.4050870050621157e-4,0.08439984409173232,0.08630316647067787,8.12108911584223,8.031538226299578,8.212659490301652,0.9996538378325579,0.0068621396634328926,15,82
2019,Asian non-Hispanic,Both,75,89,82,0.03650093009856963,0.12744603132307528,0.0010229770132859184,0.12523602384729046,0.1296560387988601,5.438750609682144,5.346046254237711,5.534726824329323,0.999163128324013,0.01593569237016791,15,82
2019,Asian non-Hispanic,Male,75,89,82,0.043772359642706093,0.12176023619349263,0.0011917075534156568,0.11918570854742348,0.12433476383956178,5.692722043167241,5.574846158507718,5.815690396169814,0.9987562551801373,0.018564136554190123,15,82
2019,Asian non-Hispanic,Female,75,89,82,0.031246127885352977,0.13689824565808942,0.0010016049233714556,0.1347344097754789,0.13906208154069993,5.063229095653401,4.984444162494999,5.144544602340294,0.9993045940982029,0.015602763041589482,15,82
2019,Black non-Hispanic,Both,75,89,82,0.06729998239445262,0.09007648369555496,4.5677827463156003e-4,0.08908967422808778,0.09106329316302214,7.695095902085599,7.611707818638497,7.780331296142657,0.9996658155603082,0.007115583215817713,15,82
2019,Black non-Hispanic,Male,75,89,82,0.08295818455390755,0.086733082768427,3.762147358532301e-4,0.08592032024499026,0.08754584529186375,7.991727705685426,7.917533701903319,8.067325384536849,0.9997554660413788,0.005860583588700253,15,82
2019,Black non-Hispanic,Female,75,89,82,0.05804826037393461,0.09777673021683295,5.896846934375417e-4,0.09650279388793462,0.09905066654573128,7.089081205955639,6.997905261343417,7.182664383425762,0.9995273858282453,0.009185967766600243,15,82
2019,White non-Hispanic,Both,75,89,82,0.06158761569300406,0.11066837076198718,8.505128596513752e-4,0.10883094943807782,0.11250579208589655,6.263281692749292,6.160991071737333,6.369026312265421,0.9992327714463075,0.01324908684383894,15,82
2019,White non-Hispanic,Male,75,89,82,0.07237607750098304,0.10854388559186277,9.854261976022006e-4,0.10641500172130566,0.11067276946241988,6.385870348941227,6.263032757983984,6.513622791411074,0.9989296748105256,0.01535073470326738,15,82
2019,White non-Hispanic,Female,75,89,82,0.05346476198898226,0.11669624051540547,8.364089419574663e-4,0.11488928885321535,0.1185031921775956,5.939755878154794,5.849185729285297,6.033174958942628,0.9993326141141489,0.01302937937175962,15,82
2020,Total,Both,75,89,82,0.06961319997194067,0.10843395088300432,9.307265700514583e-4,0.10642323837332804,0.11044466339268061,6.392344601625942,6.2759680664288355,6.513118668015114,0.999043155727438,0.014498636927764619,15,82
2020,Total,Male,75,89,82,0.08261612242874912,0.10496174677531357,0.001053876829509036,0.10268498430506987,0.10723850924555728,6.60380759519686,6.463603284271329,6.750229210734977,0.9986911431089392,0.01641704235089196,15,82
2020,Total,Female,75,89,82,0.05993804426922636,0.11593979737284599,8.930827315021779e-4,0.1140104094320805,0.11786918531361147,5.978509504643018,5.880647929445738,6.079683285172959,0.9992292264720214,0.013912230172810548,15,82
2020,Hispanic,Both,75,89,82,0.06531780641449005,0.10818761197589609,8.8272097137e-4,0.10628060925694595,0.11009461469484623,6.4068997170801465,6.295922670524528,6.521859306283989,0.9991353119039503,0.013750817140322688,15,82
2020,Hispanic,Male,75,89,82,0.08188189898407132,0.10432205359830408,0.0010559554072206313,0.10204080063392224,0.10660330656268593,6.644301532147115,6.502117081634368,6.792843414142292,0.9986698390689218,0.016449421939630792,15,82
2020,Hispanic,Female,75,89,82,0.054848471259334744,0.11982440404929927,8.761183702257651e-4,0.11793166538291226,0.12171714271568627,5.784691240982632,5.694737529117302,5.877532368506508,0.9993054929721931,0.013647963391596237,15,82
2020,American Indian or Alaska Native non-Hispanic,Both,75,89,82,0.08302925256272499,0.0725541607382655,6.567991639732766e-4,0.07113523241082667,0.07397308906570432,9.553513864772407,9.37026139254883,9.744076979418843,0.9989358043756841,0.010231461010489239,15,82
2020,American Indian or Alaska Native non-Hispanic,Male,75,89,82,0.09312281899216349,0.064493474620841,0.0013040558913888648,0.06167623314680885,0.06731071609487314,10.747555231517259,10.297724059018595,11.238481100329796,0.994713088447611,0.020314272216075513,15,82
2020,American Indian or Alaska Native non-Hispanic,Female,75,89,82,0.07566115469043673,0.08349937842230583,3.707252336273729e-4,0.0826984752474174,0.08430028159719426,8.301225633732138,8.222359017398764,8.38161983623261,0.9997438054515808,0.005775069429925933,15,82
2020,Asian non-Hispanic,Both,75,89,82,0.04439344720582347,0.12504032958080244,8.820239972145647e-4,0.12313483258297207,0.12694582657863282,5.543388944060851,5.46018092316407,5.629172233558536,0.9993535676198835,0.013739959842859768,15,82
2020,Asian non-Hispanic,Male,75,89,82,0.05448251729996624,0.1178490460799746,9.717590570875803e-4,0.11574968827140875,0.11994840388854044,5.881652873876997,5.778711163210124,5.988328702317197,0.9991168698832579,0.01513783124210234,15,82
2020,Asian non-Hispanic,Female,75,89,82,0.0371579320147003,0.13705877314330658,9.600166404362307e-4,0.13498478328362545,0.13913276300298771,5.057298884728824,4.981911992540971,5.135002358773492,0.9993626025997621,0.01495491067105531,15,82
2020,Black non-Hispanic,Both,75,89,82,0.0854132568726001,0.08868613269527836,9.315715987434906e-4,0.086673594612102,0.09069867077845473,7.815733525573478,7.642308036168055,7.997212803530858,0.998567673919774,0.014511800583550918,15,82
2020,Black non-Hispanic,Male,75,89,82,0.10582505048565827,0.08405158123636461,9.489881957581557e-4,0.08200141688289551,0.0861017455898337,8.24668816890809,8.050326689796952,8.452868339455819,0.9983455483392802,0.014783112185430788,15,82
2020,Black non-Hispanic,Female,75,89,82,0.07305274063009627,0.09728227954771697,9.09260051210007e-4,0.09531794263250912,0.09924661646292482,7.125112443730891,6.98408878068787,7.271948611315711,0.9988656184326756,0.014164236607842502,15,82
2020,White non-Hispanic,Both,75,89,82,0.0694877965516557,0.1102279828057742,8.841412335500463e-4,0.10831791179692633,0.11213805381462207,6.2883050466531385,6.181195026853262,6.399192608692944,0.9991643203238174,0.013772941646437933,15,82
2020,White non-Hispanic,Male,75,89,82,0.08207719926943426,0.10718339520252494,9.796199169672562e-4,0.1050670550386622,0.10929973536638768,6.466926889657034,6.341709595512021,6.59718862687151,0.9989152436882243,0.015260285845852562,15,82
2020,White non-Hispanic,Female,75,89,82,0.05992995797304414,0.11724296091965006,9.065314599909868e-4,0.11528451876738807,0.11920140307191204,5.912057961714041,5.814924679550812,6.0124914253103015,0.9992233986295962,0.01412173126343542,15,82
2021,Total,Both,75,89,82,0.06927097089536019,0.10366059707363083,0.0010778077671031831,0.10133213495588897,0.10598905919137269,6.686698708358762,6.539799351444438,6.840349123816252,0.9985965768657663,0.016789832799432986,15,82
2021,Total,Male,75,89,82,0.08220747644901116,0.10213560744829393,0.0011821059404965731,0.09958182282582667,0.1046893920707612,6.786537994703272,6.620987731893947,6.96057935967182,0.9982616141783115,0.018414564914017613,15,82
2021,Total,Female,75,89,82,0.05966381352529074,0.10925113939412939,0.00105592972783027,0.10696994190669759,0.1115323368815612,6.344530449786701,6.214764255285124,6.479831326491036,0.9987870738782294,0.0164490219122013,15,82
2021,Hispanic,Both,75,89,82,0.060933056626439934,0.10249610089574746,9.482772384286299e-4,0.10044747247220914,0.10454472931928577,6.762668769858579,6.630149459214084,6.900593549048422,0.9988884824571729,0.014772037061410897,15,82
2021,Hispanic,Male,75,89,82,0.07393314902221945,0.09983567572620528,0.0010218340413532302,0.09762813749115905,0.1020432139612515,6.942880643797809,6.792682763041466,7.099870983636402,0.998639991833889,0.015917887425510795,15,82
2021,Hispanic,Female,75,89,82,0.05285337439017796,0.11237521401504089,0.0010303919019599072,0.11014918764617362,0.11460124038390815,6.168150037669079,6.048339252157643,6.292803382141184,0.9989082259893861,0.016051199740649464,15,82
2021,American Indian or Alaska Native non-Hispanic,Both,75,89,82,0.07829715783788749,0.06405422474729623,6.226569042468768e-4,0.06270905628763113,0.06539939320696134,10.821256260527974,10.59867907896987,11.053382423435755,0.9987730913082837,0.00969960101680802,15,82
2021,American Indian or Alaska Native non-Hispanic,Male,75,89,82,0.08746545037050245,0.05877312648641138,8.315464663755599e-4,0.05697667956406123,0.060569573408761526,11.79360741886352,11.443818101246194,12.165454109704854,0.9974044457607162,0.012953632884766898,15,82
2021,American Indian or Alaska Native non-Hispanic,Female,75,89,82,0.07163511704123979,0.07202245619442928,5.472993139025166e-4,0.07084008791097068,0.07320482447788787,9.624042516527757,9.468599720081512,9.784674200730358,0.9992498788551368,0.00852569841500125,15,82
2021,Asian non-Hispanic,Both,75,89,82,0.04469686060682727,0.12402733603714558,0.0010569569061040195,0.12174391946596658,0.12631075260832458,5.588664585622891,5.487633999848901,5.693485010179207,0.9990567794510316,0.016465023050806764,15,82
2021,Asian non-Hispanic,Male,75,89,82,0.05332920019994282,0.11805211427195783,0.0010900748282875467,0.11569715077972635,0.12040707776418931,5.8715355064555235,5.756697973498171,5.991047972128676,0.998892796839275,0.01698092615811182,15,82
2021,Asian non-Hispanic,Female,75,89,82,0.038665983727308464,0.13473110858737686,0.0011791969661954014,0.1321836084218123,0.13727860875294143,5.144670654219549,5.049200213030957,5.243820991389773,0.9990051719345723,0.018369249604901043,15,82
2021,Black non-Hispanic,Both,75,89,82,0.0789285715694006,0.08501145996858851,7.597031156859001e-4,0.08337022116924357,0.08665269876793345,8.15357342193701,7.999141289485725,8.314085903080906,0.9989628882079098,0.01183447427165687,15,82
2021,Black non-Hispanic,Male,75,89,82,0.09584780245372562,0.08208732764007656,0.0011253898823038718,0.07965607061204692,0.0845185846681062,8.444021756916568,8.201121484485887,8.701749599673525,0.9975625413149066,0.0175310556620313,15,82
2021,Black non-Hispanic,Female,75,89,82,0.06867359684741803,0.09161415873863599,6.148254053720556e-4,0.09028590920367317,0.0929424082735988,7.565939480352699,7.457813859519288,7.6772465014036255,0.9994148495222515,0.009577603791801377,15,82
2021,White non-Hispanic,Both,75,89,82,0.07017248873285689,0.10462794185423174,0.0010408955332827253,0.10237922376947561,0.10687665993898787,6.624876378870589,6.485486924419594,6.770389098873078,0.9987149978652353,0.016214822808769475,15,82
2021,White non-Hispanic,Male,75,89,82,0.08309240928186491,0.10332522457067037,0.0011161072360508224,0.10091402148065486,0.10573642766068587,6.708402361960124,6.55542461472496,6.8686904989989035,0.9984854478774944,0.017386452808645057,15,82
2021,White non-Hispanic,Female,75,89,82,0.06036379918482556,0.10995050513646952,0.001062575545153154,0.10765495023359678,0.11224606003934226,6.304174589281037,6.175247312172892,6.438600167069968,0.9987873330169247,0.01655254887227016,15,82
2022,Total,Both,75,89,82,0.06519222208536893,0.1081230205569474,8.394477932488265e-4,0.10630950385567578,0.10993653725821903,6.410727123507163,6.304975559962204,6.520086684826897,0.9992170136040892,0.013076717873709192,15,82
2022,Total,Male,75,89,82,0.07702783442415155,0.10713206802744527,9.057581377072267e-4,0.10517529653640646,0.10908883951848407,6.470025206480414,6.353969696803843,6.590399108787035,0.9990716206168052,0.014109684633005852,15,82
2022,Total,Female,75,89,82,0.05644699505587653,0.11320171975337506,9.013544878411247e-4,0.11125446176948102,0.1151489777372691,6.12311528543964,6.019568685546405,6.230286583886807,0.9991764864316767,0.014041085623780102,15,82
2022,Hispanic,Both,75,89,82,0.05267800163749472,0.10989873793418947,0.0010022842694461282,0.10773343441361236,0.11206404145476659,6.307144136405113,6.185277378557925,6.433909624553514,0.9989198839269514,0.015613345733007043,15,82
2022,Hispanic,Male,75,89,82,0.06357802945758662,0.10739918986078524,0.001219222134837574,0.1047652205754165,0.11003315914615398,6.453933046035338,6.299439059449862,6.61619549649089,0.9983274464558972,0.018992752153112736,15,82
2022,Hispanic,Female,75,89,82,0.04592164749496897,0.11961723672203811,9.972213087890123e-4,0.11746287106297353,0.1217716023811027,5.794709855826663,5.6921906832648554,5.9009896002655955,0.9990972932215868,0.015534476137242712,15,82
2022,American Indian or Alaska Native non-Hispanic,Both,75,89,82,0.06604851012999227,0.0706260266817807,0.0011014138290309891,0.06824656676774749,0.0730054865958139,9.814330681280639,9.494453264827495,10.156513556481473,0.9968483068366437,0.017157562412187743,15,82
2022,American Indian or Alaska Native non-Hispanic,Male,75,89,82,0.07085822632612662,0.06715190640021641,0.0017010627484758335,0.06347698375573277,0.07082682904470006,10.322077476533286,9.78650590332779,10.919661577293288,0.9917270672494263,0.026498750519320532,15,82
2022,American Indian or Alaska Native non-Hispanic,Female,75,89,82,0.06269219082112155,0.07649389690893105,5.589207029955907e-4,0.07528642214073122,0.07770137167713087,9.06147037305687,8.92065565380428,9.206801981694133,0.9993064323055537,0.00870673364755881,15,82
2022,Asian non-Hispanic,Both,75,89,82,0.04079060616959119,0.12831269604170528,9.650495506299641e-4,0.1262278332405908,0.13039755884281976,5.402015559977422,5.315645374891257,5.491238839842903,0.9992651747524579,0.015033312147855261,15,82
2022,Asian non-Hispanic,Male,75,89,82,0.04820125151394531,0.12284765048925114,0.001100973767957901,0.12046914126936716,0.12522615970913514,5.642331601780157,5.53516279801225,5.753732227658856,0.9989569374498087,0.017150707245557666,15,82
2022,Asian non-Hispanic,Female,75,89,82,0.03580436629684135,0.13874947600694648,0.0011347736848036172,0.13629794650611796,0.141201005507775,4.995674221683136,4.908939409229478,5.085529153800071,0.9991311962628494,0.017677234303346053,15,82
2022,Black non-Hispanic,Both,75,89,82,0.07225231395483951,0.0876743880983139,8.834894331775191e-4,0.08576572521856111,0.0895830509780667,7.905925499961094,7.737481286830182,8.081866955518226,0.9986816593039277,0.013762788055410516,15,82
2022,Black non-Hispanic,Male,75,89,82,0.08916792297749311,0.08465258881301378,0.0010691820058509234,0.08234276151951943,0.08696241610650814,8.18813919667613,7.970652283982151,8.4178277212094,0.9979304951885981,0.01665546274420272,15,82
2022,Black non-Hispanic,Female,75,89,82,0.0621784478922469,0.09516237418851534,7.561379649178201e-4,0.09352883742914532,0.09679591094788535,7.283836563249571,7.160913862705769,7.411053099906787,0.9991799155087921,0.011778937201756441,15,82
2022,White non-Hispanic,Both,75,89,82,0.06657718933057809,0.10841699710362929,8.067145983306362e-4,0.10667419617068481,0.11015979803657376,6.39334420872594,6.2921972708212115,6.497796144166582,0.9992807564761899,0.012566807956150535,15,82
2022,White non-Hispanic,Male,75,89,82,0.07836745964691481,0.10769288957827909,8.344110229588161e-4,0.10589025415767181,0.10949552499888637,6.436331899666552,6.330369944954326,6.545901566425945,0.9992201868451948,0.012998256265248424,15,82
2022,White non-Hispanic,Female,75,89,82,0.05767464450019827,0.11304846330971985,9.318857410473449e-4,0.11103524656335656,0.11506168005608314,6.131416210947724,6.024135752425072,6.242586944357677,0.9991174163284179,0.014516694217571683,15,82
2023,Total,Both,75,89,82,0.06041072947880363,0.11089641617901252,8.402672112024237e-4,0.10908112923287741,0.11271170312514764,6.250401991720319,6.149735664896487,6.354418820510601,0.9992542055482964,0.013089482571509365,15,82
2023,Total,Male,75,89,82,0.07061598178578747,0.10903551110734155,9.684043432252081e-4,0.10694340071745538,0.11112762149722773,6.357077373421643,6.2373977884268585,6.481439489578615,0.998975585407128,0.015085572308219768,15,82
2023,Total,Female,75,89,82,0.05278859266866491,0.11625235629350592,7.989949580710056e-4,0.11452623262941751,0.11797847995759432,5.962435538166084,5.875200128100372,6.05230054849374,0.9993862926991619,0.012446553238020856,15,82
2023,Hispanic,Both,75,89,82,0.046141852569399594,0.11230212189137546,0.0010099333007609404,0.11012029364329352,0.1144839501394574,6.172164593919194,6.054535851668251,6.294454524478639,0.9989497409035474,0.015732500521804395,15,82
2023,Hispanic,Male,75,89,82,0.05437003444917465,0.10920605857462123,0.001113755222885343,0.10679993670012801,0.11161218044911446,6.3471495044051345,6.210318423767025,6.490145986754264,0.9986496618024612,0.017349813707503107,15,82
2023,Hispanic,Female,75,89,82,0.041076454148466474,0.12188440018619147,0.0010602426550531964,0.11959388518596965,0.12417491518641328,5.686922850677271,5.58202258096478,5.795841313141509,0.9990172780694675,0.016516207665690234,15,82
2023,American Indian or Alaska Native non-Hispanic,Both,75,89,82,0.05866345470966087,0.07517336378115466,0.0013481455302732656,0.0722608724332019,0.07808585512910743,9.220648720440943,8.876731636144514,9.592289121622382,0.9958363242589438,0.021001090114081633,15,82
2023,American Indian or Alaska Native non-Hispanic,Male,75,89,82,0.0626653670292199,0.06661985047814988,0.0012118656664267013,0.06400177387655824,0.06923792707974151,10.404514203875094,10.011090883204025,10.830124519624016,0.9957166773529934,0.018878154839581735,15,82
2023,American Indian or Alaska Native non-Hispanic,Female,75,89,82,0.05588865430487561,0.08612679373148106,0.001480948462193483,0.0829273990919215,0.08932618837104063,8.047985423920247,7.7597308605710325,8.358482095786233,0.9961710420609116,0.02306986257079512,15,82
2023,Asian non-Hispanic,Both,75,89,82,0.03729124046295948,0.1307238487018986,0.0011239161484736535,0.12829577548224375,0.13315192192155345,5.3023773966492636,5.205686636414557,5.40272801621498,0.9990399709210535,0.017508098187279813,15,82
2023,Asian non-Hispanic,Male,75,89,82,0.04412948339692535,0.1257932977387882,0.001247845251412911,0.12309749196951981,0.1284891035080566,5.510207562880469,5.3945989320135865,5.630879796735221,0.9987224008928915,0.01943863624874347,15,82
2023,Asian non-Hispanic,Female,75,89,82,0.03246404962554904,0.1390468077193549,0.001142394368836465,0.13657881473160102,0.14151480070710878,4.9849916868207345,4.8980543172621385,5.07507099049065,0.9991232566457959,0.017795947504933674,15,82
2023,Black non-Hispanic,Both,75,89,82,0.0658345254710917,0.08964530978820212,8.365092300510586e-4,0.08783814146675799,0.09145247810964625,7.732107593778071,7.579315453091405,7.891186778152225,0.9988693235207888,0.013030941635805754,15,82
2023,Black non-Hispanic,Male,75,89,82,0.080131511653032,0.0842930771857439,0.0010279435433157118,0.08207234017415134,0.08651381419733646,8.22306177092766,8.01198267572493,8.445563743998758,0.9980704357111645,0.0160130597925773,15,82
2023,Black non-Hispanic,Female,75,89,82,0.0570781984654841,0.09819982569861135,8.318359411141753e-4,0.09640275340410906,0.09999689799311365,7.058537788929569,6.931686827002167,7.190118083602378,0.9990680505610786,0.012958142253329044,15,82
2023,White non-Hispanic,Both,75,89,82,0.062219367549353845,0.11158148103206517,8.940652381514985e-4,0.10964997051472973,0.1135129915494006,6.212027068907211,6.10632466908679,6.321453414954015,0.9991660592395175,0.01392753542748575,15,82
2023,White non-Hispanic,Male,75,89,82,0.07234597462538885,0.10994972745184967,9.82694477979538e-4,0.10782674510274361,0.11207270980095572,6.304219179292605,6.184798973728699,6.4283418728764765,0.9989626118005622,0.015308180625333144,15,82
2023,White non-Hispanic,Female,75,89,82,0.05446713930232694,0.11643326279031237,8.826302312972665e-4,0.11452645610337125,0.11834006947725348,5.953171490248897,5.857248382748138,6.052288738720009,0.9992535125729486,0.013749403613072371,15,82
